2026-06-03 11:41:38,478 INFO run_pipeline - Pipeline log file: /sat_data/modis/processed/pipeline.log
2026-06-03 11:41:38,478 INFO run_pipeline - Running daily batches for years=[2024] months=[6] days=all
2026-06-03 11:41:38,478 INFO run_pipeline - === Batch 2024-06-01 ===
2026-06-03 11:41:38,478 INFO run_pipeline - Starting download: /home/Daniele/miniforge3/envs/satpy/bin/python /home/Daniele/codes/MODIS-processing/scripts/0_download_modis.py --config /home/Daniele/codes/MODIS-processing/config/pipeline_config.yaml --date 2024-06-01 --log-level INFO
2026-06-03 11:41:39,548 INFO run_pipeline - [download] 2026-06-03 11:41:39,548 INFO download_modis - Searching CMR for MOD021KM between 2024-06-01 00:00:00 and 2024-06-02 00:00:00
2026-06-03 11:41:39,975 INFO run_pipeline - [download] 2026-06-03 11:41:39,975 INFO download_modis - Downloading 5 granules with 6 workers for MOD021KM
2026-06-03 11:41:50,549 INFO run_pipeline - [download] 2026-06-03 11:41:50,549 INFO download_modis - Searching CMR for MOD35_L2 between 2024-06-01 00:00:00 and 2024-06-02 00:00:00
2026-06-03 11:41:50,975 INFO run_pipeline - [download] 2026-06-03 11:41:50,975 INFO download_modis - Downloading 5 granules with 6 workers for MOD35_L2
2026-06-03 11:41:54,500 INFO run_pipeline - [download] 2026-06-03 11:41:54,500 INFO download_modis - terra [2024-06-01 - 2024-06-02] L1 downloaded=5 skipped=5 | L2 downloaded=5 skipped=0
2026-06-03 11:41:54,501 INFO run_pipeline - [download] 2026-06-03 11:41:54,500 INFO download_modis - Searching CMR for MYD021KM between 2024-06-01 00:00:00 and 2024-06-02 00:00:00
2026-06-03 11:41:54,864 INFO run_pipeline - [download] 2026-06-03 11:41:54,864 INFO download_modis - Downloading 4 granules with 6 workers for MYD021KM
2026-06-03 11:42:03,120 INFO run_pipeline - [download] 2026-06-03 11:42:03,120 INFO download_modis - Searching CMR for MYD35_L2 between 2024-06-01 00:00:00 and 2024-06-02 00:00:00
2026-06-03 11:42:03,399 INFO run_pipeline - [download] 2026-06-03 11:42:03,399 INFO download_modis - Downloading 4 granules with 6 workers for MYD35_L2
2026-06-03 11:42:07,194 INFO run_pipeline - [download] 2026-06-03 11:42:07,193 INFO download_modis - aqua [2024-06-01 - 2024-06-02] L1 downloaded=4 skipped=4 | L2 downloaded=4 skipped=0
2026-06-03 11:42:07,396 INFO run_pipeline - Finished download in 28.92s with return code 0
2026-06-03 11:42:07,396 INFO run_pipeline - Starting process: /home/Daniele/miniforge3/envs/satpy/bin/python /home/Daniele/codes/MODIS-processing/scripts/1_process_modis.py --config /home/Daniele/codes/MODIS-processing/config/pipeline_config.yaml --date 2024-06-01 --log-level INFO
2026-06-03 11:42:08,425 INFO run_pipeline - [process] 2026-06-03 11:42:08,425 INFO process_modis - Day terra /sat_data/modis/raw/radiances/2024/06/01: found 5 L1 files and 5 L2 files (dir totals: 9 radiance, 9 cloud)
2026-06-03 11:42:08,426 INFO run_pipeline - [process] 2026-06-03 11:42:08,425 INFO process_modis - Processing 5 granules with 5 workers
2026-06-03 11:42:08,426 INFO run_pipeline - [process] 2026-06-03 11:42:08,426 INFO process_modis - Processing granule MOD021KM.A2024153.0940.061.2024153191129.hdf timestamp=20240601T0940 matched_L2=MOD35_L2.A2024153.0940.061.2024153191320.hdf
2026-06-03 11:42:08,426 INFO run_pipeline - [process] 2026-06-03 11:42:08,426 INFO process_modis - Step: loading BT datasets for MOD021KM.A2024153.0940.061.2024153191129.hdf
2026-06-03 11:42:08,427 INFO run_pipeline - [process] 2026-06-03 11:42:08,427 INFO process_modis - Processing granule MOD021KM.A2024153.0945.061.2024153191208.hdf timestamp=20240601T0945 matched_L2=MOD35_L2.A2024153.0945.061.2024153191354.hdf
2026-06-03 11:42:08,427 INFO run_pipeline - [process] 2026-06-03 11:42:08,427 INFO process_modis - Step: loading BT datasets for MOD021KM.A2024153.0945.061.2024153191208.hdf
2026-06-03 11:42:08,427 INFO run_pipeline - [process] 2026-06-03 11:42:08,427 INFO process_modis - Processing granule MOD021KM.A2024153.1910.061.2024154073429.hdf timestamp=20240601T1910 matched_L2=MOD35_L2.A2024153.1910.061.2024154073523.hdf
2026-06-03 11:42:08,428 INFO run_pipeline - [process] 2026-06-03 11:42:08,427 INFO process_modis - Step: loading BT datasets for MOD021KM.A2024153.1910.061.2024154073429.hdf
2026-06-03 11:42:08,428 INFO run_pipeline - [process] 2026-06-03 11:42:08,428 INFO process_modis - Processing granule MOD021KM.A2024153.2045.061.2024154073432.hdf timestamp=20240601T2045 matched_L2=MOD35_L2.A2024153.2045.061.2024154073524.hdf
2026-06-03 11:42:08,428 INFO run_pipeline - [process] 2026-06-03 11:42:08,428 INFO process_modis - Step: loading BT datasets for MOD021KM.A2024153.2045.061.2024154073432.hdf
2026-06-03 11:42:08,428 INFO run_pipeline - [process] 2026-06-03 11:42:08,428 INFO process_modis - Processing granule MOD021KM.A2024153.2050.061.2024154073447.hdf timestamp=20240601T2050 matched_L2=MOD35_L2.A2024153.2050.061.2024154073602.hdf
2026-06-03 11:42:08,429 INFO run_pipeline - [process] 2026-06-03 11:42:08,428 INFO process_modis - Step: loading BT datasets for MOD021KM.A2024153.2050.061.2024154073447.hdf
2026-06-03 11:42:10,590 INFO run_pipeline - [process] 2026-06-03 11:42:10,590 INFO process_modis - Step: loaded BT datasets for MOD021KM.A2024153.0940.061.2024153191129.hdf: bt_ir_105,bt_wv_63
2026-06-03 11:42:10,594 INFO run_pipeline - [process] 2026-06-03 11:42:10,594 INFO process_modis - Step: loaded BT datasets for MOD021KM.A2024153.0945.061.2024153191208.hdf: bt_ir_105,bt_wv_63
2026-06-03 11:42:10,629 INFO run_pipeline - [process] 2026-06-03 11:42:10,629 INFO process_modis - Step: loaded BT datasets for MOD021KM.A2024153.1910.061.2024154073429.hdf: bt_ir_105,bt_wv_63
2026-06-03 11:42:10,712 INFO run_pipeline - [process] 2026-06-03 11:42:10,712 INFO process_modis - Step: loaded BT datasets for MOD021KM.A2024153.2045.061.2024154073432.hdf: bt_ir_105,bt_wv_63
2026-06-03 11:42:10,735 INFO run_pipeline - [process] 2026-06-03 11:42:10,735 INFO process_modis - Step: loaded BT datasets for MOD021KM.A2024153.2050.061.2024154073447.hdf: bt_ir_105,bt_wv_63
2026-06-03 11:45:09,873 INFO run_pipeline - [process] 2026-06-03 11:45:09,872 INFO process_modis - Step: keeping native L1 grid for ir_105
2026-06-03 11:45:10,246 INFO run_pipeline - [process] 2026-06-03 11:45:10,246 INFO process_modis - Step: keeping native L1 grid for wv_63
2026-06-03 11:45:10,816 INFO run_pipeline - [process] 2026-06-03 11:45:10,815 INFO process_modis - Step: loading/resampling cloud mask from MOD35_L2.A2024153.0940.061.2024153191320.hdf
2026-06-03 11:45:10,816 INFO run_pipeline - [process] 2026-06-03 11:45:10,816 INFO process_modis - Step: keeping native L1 grid for cloud mask
2026-06-03 11:45:10,821 INFO run_pipeline - [process] 2026-06-03 11:45:10,821 INFO process_modis - Step: prepared Dataset for MOD021KM.A2024153.0940.061.2024153191129.hdf with vars=bt_ir_105,bt_wv_63,cloud_mask coords=time,crs,latitude,longitude
2026-06-03 11:45:12,377 INFO run_pipeline - [process] 2026-06-03 11:45:12,377 INFO process_modis - Wrote /sat_data/modis/processed/2024/06/01/20240601T0940_modis_terra_bt_ir_105_bt_wv_63_cloud_mask.nc
2026-06-03 11:46:16,279 INFO run_pipeline - [process] 2026-06-03 11:46:16,279 INFO process_modis - Step: keeping native L1 grid for ir_105
2026-06-03 11:46:16,533 INFO run_pipeline - [process] 2026-06-03 11:46:16,533 INFO process_modis - Step: keeping native L1 grid for wv_63
2026-06-03 11:46:17,003 INFO run_pipeline - [process] 2026-06-03 11:46:17,002 INFO process_modis - Step: loading/resampling cloud mask from MOD35_L2.A2024153.0945.061.2024153191354.hdf
2026-06-03 11:46:17,003 INFO run_pipeline - [process] 2026-06-03 11:46:17,003 INFO process_modis - Step: keeping native L1 grid for cloud mask
2026-06-03 11:46:17,008 INFO run_pipeline - [process] 2026-06-03 11:46:17,008 INFO process_modis - Step: prepared Dataset for MOD021KM.A2024153.0945.061.2024153191208.hdf with vars=bt_ir_105,bt_wv_63,cloud_mask coords=time,crs,latitude,longitude
2026-06-03 11:46:18,577 INFO run_pipeline - [process] 2026-06-03 11:46:18,576 INFO process_modis - Step: keeping native L1 grid for ir_105
2026-06-03 11:46:18,655 INFO run_pipeline - [process] 2026-06-03 11:46:18,655 INFO process_modis - Wrote /sat_data/modis/processed/2024/06/01/20240601T0945_modis_terra_bt_ir_105_bt_wv_63_cloud_mask.nc
2026-06-03 11:46:18,942 INFO run_pipeline - [process] 2026-06-03 11:46:18,942 INFO process_modis - Step: keeping native L1 grid for wv_63
2026-06-03 11:46:19,527 INFO run_pipeline - [process] 2026-06-03 11:46:19,526 INFO process_modis - Step: loading/resampling cloud mask from MOD35_L2.A2024153.2045.061.2024154073524.hdf
2026-06-03 11:46:19,527 INFO run_pipeline - [process] 2026-06-03 11:46:19,527 INFO process_modis - Step: keeping native L1 grid for cloud mask
2026-06-03 11:46:19,531 INFO run_pipeline - [process] 2026-06-03 11:46:19,531 INFO process_modis - Step: prepared Dataset for MOD021KM.A2024153.2045.061.2024154073432.hdf with vars=bt_ir_105,bt_wv_63,cloud_mask coords=time,crs,latitude,longitude
2026-06-03 11:46:21,028 INFO run_pipeline - [process] 2026-06-03 11:46:21,028 INFO process_modis - Wrote /sat_data/modis/processed/2024/06/01/20240601T2045_modis_terra_bt_ir_105_bt_wv_63_cloud_mask.nc
2026-06-03 11:46:24,204 INFO run_pipeline - [process] 2026-06-03 11:46:24,203 INFO process_modis - Step: keeping native L1 grid for ir_105
2026-06-03 11:46:24,322 INFO run_pipeline - [process] 2026-06-03 11:46:24,322 INFO process_modis - Step: keeping native L1 grid for ir_105
2026-06-03 11:46:24,514 INFO run_pipeline - [process] 2026-06-03 11:46:24,514 INFO process_modis - Step: keeping native L1 grid for wv_63
2026-06-03 11:46:24,618 INFO run_pipeline - [process] 2026-06-03 11:46:24,617 INFO process_modis - Step: keeping native L1 grid for wv_63
2026-06-03 11:46:24,973 INFO run_pipeline - [process] 2026-06-03 11:46:24,972 INFO process_modis - Step: loading/resampling cloud mask from MOD35_L2.A2024153.2050.061.2024154073602.hdf
2026-06-03 11:46:24,973 INFO run_pipeline - [process] 2026-06-03 11:46:24,973 INFO process_modis - Step: keeping native L1 grid for cloud mask
2026-06-03 11:46:24,977 INFO run_pipeline - [process] 2026-06-03 11:46:24,977 INFO process_modis - Step: prepared Dataset for MOD021KM.A2024153.2050.061.2024154073447.hdf with vars=bt_ir_105,bt_wv_63,cloud_mask coords=time,crs,latitude,longitude
2026-06-03 11:46:25,070 INFO run_pipeline - [process] 2026-06-03 11:46:25,069 INFO process_modis - Step: loading/resampling cloud mask from MOD35_L2.A2024153.1910.061.2024154073523.hdf
2026-06-03 11:46:25,070 INFO run_pipeline - [process] 2026-06-03 11:46:25,070 INFO process_modis - Step: keeping native L1 grid for cloud mask
2026-06-03 11:46:25,074 INFO run_pipeline - [process] 2026-06-03 11:46:25,074 INFO process_modis - Step: prepared Dataset for MOD021KM.A2024153.1910.061.2024154073429.hdf with vars=bt_ir_105,bt_wv_63,cloud_mask coords=time,crs,latitude,longitude
2026-06-03 11:46:26,644 INFO run_pipeline - [process] 2026-06-03 11:46:26,644 INFO process_modis - Wrote /sat_data/modis/processed/2024/06/01/20240601T2050_modis_terra_bt_ir_105_bt_wv_63_cloud_mask.nc
2026-06-03 11:46:28,016 INFO run_pipeline - [process] 2026-06-03 11:46:28,015 INFO process_modis - Wrote /sat_data/modis/processed/2024/06/01/20240601T1910_modis_terra_bt_ir_105_bt_wv_63_cloud_mask.nc
2026-06-03 11:46:28,180 INFO run_pipeline - [process] 2026-06-03 11:46:28,180 INFO process_modis - Processed 5 files for terra in /sat_data/modis/raw/radiances/2024/06/01
2026-06-03 11:46:28,182 INFO run_pipeline - [process] 2026-06-03 11:46:28,182 INFO process_modis - Day aqua /sat_data/modis/raw/radiances/2024/06/01: found 4 L1 files and 4 L2 files (dir totals: 9 radiance, 9 cloud)
2026-06-03 11:46:28,182 INFO run_pipeline - [process] 2026-06-03 11:46:28,182 INFO process_modis - Processing 4 granules with 5 workers
2026-06-03 11:46:28,183 INFO run_pipeline - [process] 2026-06-03 11:46:28,183 INFO process_modis - Processing granule MYD021KM.A2024153.0135.061.2024153153018.hdf timestamp=20240601T0135 matched_L2=MYD35_L2.A2024153.0135.061.2024153153255.hdf
2026-06-03 11:46:28,183 INFO run_pipeline - [process] 2026-06-03 11:46:28,183 INFO process_modis - Step: loading BT datasets for MYD021KM.A2024153.0135.061.2024153153018.hdf
2026-06-03 11:46:28,197 INFO run_pipeline - [process] 2026-06-03 11:46:28,197 INFO process_modis - Processing granule MYD021KM.A2024153.0140.061.2024153152703.hdf timestamp=20240601T0140 matched_L2=MYD35_L2.A2024153.0140.061.2024153152835.hdf
2026-06-03 11:46:28,197 INFO run_pipeline - [process] 2026-06-03 11:46:28,197 INFO process_modis - Step: loading BT datasets for MYD021KM.A2024153.0140.061.2024153152703.hdf
2026-06-03 11:46:28,208 INFO run_pipeline - [process] 2026-06-03 11:46:28,208 INFO process_modis - Processing granule MYD021KM.A2024153.0315.061.2024153153202.hdf timestamp=20240601T0315 matched_L2=MYD35_L2.A2024153.0315.061.2024153153259.hdf
2026-06-03 11:46:28,208 INFO run_pipeline - [process] 2026-06-03 11:46:28,208 INFO process_modis - Step: loading BT datasets for MYD021KM.A2024153.0315.061.2024153153202.hdf
2026-06-03 11:46:28,235 INFO run_pipeline - [process] 2026-06-03 11:46:28,235 INFO process_modis - Processing granule MYD021KM.A2024153.1245.061.2024154170150.hdf timestamp=20240601T1245 matched_L2=MYD35_L2.A2024153.1245.061.2024154170324.hdf
2026-06-03 11:46:28,236 INFO run_pipeline - [process] 2026-06-03 11:46:28,235 INFO process_modis - Step: loading BT datasets for MYD021KM.A2024153.1245.061.2024154170150.hdf
2026-06-03 11:46:29,329 INFO run_pipeline - [process] 2026-06-03 11:46:29,329 INFO process_modis - Step: loaded BT datasets for MYD021KM.A2024153.0140.061.2024153152703.hdf: bt_ir_105,bt_wv_63
2026-06-03 11:46:29,352 INFO run_pipeline - [process] 2026-06-03 11:46:29,352 INFO process_modis - Step: loaded BT datasets for MYD021KM.A2024153.0135.061.2024153153018.hdf: bt_ir_105,bt_wv_63
2026-06-03 11:46:29,387 INFO run_pipeline - [process] 2026-06-03 11:46:29,387 INFO process_modis - Step: loaded BT datasets for MYD021KM.A2024153.1245.061.2024154170150.hdf: bt_ir_105,bt_wv_63
2026-06-03 11:46:29,399 INFO run_pipeline - [process] 2026-06-03 11:46:29,399 INFO process_modis - Step: loaded BT datasets for MYD021KM.A2024153.0315.061.2024153153202.hdf: bt_ir_105,bt_wv_63
2026-06-03 11:49:31,557 INFO run_pipeline - [process] 2026-06-03 11:49:31,557 INFO process_modis - Step: keeping native L1 grid for ir_105
2026-06-03 11:49:31,870 INFO run_pipeline - [process] 2026-06-03 11:49:31,870 INFO process_modis - Step: keeping native L1 grid for wv_63
2026-06-03 11:49:32,325 INFO run_pipeline - [process] 2026-06-03 11:49:32,325 INFO process_modis - Step: loading/resampling cloud mask from MYD35_L2.A2024153.1245.061.2024154170324.hdf
2026-06-03 11:49:32,326 INFO run_pipeline - [process] 2026-06-03 11:49:32,325 INFO process_modis - Step: keeping native L1 grid for cloud mask
2026-06-03 11:49:32,330 INFO run_pipeline - [process] 2026-06-03 11:49:32,330 INFO process_modis - Step: prepared Dataset for MYD021KM.A2024153.1245.061.2024154170150.hdf with vars=bt_ir_105,bt_wv_63,cloud_mask coords=time,crs,latitude,longitude
2026-06-03 11:49:33,810 INFO run_pipeline - [process] 2026-06-03 11:49:33,809 INFO process_modis - Wrote /sat_data/modis/processed/2024/06/01/20240601T1245_modis_aqua_bt_ir_105_bt_wv_63_cloud_mask.nc
2026-06-03 11:49:46,135 INFO run_pipeline - [process] 2026-06-03 11:49:46,135 INFO process_modis - Step: keeping native L1 grid for ir_105
2026-06-03 11:49:46,493 INFO run_pipeline - [process] 2026-06-03 11:49:46,493 INFO process_modis - Step: keeping native L1 grid for wv_63
2026-06-03 11:49:47,151 INFO run_pipeline - [process] 2026-06-03 11:49:47,150 INFO process_modis - Step: loading/resampling cloud mask from MYD35_L2.A2024153.0140.061.2024153152835.hdf
2026-06-03 11:49:47,151 INFO run_pipeline - [process] 2026-06-03 11:49:47,150 INFO process_modis - Step: keeping native L1 grid for cloud mask
2026-06-03 11:49:47,155 INFO run_pipeline - [process] 2026-06-03 11:49:47,155 INFO process_modis - Step: prepared Dataset for MYD021KM.A2024153.0140.061.2024153152703.hdf with vars=bt_ir_105,bt_wv_63,cloud_mask coords=time,crs,latitude,longitude
2026-06-03 11:49:48,629 INFO run_pipeline - [process] 2026-06-03 11:49:48,629 INFO process_modis - Wrote /sat_data/modis/processed/2024/06/01/20240601T0140_modis_aqua_bt_ir_105_bt_wv_63_cloud_mask.nc
2026-06-03 11:49:50,398 INFO run_pipeline - [process] 2026-06-03 11:49:50,397 INFO process_modis - Step: keeping native L1 grid for ir_105
2026-06-03 11:49:50,660 INFO run_pipeline - [process] 2026-06-03 11:49:50,660 INFO process_modis - Step: keeping native L1 grid for wv_63
2026-06-03 11:49:51,139 INFO run_pipeline - [process] 2026-06-03 11:49:51,139 INFO process_modis - Step: loading/resampling cloud mask from MYD35_L2.A2024153.0315.061.2024153153259.hdf
2026-06-03 11:49:51,140 INFO run_pipeline - [process] 2026-06-03 11:49:51,139 INFO process_modis - Step: keeping native L1 grid for cloud mask
2026-06-03 11:49:51,146 INFO run_pipeline - [process] 2026-06-03 11:49:51,146 INFO process_modis - Step: prepared Dataset for MYD021KM.A2024153.0315.061.2024153153202.hdf with vars=bt_ir_105,bt_wv_63,cloud_mask coords=time,crs,latitude,longitude
2026-06-03 11:49:52,445 INFO run_pipeline - [process] 2026-06-03 11:49:52,444 INFO process_modis - Step: keeping native L1 grid for ir_105
2026-06-03 11:49:52,658 INFO run_pipeline - [process] 2026-06-03 11:49:52,658 INFO process_modis - Wrote /sat_data/modis/processed/2024/06/01/20240601T0315_modis_aqua_bt_ir_105_bt_wv_63_cloud_mask.nc
2026-06-03 11:49:52,803 INFO run_pipeline - [process] 2026-06-03 11:49:52,803 INFO process_modis - Step: keeping native L1 grid for wv_63
2026-06-03 11:49:53,221 INFO run_pipeline - [process] 2026-06-03 11:49:53,221 INFO process_modis - Step: loading/resampling cloud mask from MYD35_L2.A2024153.0135.061.2024153153255.hdf
2026-06-03 11:49:53,222 INFO run_pipeline - [process] 2026-06-03 11:49:53,221 INFO process_modis - Step: keeping native L1 grid for cloud mask
2026-06-03 11:49:53,226 INFO run_pipeline - [process] 2026-06-03 11:49:53,225 INFO process_modis - Step: prepared Dataset for MYD021KM.A2024153.0135.061.2024153153018.hdf with vars=bt_ir_105,bt_wv_63,cloud_mask coords=time,crs,latitude,longitude
2026-06-03 11:49:54,671 INFO run_pipeline - [process] 2026-06-03 11:49:54,670 INFO process_modis - Wrote /sat_data/modis/processed/2024/06/01/20240601T0135_modis_aqua_bt_ir_105_bt_wv_63_cloud_mask.nc
2026-06-03 11:49:54,830 INFO run_pipeline - [process] 2026-06-03 11:49:54,830 INFO process_modis - Processed 4 files for aqua in /sat_data/modis/raw/radiances/2024/06/01
2026-06-03 11:49:55,226 INFO run_pipeline - Finished process in 467.83s with return code 0
2026-06-03 11:49:55,226 INFO run_pipeline - Starting upload: /home/Daniele/miniforge3/envs/satpy/bin/python /home/Daniele/codes/MODIS-processing/scripts/2_upload_s3.py --config /home/Daniele/codes/MODIS-processing/config/pipeline_config.yaml --credentials /home/Daniele/codes/MODIS-processing/s3_credentials.py --date 2024-06-01 --log-level INFO --verify
2026-06-03 11:50:02,170 INFO run_pipeline - [upload] 2026-06-03 11:50:02,170 INFO upload_s3 - Uploaded 9 files
2026-06-03 11:50:02,417 INFO run_pipeline - Finished upload in 7.19s with return code 0
2026-06-03 11:50:02,417 INFO run_pipeline - Batch 2024-06-01 finished in download=28.92s process=467.83s upload=7.19s | L1=9 L2=9 processed=9 uploaded=9 errors=0 failed_stage=none
2026-06-03 11:50:02,417 INFO run_pipeline - === Batch 2024-06-02 ===
2026-06-03 11:50:02,418 INFO run_pipeline - Starting download: /home/Daniele/miniforge3/envs/satpy/bin/python /home/Daniele/codes/MODIS-processing/scripts/0_download_modis.py --config /home/Daniele/codes/MODIS-processing/config/pipeline_config.yaml --date 2024-06-02 --log-level INFO
2026-06-03 11:50:03,497 INFO run_pipeline - [download] 2026-06-03 11:50:03,496 INFO download_modis - Searching CMR for MOD021KM between 2024-06-02 00:00:00 and 2024-06-03 00:00:00
2026-06-03 11:50:04,179 INFO run_pipeline - [download] 2026-06-03 11:50:04,179 INFO download_modis - Downloading 7 granules with 6 workers for MOD021KM
2026-06-03 11:50:16,402 INFO run_pipeline - [download] 2026-06-03 11:50:16,402 INFO download_modis - Searching CMR for MOD35_L2 between 2024-06-02 00:00:00 and 2024-06-03 00:00:00
2026-06-03 11:50:16,709 INFO run_pipeline - [download] 2026-06-03 11:50:16,709 INFO download_modis - Downloading 7 granules with 6 workers for MOD35_L2
2026-06-03 11:50:23,302 INFO run_pipeline - [download] 2026-06-03 11:50:23,302 INFO download_modis - terra [2024-06-02 - 2024-06-03] L1 downloaded=7 skipped=7 | L2 downloaded=7 skipped=0
2026-06-03 11:50:23,303 INFO run_pipeline - [download] 2026-06-03 11:50:23,302 INFO download_modis - Searching CMR for MYD021KM between 2024-06-02 00:00:00 and 2024-06-03 00:00:00
2026-06-03 11:50:23,622 INFO run_pipeline - [download] 2026-06-03 11:50:23,622 INFO download_modis - Downloading 6 granules with 6 workers for MYD021KM
2026-06-03 11:50:32,657 INFO run_pipeline - [download] 2026-06-03 11:50:32,657 INFO download_modis - Searching CMR for MYD35_L2 between 2024-06-02 00:00:00 and 2024-06-03 00:00:00
2026-06-03 11:50:32,941 INFO run_pipeline - [download] 2026-06-03 11:50:32,941 INFO download_modis - Downloading 6 granules with 6 workers for MYD35_L2
2026-06-03 11:50:36,362 INFO run_pipeline - [download] 2026-06-03 11:50:36,362 INFO download_modis - aqua [2024-06-02 - 2024-06-03] L1 downloaded=6 skipped=6 | L2 downloaded=6 skipped=0
2026-06-03 11:50:36,571 INFO run_pipeline - Finished download in 34.15s with return code 0
2026-06-03 11:50:36,572 INFO run_pipeline - Starting process: /home/Daniele/miniforge3/envs/satpy/bin/python /home/Daniele/codes/MODIS-processing/scripts/1_process_modis.py --config /home/Daniele/codes/MODIS-processing/config/pipeline_config.yaml --date 2024-06-02 --log-level INFO
2026-06-03 11:50:37,612 INFO run_pipeline - [process] 2026-06-03 11:50:37,612 INFO process_modis - Day terra /sat_data/modis/raw/radiances/2024/06/02: found 7 L1 files and 7 L2 files (dir totals: 13 radiance, 13 cloud)
2026-06-03 11:50:37,613 INFO run_pipeline - [process] 2026-06-03 11:50:37,612 INFO process_modis - Processing 7 granules with 5 workers
2026-06-03 11:50:37,613 INFO run_pipeline - [process] 2026-06-03 11:50:37,613 INFO process_modis - Processing granule MOD021KM.A2024154.0840.061.2024154191250.hdf timestamp=20240602T0840 matched_L2=MOD35_L2.A2024154.0840.061.2024154191445.hdf
2026-06-03 11:50:37,614 INFO run_pipeline - [process] 2026-06-03 11:50:37,613 INFO process_modis - Step: loading BT datasets for MOD021KM.A2024154.0840.061.2024154191250.hdf
2026-06-03 11:50:37,614 INFO run_pipeline - [process] 2026-06-03 11:50:37,614 INFO process_modis - Processing granule MOD021KM.A2024154.0845.061.2024154193019.hdf timestamp=20240602T0845 matched_L2=MOD35_L2.A2024154.0845.061.2024154193142.hdf
2026-06-03 11:50:37,614 INFO run_pipeline - [process] 2026-06-03 11:50:37,614 INFO process_modis - Step: loading BT datasets for MOD021KM.A2024154.0845.061.2024154193019.hdf
2026-06-03 11:50:37,615 INFO run_pipeline - [process] 2026-06-03 11:50:37,614 INFO process_modis - Processing granule MOD021KM.A2024154.1020.061.2024154191243.hdf timestamp=20240602T1020 matched_L2=MOD35_L2.A2024154.1020.061.2024154191439.hdf
2026-06-03 11:50:37,615 INFO run_pipeline - [process] 2026-06-03 11:50:37,615 INFO process_modis - Step: loading BT datasets for MOD021KM.A2024154.1020.061.2024154191243.hdf
2026-06-03 11:50:37,615 INFO run_pipeline - [process] 2026-06-03 11:50:37,615 INFO process_modis - Processing granule MOD021KM.A2024154.1025.061.2024154191241.hdf timestamp=20240602T1025 matched_L2=MOD35_L2.A2024154.1025.061.2024154191405.hdf
2026-06-03 11:50:37,616 INFO run_pipeline - [process] 2026-06-03 11:50:37,615 INFO process_modis - Step: loading BT datasets for MOD021KM.A2024154.1025.061.2024154191241.hdf
2026-06-03 11:50:37,616 INFO run_pipeline - [process] 2026-06-03 11:50:37,616 INFO process_modis - Processing granule MOD021KM.A2024154.1950.061.2024155074923.hdf timestamp=20240602T1950 matched_L2=MOD35_L2.A2024154.1950.061.2024155075023.hdf
2026-06-03 11:50:37,616 INFO run_pipeline - [process] 2026-06-03 11:50:37,616 INFO process_modis - Step: loading BT datasets for MOD021KM.A2024154.1950.061.2024155074923.hdf
2026-06-03 11:50:39,795 INFO run_pipeline - [process] 2026-06-03 11:50:39,794 INFO process_modis - Step: loaded BT datasets for MOD021KM.A2024154.0840.061.2024154191250.hdf: bt_ir_105,bt_wv_63
2026-06-03 11:50:39,868 INFO run_pipeline - [process] 2026-06-03 11:50:39,868 INFO process_modis - Step: loaded BT datasets for MOD021KM.A2024154.1020.061.2024154191243.hdf: bt_ir_105,bt_wv_63
2026-06-03 11:50:39,893 INFO run_pipeline - [process] 2026-06-03 11:50:39,893 INFO process_modis - Step: loaded BT datasets for MOD021KM.A2024154.1025.061.2024154191241.hdf: bt_ir_105,bt_wv_63
2026-06-03 11:50:40,017 INFO run_pipeline - [process] 2026-06-03 11:50:40,017 INFO process_modis - Step: loaded BT datasets for MOD021KM.A2024154.0845.061.2024154193019.hdf: bt_ir_105,bt_wv_63
2026-06-03 11:50:40,032 INFO run_pipeline - [process] 2026-06-03 11:50:40,032 INFO process_modis - Step: loaded BT datasets for MOD021KM.A2024154.1950.061.2024155074923.hdf: bt_ir_105,bt_wv_63
2026-06-03 11:54:18,577 INFO run_pipeline - [process] 2026-06-03 11:54:18,576 INFO process_modis - Step: keeping native L1 grid for ir_105
2026-06-03 11:54:18,949 INFO run_pipeline - [process] 2026-06-03 11:54:18,949 INFO process_modis - Step: keeping native L1 grid for wv_63
2026-06-03 11:54:19,509 INFO run_pipeline - [process] 2026-06-03 11:54:19,509 INFO process_modis - Step: loading/resampling cloud mask from MOD35_L2.A2024154.1025.061.2024154191405.hdf
2026-06-03 11:54:19,509 INFO run_pipeline - [process] 2026-06-03 11:54:19,509 INFO process_modis - Step: keeping native L1 grid for cloud mask
2026-06-03 11:54:19,514 INFO run_pipeline - [process] 2026-06-03 11:54:19,514 INFO process_modis - Step: prepared Dataset for MOD021KM.A2024154.1025.061.2024154191241.hdf with vars=bt_ir_105,bt_wv_63,cloud_mask coords=time,crs,latitude,longitude
2026-06-03 11:54:21,133 INFO run_pipeline - [process] 2026-06-03 11:54:21,132 INFO process_modis - Wrote /sat_data/modis/processed/2024/06/02/20240602T1025_modis_terra_bt_ir_105_bt_wv_63_cloud_mask.nc
2026-06-03 11:54:21,145 INFO run_pipeline - [process] 2026-06-03 11:54:21,145 INFO process_modis - Processing granule MOD021KM.A2024154.1955.061.2024155073824.hdf timestamp=20240602T1955 matched_L2=MOD35_L2.A2024154.1955.061.2024155073948.hdf
2026-06-03 11:54:21,145 INFO run_pipeline - [process] 2026-06-03 11:54:21,145 INFO process_modis - Step: loading BT datasets for MOD021KM.A2024154.1955.061.2024155073824.hdf
2026-06-03 11:54:21,839 INFO run_pipeline - [process] 2026-06-03 11:54:21,838 INFO process_modis - Step: loaded BT datasets for MOD021KM.A2024154.1955.061.2024155073824.hdf: bt_ir_105,bt_wv_63
2026-06-03 11:54:53,046 INFO run_pipeline - [process] 2026-06-03 11:54:53,045 INFO process_modis - Step: keeping native L1 grid for ir_105
2026-06-03 11:54:53,069 INFO run_pipeline - [process] 2026-06-03 11:54:53,069 INFO process_modis - Step: keeping native L1 grid for ir_105
2026-06-03 11:54:53,293 INFO run_pipeline - [process] 2026-06-03 11:54:53,293 INFO process_modis - Step: keeping native L1 grid for wv_63
2026-06-03 11:54:53,442 INFO run_pipeline - [process] 2026-06-03 11:54:53,442 INFO process_modis - Step: keeping native L1 grid for wv_63
2026-06-03 11:54:53,793 INFO run_pipeline - [process] 2026-06-03 11:54:53,792 INFO process_modis - Step: loading/resampling cloud mask from MOD35_L2.A2024154.0845.061.2024154193142.hdf
2026-06-03 11:54:53,793 INFO run_pipeline - [process] 2026-06-03 11:54:53,793 INFO process_modis - Step: keeping native L1 grid for cloud mask
2026-06-03 11:54:53,798 INFO run_pipeline - [process] 2026-06-03 11:54:53,798 INFO process_modis - Step: prepared Dataset for MOD021KM.A2024154.0845.061.2024154193019.hdf with vars=bt_ir_105,bt_wv_63,cloud_mask coords=time,crs,latitude,longitude
2026-06-03 11:54:53,993 INFO run_pipeline - [process] 2026-06-03 11:54:53,993 INFO process_modis - Step: loading/resampling cloud mask from MOD35_L2.A2024154.1020.061.2024154191439.hdf
2026-06-03 11:54:53,993 INFO run_pipeline - [process] 2026-06-03 11:54:53,993 INFO process_modis - Step: keeping native L1 grid for cloud mask
2026-06-03 11:54:53,998 INFO run_pipeline - [process] 2026-06-03 11:54:53,998 INFO process_modis - Step: prepared Dataset for MOD021KM.A2024154.1020.061.2024154191243.hdf with vars=bt_ir_105,bt_wv_63,cloud_mask coords=time,crs,latitude,longitude
2026-06-03 11:54:55,739 INFO run_pipeline - [process] 2026-06-03 11:54:55,739 INFO process_modis - Wrote /sat_data/modis/processed/2024/06/02/20240602T0845_modis_terra_bt_ir_105_bt_wv_63_cloud_mask.nc
2026-06-03 11:54:55,884 INFO run_pipeline - [process] 2026-06-03 11:54:55,884 INFO process_modis - Processing granule MOD021KM.A2024154.2130.061.2024155073747.hdf timestamp=20240602T2130 matched_L2=MOD35_L2.A2024154.2130.061.2024155073839.hdf
2026-06-03 11:54:55,884 INFO run_pipeline - [process] 2026-06-03 11:54:55,884 INFO process_modis - Step: loading BT datasets for MOD021KM.A2024154.2130.061.2024155073747.hdf
2026-06-03 11:54:56,098 INFO run_pipeline - [process] 2026-06-03 11:54:56,098 INFO process_modis - Step: keeping native L1 grid for ir_105
2026-06-03 11:54:56,344 INFO run_pipeline - [process] 2026-06-03 11:54:56,344 INFO process_modis - Step: loaded BT datasets for MOD021KM.A2024154.2130.061.2024155073747.hdf: bt_ir_105,bt_wv_63
2026-06-03 11:54:56,389 INFO run_pipeline - [process] 2026-06-03 11:54:56,389 INFO process_modis - Step: keeping native L1 grid for wv_63
2026-06-03 11:54:57,003 INFO run_pipeline - [process] 2026-06-03 11:54:57,003 INFO process_modis - Wrote /sat_data/modis/processed/2024/06/02/20240602T1020_modis_terra_bt_ir_105_bt_wv_63_cloud_mask.nc
2026-06-03 11:54:57,175 INFO run_pipeline - [process] 2026-06-03 11:54:57,175 INFO process_modis - Step: keeping native L1 grid for ir_105
2026-06-03 11:54:57,209 INFO run_pipeline - [process] 2026-06-03 11:54:57,208 INFO process_modis - Step: loading/resampling cloud mask from MOD35_L2.A2024154.0840.061.2024154191445.hdf
2026-06-03 11:54:57,209 INFO run_pipeline - [process] 2026-06-03 11:54:57,208 INFO process_modis - Step: keeping native L1 grid for cloud mask
2026-06-03 11:54:57,212 INFO run_pipeline - [process] 2026-06-03 11:54:57,212 INFO process_modis - Step: prepared Dataset for MOD021KM.A2024154.0840.061.2024154191250.hdf with vars=bt_ir_105,bt_wv_63,cloud_mask coords=time,crs,latitude,longitude
2026-06-03 11:54:57,463 INFO run_pipeline - [process] 2026-06-03 11:54:57,463 INFO process_modis - Step: keeping native L1 grid for wv_63
2026-06-03 11:54:57,996 INFO run_pipeline - [process] 2026-06-03 11:54:57,996 INFO process_modis - Step: loading/resampling cloud mask from MOD35_L2.A2024154.1950.061.2024155075023.hdf
2026-06-03 11:54:57,997 INFO run_pipeline - [process] 2026-06-03 11:54:57,996 INFO process_modis - Step: keeping native L1 grid for cloud mask
2026-06-03 11:54:58,000 INFO run_pipeline - [process] 2026-06-03 11:54:58,000 INFO process_modis - Step: prepared Dataset for MOD021KM.A2024154.1950.061.2024155074923.hdf with vars=bt_ir_105,bt_wv_63,cloud_mask coords=time,crs,latitude,longitude
2026-06-03 11:54:58,727 INFO run_pipeline - [process] 2026-06-03 11:54:58,727 INFO process_modis - Wrote /sat_data/modis/processed/2024/06/02/20240602T0840_modis_terra_bt_ir_105_bt_wv_63_cloud_mask.nc
2026-06-03 11:55:00,387 INFO run_pipeline - [process] 2026-06-03 11:55:00,386 INFO process_modis - Wrote /sat_data/modis/processed/2024/06/02/20240602T1950_modis_terra_bt_ir_105_bt_wv_63_cloud_mask.nc
2026-06-03 11:55:14,800 INFO run_pipeline - [process] 2026-06-03 11:55:14,799 INFO process_modis - Step: keeping native L1 grid for ir_105
2026-06-03 11:55:15,127 INFO run_pipeline - [process] 2026-06-03 11:55:15,127 INFO process_modis - Step: keeping native L1 grid for wv_63
2026-06-03 11:55:15,623 INFO run_pipeline - [process] 2026-06-03 11:55:15,622 INFO process_modis - Step: loading/resampling cloud mask from MOD35_L2.A2024154.1955.061.2024155073948.hdf
2026-06-03 11:55:15,623 INFO run_pipeline - [process] 2026-06-03 11:55:15,622 INFO process_modis - Step: keeping native L1 grid for cloud mask
2026-06-03 11:55:15,627 INFO run_pipeline - [process] 2026-06-03 11:55:15,627 INFO process_modis - Step: prepared Dataset for MOD021KM.A2024154.1955.061.2024155073824.hdf with vars=bt_ir_105,bt_wv_63,cloud_mask coords=time,crs,latitude,longitude
2026-06-03 11:55:19,419 INFO run_pipeline - [process] 2026-06-03 11:55:19,419 INFO process_modis - Wrote /sat_data/modis/processed/2024/06/02/20240602T1955_modis_terra_bt_ir_105_bt_wv_63_cloud_mask.nc
2026-06-03 11:55:45,265 INFO run_pipeline - [process] 2026-06-03 11:55:45,265 INFO process_modis - Step: keeping native L1 grid for ir_105
2026-06-03 11:55:45,530 INFO run_pipeline - [process] 2026-06-03 11:55:45,530 INFO process_modis - Step: keeping native L1 grid for wv_63
2026-06-03 11:55:46,043 INFO run_pipeline - [process] 2026-06-03 11:55:46,043 INFO process_modis - Step: loading/resampling cloud mask from MOD35_L2.A2024154.2130.061.2024155073839.hdf
2026-06-03 11:55:46,043 INFO run_pipeline - [process] 2026-06-03 11:55:46,043 INFO process_modis - Step: keeping native L1 grid for cloud mask
2026-06-03 11:55:46,047 INFO run_pipeline - [process] 2026-06-03 11:55:46,047 INFO process_modis - Step: prepared Dataset for MOD021KM.A2024154.2130.061.2024155073747.hdf with vars=bt_ir_105,bt_wv_63,cloud_mask coords=time,crs,latitude,longitude
2026-06-03 11:55:47,506 INFO run_pipeline - [process] 2026-06-03 11:55:47,506 INFO process_modis - Wrote /sat_data/modis/processed/2024/06/02/20240602T2130_modis_terra_bt_ir_105_bt_wv_63_cloud_mask.nc
2026-06-03 11:55:47,648 INFO run_pipeline - [process] 2026-06-03 11:55:47,648 INFO process_modis - Processed 7 files for terra in /sat_data/modis/raw/radiances/2024/06/02
2026-06-03 11:55:47,649 INFO run_pipeline - [process] 2026-06-03 11:55:47,649 INFO process_modis - Day aqua /sat_data/modis/raw/radiances/2024/06/02: found 6 L1 files and 6 L2 files (dir totals: 13 radiance, 13 cloud)
2026-06-03 11:55:47,649 INFO run_pipeline - [process] 2026-06-03 11:55:47,649 INFO process_modis - Processing 6 granules with 5 workers
2026-06-03 11:55:47,650 INFO run_pipeline - [process] 2026-06-03 11:55:47,649 INFO process_modis - Processing granule MYD021KM.A2024154.0040.061.2024154171412.hdf timestamp=20240602T0040 matched_L2=MYD35_L2.A2024154.0040.061.2024154171507.hdf
2026-06-03 11:55:47,650 INFO run_pipeline - [process] 2026-06-03 11:55:47,649 INFO process_modis - Step: loading BT datasets for MYD021KM.A2024154.0040.061.2024154171412.hdf
2026-06-03 11:55:47,653 INFO run_pipeline - [process] 2026-06-03 11:55:47,653 INFO process_modis - Processing granule MYD021KM.A2024154.0215.061.2024154171728.hdf timestamp=20240602T0215 matched_L2=MYD35_L2.A2024154.0215.061.2024154171847.hdf
2026-06-03 11:55:47,653 INFO run_pipeline - [process] 2026-06-03 11:55:47,653 INFO process_modis - Step: loading BT datasets for MYD021KM.A2024154.0215.061.2024154171728.hdf
2026-06-03 11:55:47,664 INFO run_pipeline - [process] 2026-06-03 11:55:47,664 INFO process_modis - Processing granule MYD021KM.A2024154.0220.061.2024154171338.hdf timestamp=20240602T0220 matched_L2=MYD35_L2.A2024154.0220.061.2024154171432.hdf
2026-06-03 11:55:47,664 INFO run_pipeline - [process] 2026-06-03 11:55:47,664 INFO process_modis - Step: loading BT datasets for MYD021KM.A2024154.0220.061.2024154171338.hdf
2026-06-03 11:55:47,675 INFO run_pipeline - [process] 2026-06-03 11:55:47,675 INFO process_modis - Processing granule MYD021KM.A2024154.1145.061.2024156171335.hdf timestamp=20240602T1145 matched_L2=MYD35_L2.A2024154.1145.061.2024156171544.hdf
2026-06-03 11:55:47,675 INFO run_pipeline - [process] 2026-06-03 11:55:47,675 INFO process_modis - Step: loading BT datasets for MYD021KM.A2024154.1145.061.2024156171335.hdf
2026-06-03 11:55:47,742 INFO run_pipeline - [process] 2026-06-03 11:55:47,742 INFO process_modis - Processing granule MYD021KM.A2024154.1150.061.2024156171325.hdf timestamp=20240602T1150 matched_L2=MYD35_L2.A2024154.1150.061.2024156171526.hdf
2026-06-03 11:55:47,742 INFO run_pipeline - [process] 2026-06-03 11:55:47,742 INFO process_modis - Step: loading BT datasets for MYD021KM.A2024154.1150.061.2024156171325.hdf
2026-06-03 11:55:48,946 INFO run_pipeline - [process] 2026-06-03 11:55:48,945 INFO process_modis - Step: loaded BT datasets for MYD021KM.A2024154.1145.061.2024156171335.hdf: bt_ir_105,bt_wv_63
2026-06-03 11:55:49,008 INFO run_pipeline - [process] 2026-06-03 11:55:49,008 INFO process_modis - Step: loaded BT datasets for MYD021KM.A2024154.0040.061.2024154171412.hdf: bt_ir_105,bt_wv_63
2026-06-03 11:55:49,058 INFO run_pipeline - [process] 2026-06-03 11:55:49,058 INFO process_modis - Step: loaded BT datasets for MYD021KM.A2024154.0215.061.2024154171728.hdf: bt_ir_105,bt_wv_63
2026-06-03 11:55:49,116 INFO run_pipeline - [process] 2026-06-03 11:55:49,116 INFO process_modis - Step: loaded BT datasets for MYD021KM.A2024154.1150.061.2024156171325.hdf: bt_ir_105,bt_wv_63
2026-06-03 11:55:49,127 INFO run_pipeline - [process] 2026-06-03 11:55:49,127 INFO process_modis - Step: loaded BT datasets for MYD021KM.A2024154.0220.061.2024154171338.hdf: bt_ir_105,bt_wv_63
2026-06-03 11:59:19,782 INFO run_pipeline - [process] 2026-06-03 11:59:19,781 INFO process_modis - Step: keeping native L1 grid for ir_105
2026-06-03 11:59:20,029 INFO run_pipeline - [process] 2026-06-03 11:59:20,028 INFO process_modis - Step: keeping native L1 grid for wv_63
2026-06-03 11:59:20,490 INFO run_pipeline - [process] 2026-06-03 11:59:20,489 INFO process_modis - Step: loading/resampling cloud mask from MYD35_L2.A2024154.0215.061.2024154171847.hdf
2026-06-03 11:59:20,490 INFO run_pipeline - [process] 2026-06-03 11:59:20,490 INFO process_modis - Step: keeping native L1 grid for cloud mask
2026-06-03 11:59:20,495 INFO run_pipeline - [process] 2026-06-03 11:59:20,495 INFO process_modis - Step: prepared Dataset for MYD021KM.A2024154.0215.061.2024154171728.hdf with vars=bt_ir_105,bt_wv_63,cloud_mask coords=time,crs,latitude,longitude
2026-06-03 11:59:22,088 INFO run_pipeline - [process] 2026-06-03 11:59:22,087 INFO process_modis - Wrote /sat_data/modis/processed/2024/06/02/20240602T0215_modis_aqua_bt_ir_105_bt_wv_63_cloud_mask.nc
2026-06-03 11:59:22,096 INFO run_pipeline - [process] 2026-06-03 11:59:22,096 INFO process_modis - Processing granule MYD021KM.A2024154.1325.061.2024156171431.hdf timestamp=20240602T1325 matched_L2=MYD35_L2.A2024154.1325.061.2024156171656.hdf
2026-06-03 11:59:22,097 INFO run_pipeline - [process] 2026-06-03 11:59:22,096 INFO process_modis - Step: loading BT datasets for MYD021KM.A2024154.1325.061.2024156171431.hdf
2026-06-03 11:59:22,691 INFO run_pipeline - [process] 2026-06-03 11:59:22,691 INFO process_modis - Step: loaded BT datasets for MYD021KM.A2024154.1325.061.2024156171431.hdf: bt_ir_105,bt_wv_63
2026-06-03 11:59:24,544 INFO run_pipeline - [process] 2026-06-03 11:59:24,543 INFO process_modis - Step: keeping native L1 grid for ir_105
2026-06-03 11:59:24,826 INFO run_pipeline - [process] 2026-06-03 11:59:24,826 INFO process_modis - Step: keeping native L1 grid for wv_63
2026-06-03 11:59:25,556 INFO run_pipeline - [process] 2026-06-03 11:59:25,556 INFO process_modis - Step: loading/resampling cloud mask from MYD35_L2.A2024154.0220.061.2024154171432.hdf
2026-06-03 11:59:25,556 INFO run_pipeline - [process] 2026-06-03 11:59:25,556 INFO process_modis - Step: keeping native L1 grid for cloud mask
2026-06-03 11:59:25,561 INFO run_pipeline - [process] 2026-06-03 11:59:25,561 INFO process_modis - Step: prepared Dataset for MYD021KM.A2024154.0220.061.2024154171338.hdf with vars=bt_ir_105,bt_wv_63,cloud_mask coords=time,crs,latitude,longitude
2026-06-03 11:59:27,293 INFO run_pipeline - [process] 2026-06-03 11:59:27,292 INFO process_modis - Wrote /sat_data/modis/processed/2024/06/02/20240602T0220_modis_aqua_bt_ir_105_bt_wv_63_cloud_mask.nc
2026-06-03 11:59:49,569 INFO run_pipeline - [process] 2026-06-03 11:59:49,568 INFO process_modis - Step: keeping native L1 grid for ir_105
2026-06-03 11:59:49,829 INFO run_pipeline - [process] 2026-06-03 11:59:49,829 INFO process_modis - Step: keeping native L1 grid for wv_63
2026-06-03 11:59:50,315 INFO run_pipeline - [process] 2026-06-03 11:59:50,315 INFO process_modis - Step: loading/resampling cloud mask from MYD35_L2.A2024154.1145.061.2024156171544.hdf
2026-06-03 11:59:50,315 INFO run_pipeline - [process] 2026-06-03 11:59:50,315 INFO process_modis - Step: keeping native L1 grid for cloud mask
2026-06-03 11:59:50,325 INFO run_pipeline - [process] 2026-06-03 11:59:50,325 INFO process_modis - Step: prepared Dataset for MYD021KM.A2024154.1145.061.2024156171335.hdf with vars=bt_ir_105,bt_wv_63,cloud_mask coords=time,crs,latitude,longitude
2026-06-03 11:59:51,857 INFO run_pipeline - [process] 2026-06-03 11:59:51,857 INFO process_modis - Wrote /sat_data/modis/processed/2024/06/02/20240602T1145_modis_aqua_bt_ir_105_bt_wv_63_cloud_mask.nc
2026-06-03 11:59:54,386 INFO run_pipeline - [process] 2026-06-03 11:59:54,385 INFO process_modis - Step: keeping native L1 grid for ir_105
2026-06-03 11:59:54,674 INFO run_pipeline - [process] 2026-06-03 11:59:54,674 INFO process_modis - Step: keeping native L1 grid for wv_63
2026-06-03 11:59:54,783 INFO run_pipeline - [process] 2026-06-03 11:59:54,782 INFO process_modis - Step: keeping native L1 grid for ir_105
2026-06-03 11:59:55,028 INFO run_pipeline - [process] 2026-06-03 11:59:55,028 INFO process_modis - Step: keeping native L1 grid for wv_63
2026-06-03 11:59:55,257 INFO run_pipeline - [process] 2026-06-03 11:59:55,256 INFO process_modis - Step: loading/resampling cloud mask from MYD35_L2.A2024154.1150.061.2024156171526.hdf
2026-06-03 11:59:55,257 INFO run_pipeline - [process] 2026-06-03 11:59:55,257 INFO process_modis - Step: keeping native L1 grid for cloud mask
2026-06-03 11:59:55,261 INFO run_pipeline - [process] 2026-06-03 11:59:55,261 INFO process_modis - Step: prepared Dataset for MYD021KM.A2024154.1150.061.2024156171325.hdf with vars=bt_ir_105,bt_wv_63,cloud_mask coords=time,crs,latitude,longitude
2026-06-03 11:59:55,551 INFO run_pipeline - [process] 2026-06-03 11:59:55,550 INFO process_modis - Step: loading/resampling cloud mask from MYD35_L2.A2024154.0040.061.2024154171507.hdf
2026-06-03 11:59:55,551 INFO run_pipeline - [process] 2026-06-03 11:59:55,550 INFO process_modis - Step: keeping native L1 grid for cloud mask
2026-06-03 11:59:55,555 INFO run_pipeline - [process] 2026-06-03 11:59:55,555 INFO process_modis - Step: prepared Dataset for MYD021KM.A2024154.0040.061.2024154171412.hdf with vars=bt_ir_105,bt_wv_63,cloud_mask coords=time,crs,latitude,longitude
2026-06-03 11:59:56,889 INFO run_pipeline - [process] 2026-06-03 11:59:56,889 INFO process_modis - Wrote /sat_data/modis/processed/2024/06/02/20240602T1150_modis_aqua_bt_ir_105_bt_wv_63_cloud_mask.nc
2026-06-03 11:59:58,264 INFO run_pipeline - [process] 2026-06-03 11:59:58,264 INFO process_modis - Wrote /sat_data/modis/processed/2024/06/02/20240602T0040_modis_aqua_bt_ir_105_bt_wv_63_cloud_mask.nc
2026-06-03 12:00:17,239 INFO run_pipeline - [process] 2026-06-03 12:00:17,238 INFO process_modis - Step: keeping native L1 grid for ir_105
2026-06-03 12:00:17,491 INFO run_pipeline - [process] 2026-06-03 12:00:17,491 INFO process_modis - Step: keeping native L1 grid for wv_63
2026-06-03 12:00:18,001 INFO run_pipeline - [process] 2026-06-03 12:00:18,000 INFO process_modis - Step: loading/resampling cloud mask from MYD35_L2.A2024154.1325.061.2024156171656.hdf
2026-06-03 12:00:18,001 INFO run_pipeline - [process] 2026-06-03 12:00:18,001 INFO process_modis - Step: keeping native L1 grid for cloud mask
2026-06-03 12:00:18,005 INFO run_pipeline - [process] 2026-06-03 12:00:18,004 INFO process_modis - Step: prepared Dataset for MYD021KM.A2024154.1325.061.2024156171431.hdf with vars=bt_ir_105,bt_wv_63,cloud_mask coords=time,crs,latitude,longitude
2026-06-03 12:00:19,461 INFO run_pipeline - [process] 2026-06-03 12:00:19,461 INFO process_modis - Wrote /sat_data/modis/processed/2024/06/02/20240602T1325_modis_aqua_bt_ir_105_bt_wv_63_cloud_mask.nc
2026-06-03 12:00:19,506 INFO run_pipeline - [process] 2026-06-03 12:00:19,505 INFO process_modis - Processed 6 files for aqua in /sat_data/modis/raw/radiances/2024/06/02
2026-06-03 12:00:20,304 INFO run_pipeline - Finished process in 583.73s with return code 0
2026-06-03 12:00:20,305 INFO run_pipeline - Starting upload: /home/Daniele/miniforge3/envs/satpy/bin/python /home/Daniele/codes/MODIS-processing/scripts/2_upload_s3.py --config /home/Daniele/codes/MODIS-processing/config/pipeline_config.yaml --credentials /home/Daniele/codes/MODIS-processing/s3_credentials.py --date 2024-06-02 --log-level INFO --verify
2026-06-03 12:00:34,371 INFO run_pipeline - [upload] 2026-06-03 12:00:34,371 INFO upload_s3 - Uploaded 13 files
2026-06-03 12:00:34,617 INFO run_pipeline - Finished upload in 14.31s with return code 0
2026-06-03 12:00:34,618 INFO run_pipeline - Batch 2024-06-02 finished in download=34.15s process=583.73s upload=14.31s | L1=13 L2=13 processed=13 uploaded=13 errors=0 failed_stage=none
2026-06-03 12:00:34,618 INFO run_pipeline - === Batch 2024-06-03 ===
2026-06-03 12:00:34,618 INFO run_pipeline - Starting download: /home/Daniele/miniforge3/envs/satpy/bin/python /home/Daniele/codes/MODIS-processing/scripts/0_download_modis.py --config /home/Daniele/codes/MODIS-processing/config/pipeline_config.yaml --date 2024-06-03 --log-level INFO
2026-06-03 12:00:35,727 INFO run_pipeline - [download] 2026-06-03 12:00:35,727 INFO download_modis - Searching CMR for MOD021KM between 2024-06-03 00:00:00 and 2024-06-04 00:00:00
2026-06-03 12:00:36,316 INFO run_pipeline - [download] 2026-06-03 12:00:36,315 INFO download_modis - Downloading 6 granules with 6 workers for MOD021KM
2026-06-03 12:00:46,156 INFO run_pipeline - [download] 2026-06-03 12:00:46,155 INFO download_modis - Searching CMR for MOD35_L2 between 2024-06-03 00:00:00 and 2024-06-04 00:00:00
2026-06-03 12:00:46,524 INFO run_pipeline - [download] 2026-06-03 12:00:46,523 INFO download_modis - Downloading 6 granules with 6 workers for MOD35_L2
2026-06-03 12:00:50,737 INFO run_pipeline - [download] 2026-06-03 12:00:50,737 INFO download_modis - terra [2024-06-03 - 2024-06-04] L1 downloaded=6 skipped=6 | L2 downloaded=6 skipped=0
2026-06-03 12:00:50,738 INFO run_pipeline - [download] 2026-06-03 12:00:50,737 INFO download_modis - Searching CMR for MYD021KM between 2024-06-03 00:00:00 and 2024-06-04 00:00:00
2026-06-03 12:00:51,017 INFO run_pipeline - [download] 2026-06-03 12:00:51,017 INFO download_modis - Downloading 6 granules with 6 workers for MYD021KM
2026-06-03 12:00:59,587 INFO run_pipeline - [download] 2026-06-03 12:00:59,587 INFO download_modis - Searching CMR for MYD35_L2 between 2024-06-03 00:00:00 and 2024-06-04 00:00:00
2026-06-03 12:00:59,839 INFO run_pipeline - [download] 2026-06-03 12:00:59,839 INFO download_modis - Downloading 6 granules with 6 workers for MYD35_L2
2026-06-03 12:01:03,669 INFO run_pipeline - [download] 2026-06-03 12:01:03,668 INFO download_modis - aqua [2024-06-03 - 2024-06-04] L1 downloaded=6 skipped=6 | L2 downloaded=6 skipped=0
2026-06-03 12:01:03,859 INFO run_pipeline - Finished download in 29.24s with return code 0
2026-06-03 12:01:03,860 INFO run_pipeline - Starting process: /home/Daniele/miniforge3/envs/satpy/bin/python /home/Daniele/codes/MODIS-processing/scripts/1_process_modis.py --config /home/Daniele/codes/MODIS-processing/config/pipeline_config.yaml --date 2024-06-03 --log-level INFO
2026-06-03 12:01:04,952 INFO run_pipeline - [process] 2026-06-03 12:01:04,952 INFO process_modis - Day terra /sat_data/modis/raw/radiances/2024/06/03: found 6 L1 files and 6 L2 files (dir totals: 12 radiance, 12 cloud)
2026-06-03 12:01:04,952 INFO run_pipeline - [process] 2026-06-03 12:01:04,952 INFO process_modis - Processing 6 granules with 5 workers
2026-06-03 12:01:04,953 INFO run_pipeline - [process] 2026-06-03 12:01:04,953 INFO process_modis - Processing granule MOD021KM.A2024155.0920.061.2024155192606.hdf timestamp=20240603T0920 matched_L2=MOD35_L2.A2024155.0920.061.2024155193042.hdf
2026-06-03 12:01:04,953 INFO run_pipeline - [process] 2026-06-03 12:01:04,953 INFO process_modis - Step: loading BT datasets for MOD021KM.A2024155.0920.061.2024155192606.hdf
2026-06-03 12:01:04,954 INFO run_pipeline - [process] 2026-06-03 12:01:04,953 INFO process_modis - Processing granule MOD021KM.A2024155.0925.061.2024155192056.hdf timestamp=20240603T0925 matched_L2=MOD35_L2.A2024155.0925.061.2024155192522.hdf
2026-06-03 12:01:04,954 INFO run_pipeline - [process] 2026-06-03 12:01:04,953 INFO process_modis - Step: loading BT datasets for MOD021KM.A2024155.0925.061.2024155192056.hdf
2026-06-03 12:01:04,955 INFO run_pipeline - [process] 2026-06-03 12:01:04,955 INFO process_modis - Processing granule MOD021KM.A2024155.1100.061.2024155191259.hdf timestamp=20240603T1100 matched_L2=MOD35_L2.A2024155.1100.061.2024155191448.hdf
2026-06-03 12:01:04,955 INFO run_pipeline - [process] 2026-06-03 12:01:04,955 INFO process_modis - Step: loading BT datasets for MOD021KM.A2024155.1100.061.2024155191259.hdf
2026-06-03 12:01:04,955 INFO run_pipeline - [process] 2026-06-03 12:01:04,955 INFO process_modis - Processing granule MOD021KM.A2024155.1855.061.2024156075433.hdf timestamp=20240603T1855 matched_L2=MOD35_L2.A2024155.1855.061.2024156075626.hdf
2026-06-03 12:01:04,955 INFO run_pipeline - [process] 2026-06-03 12:01:04,955 INFO process_modis - Step: loading BT datasets for MOD021KM.A2024155.1855.061.2024156075433.hdf
2026-06-03 12:01:04,956 INFO run_pipeline - [process] 2026-06-03 12:01:04,956 INFO process_modis - Processing granule MOD021KM.A2024155.2030.061.2024156074931.hdf timestamp=20240603T2030 matched_L2=MOD35_L2.A2024155.2030.061.2024156075124.hdf
2026-06-03 12:01:04,956 INFO run_pipeline - [process] 2026-06-03 12:01:04,956 INFO process_modis - Step: loading BT datasets for MOD021KM.A2024155.2030.061.2024156074931.hdf
2026-06-03 12:01:07,334 INFO run_pipeline - [process] 2026-06-03 12:01:07,334 INFO process_modis - Step: loaded BT datasets for MOD021KM.A2024155.2030.061.2024156074931.hdf: bt_ir_105,bt_wv_63
2026-06-03 12:01:07,420 INFO run_pipeline - [process] 2026-06-03 12:01:07,420 INFO process_modis - Step: loaded BT datasets for MOD021KM.A2024155.0920.061.2024155192606.hdf: bt_ir_105,bt_wv_63
2026-06-03 12:01:07,438 INFO run_pipeline - [process] 2026-06-03 12:01:07,438 INFO process_modis - Step: loaded BT datasets for MOD021KM.A2024155.1100.061.2024155191259.hdf: bt_ir_105,bt_wv_63
2026-06-03 12:01:07,465 INFO run_pipeline - [process] 2026-06-03 12:01:07,465 INFO process_modis - Step: loaded BT datasets for MOD021KM.A2024155.1855.061.2024156075433.hdf: bt_ir_105,bt_wv_63
2026-06-03 12:01:07,483 INFO run_pipeline - [process] 2026-06-03 12:01:07,482 INFO process_modis - Step: loaded BT datasets for MOD021KM.A2024155.0925.061.2024155192056.hdf: bt_ir_105,bt_wv_63
2026-06-03 12:01:07,802 INFO run_pipeline - [process] 2026-06-03 12:01:07,802 INFO process_modis - Processing granule MOD021KM.A2024155.2035.061.2024156075026.hdf timestamp=20240603T2035 matched_L2=MOD35_L2.A2024155.2035.061.2024156075240.hdf
2026-06-03 12:01:07,887 INFO run_pipeline - [process] 2026-06-03 12:01:07,802 ERROR process_modis - Exception in worker while processing /sat_data/modis/raw/radiances/2024/06/03/MOD021KM.A2024155.1100.061.2024155191259.hdf
2026-06-03 12:01:07,887 INFO run_pipeline - [process] Traceback (most recent call last):
2026-06-03 12:01:07,887 INFO run_pipeline - [process]   File "/home/Daniele/codes/MODIS-processing/scripts/1_process_modis.py", line 762, in process_day
2026-06-03 12:01:07,887 INFO run_pipeline - [process]     produced = fut.result()
2026-06-03 12:01:07,887 INFO run_pipeline - [process]   File "/home/Daniele/miniforge3/envs/satpy/lib/python3.10/concurrent/futures/_base.py", line 451, in result
2026-06-03 12:01:07,887 INFO run_pipeline - [process]     return self.__get_result()
2026-06-03 12:01:07,887 INFO run_pipeline - [process]   File "/home/Daniele/miniforge3/envs/satpy/lib/python3.10/concurrent/futures/_base.py", line 403, in __get_result
2026-06-03 12:01:07,887 INFO run_pipeline - [process]     raise self._exception
2026-06-03 12:01:07,888 INFO run_pipeline - [process]   File "/home/Daniele/miniforge3/envs/satpy/lib/python3.10/concurrent/futures/thread.py", line 58, in run
2026-06-03 12:01:07,888 INFO run_pipeline - [process]     result = self.fn(*self.args, **self.kwargs)
2026-06-03 12:01:07,888 INFO run_pipeline - [process]   File "/home/Daniele/codes/MODIS-processing/scripts/1_process_modis.py", line 370, in _process_single
2026-06-03 12:01:07,888 INFO run_pipeline - [process]     native_cache = build_regrid_cache(ref_lon, ref_lat, local_tgt_lon2d, local_tgt_lat2d)
2026-06-03 12:01:07,888 INFO run_pipeline - [process]   File "/home/Daniele/codes/MODIS-processing/scripts/utils/regrid.py", line 73, in build_regrid_cache
2026-06-03 12:01:07,888 INFO run_pipeline - [process]     return RegridCache(source_lon=src_lon, source_lat=src_lat, target_lon=target_lon, target_lat=target_lat)
2026-06-03 12:01:07,888 INFO run_pipeline - [process]   File "<string>", line 7, in __init__
2026-06-03 12:01:07,888 INFO run_pipeline - [process]   File "/home/Daniele/codes/MODIS-processing/scripts/utils/regrid.py", line 28, in __post_init__
2026-06-03 12:01:07,888 INFO run_pipeline - [process]     self.triangulation = Delaunay(self.source_points)
2026-06-03 12:01:07,888 INFO run_pipeline - [process]   File "_qhull.pyx", line 1885, in scipy.spatial._qhull.Delaunay.__init__
2026-06-03 12:01:07,888 INFO run_pipeline - [process]   File "_qhull.pyx", line 280, in scipy.spatial._qhull._Qhull.__init__
2026-06-03 12:01:07,888 INFO run_pipeline - [process] ValueError: Points cannot contain NaN
2026-06-03 12:01:07,888 INFO run_pipeline - [process] 2026-06-03 12:01:07,803 INFO process_modis - Step: loading BT datasets for MOD021KM.A2024155.2035.061.2024156075026.hdf
2026-06-03 12:01:08,428 INFO run_pipeline - [process] 2026-06-03 12:01:08,427 INFO process_modis - Step: loaded BT datasets for MOD021KM.A2024155.2035.061.2024156075026.hdf: bt_ir_105,bt_wv_63
2026-06-03 12:04:46,300 INFO run_pipeline - [process] 2026-06-03 12:04:46,299 INFO process_modis - Step: keeping native L1 grid for ir_105
2026-06-03 12:04:46,641 INFO run_pipeline - [process] 2026-06-03 12:04:46,641 INFO process_modis - Step: keeping native L1 grid for wv_63
2026-06-03 12:04:47,290 INFO run_pipeline - [process] 2026-06-03 12:04:47,290 INFO process_modis - Step: loading/resampling cloud mask from MOD35_L2.A2024155.2035.061.2024156075240.hdf
2026-06-03 12:04:47,290 INFO run_pipeline - [process] 2026-06-03 12:04:47,290 INFO process_modis - Step: keeping native L1 grid for cloud mask
2026-06-03 12:04:47,295 INFO run_pipeline - [process] 2026-06-03 12:04:47,295 INFO process_modis - Step: prepared Dataset for MOD021KM.A2024155.2035.061.2024156075026.hdf with vars=bt_ir_105,bt_wv_63,cloud_mask coords=time,crs,latitude,longitude
2026-06-03 12:04:48,832 INFO run_pipeline - [process] 2026-06-03 12:04:48,832 INFO process_modis - Wrote /sat_data/modis/processed/2024/06/03/20240603T2035_modis_terra_bt_ir_105_bt_wv_63_cloud_mask.nc
2026-06-03 12:05:05,016 INFO run_pipeline - [process] 2026-06-03 12:05:05,015 INFO process_modis - Step: keeping native L1 grid for ir_105
2026-06-03 12:05:05,354 INFO run_pipeline - [process] 2026-06-03 12:05:05,354 INFO process_modis - Step: keeping native L1 grid for wv_63
2026-06-03 12:05:05,878 INFO run_pipeline - [process] 2026-06-03 12:05:05,877 INFO process_modis - Step: loading/resampling cloud mask from MOD35_L2.A2024155.2030.061.2024156075124.hdf
2026-06-03 12:05:05,878 INFO run_pipeline - [process] 2026-06-03 12:05:05,877 INFO process_modis - Step: keeping native L1 grid for cloud mask
2026-06-03 12:05:05,883 INFO run_pipeline - [process] 2026-06-03 12:05:05,883 INFO process_modis - Step: prepared Dataset for MOD021KM.A2024155.2030.061.2024156074931.hdf with vars=bt_ir_105,bt_wv_63,cloud_mask coords=time,crs,latitude,longitude
2026-06-03 12:05:07,428 INFO run_pipeline - [process] 2026-06-03 12:05:07,427 INFO process_modis - Wrote /sat_data/modis/processed/2024/06/03/20240603T2030_modis_terra_bt_ir_105_bt_wv_63_cloud_mask.nc
2026-06-03 12:05:11,834 INFO run_pipeline - [process] 2026-06-03 12:05:11,833 INFO process_modis - Step: keeping native L1 grid for ir_105
2026-06-03 12:05:12,076 INFO run_pipeline - [process] 2026-06-03 12:05:12,076 INFO process_modis - Step: keeping native L1 grid for wv_63
2026-06-03 12:05:12,516 INFO run_pipeline - [process] 2026-06-03 12:05:12,516 INFO process_modis - Step: loading/resampling cloud mask from MOD35_L2.A2024155.0920.061.2024155193042.hdf
2026-06-03 12:05:12,516 INFO run_pipeline - [process] 2026-06-03 12:05:12,516 INFO process_modis - Step: keeping native L1 grid for cloud mask
2026-06-03 12:05:12,524 INFO run_pipeline - [process] 2026-06-03 12:05:12,523 INFO process_modis - Step: prepared Dataset for MOD021KM.A2024155.0920.061.2024155192606.hdf with vars=bt_ir_105,bt_wv_63,cloud_mask coords=time,crs,latitude,longitude
2026-06-03 12:05:14,026 INFO run_pipeline - [process] 2026-06-03 12:05:14,026 INFO process_modis - Wrote /sat_data/modis/processed/2024/06/03/20240603T0920_modis_terra_bt_ir_105_bt_wv_63_cloud_mask.nc
2026-06-03 12:05:16,277 INFO run_pipeline - [process] 2026-06-03 12:05:16,277 INFO process_modis - Step: keeping native L1 grid for ir_105
2026-06-03 12:05:16,595 INFO run_pipeline - [process] 2026-06-03 12:05:16,595 INFO process_modis - Step: keeping native L1 grid for wv_63
2026-06-03 12:05:17,084 INFO run_pipeline - [process] 2026-06-03 12:05:17,084 INFO process_modis - Step: loading/resampling cloud mask from MOD35_L2.A2024155.0925.061.2024155192522.hdf
2026-06-03 12:05:17,084 INFO run_pipeline - [process] 2026-06-03 12:05:17,084 INFO process_modis - Step: keeping native L1 grid for cloud mask
2026-06-03 12:05:17,105 INFO run_pipeline - [process] 2026-06-03 12:05:17,105 INFO process_modis - Step: prepared Dataset for MOD021KM.A2024155.0925.061.2024155192056.hdf with vars=bt_ir_105,bt_wv_63,cloud_mask coords=time,crs,latitude,longitude
2026-06-03 12:05:17,863 INFO run_pipeline - [process] 2026-06-03 12:05:17,863 INFO process_modis - Step: keeping native L1 grid for ir_105
2026-06-03 12:05:18,133 INFO run_pipeline - [process] 2026-06-03 12:05:18,133 INFO process_modis - Step: keeping native L1 grid for wv_63
2026-06-03 12:05:18,652 INFO run_pipeline - [process] 2026-06-03 12:05:18,652 INFO process_modis - Step: loading/resampling cloud mask from MOD35_L2.A2024155.1855.061.2024156075626.hdf
2026-06-03 12:05:18,652 INFO run_pipeline - [process] 2026-06-03 12:05:18,652 INFO process_modis - Step: keeping native L1 grid for cloud mask
2026-06-03 12:05:18,656 INFO run_pipeline - [process] 2026-06-03 12:05:18,656 INFO process_modis - Step: prepared Dataset for MOD021KM.A2024155.1855.061.2024156075433.hdf with vars=bt_ir_105,bt_wv_63,cloud_mask coords=time,crs,latitude,longitude
2026-06-03 12:05:18,689 INFO run_pipeline - [process] 2026-06-03 12:05:18,689 INFO process_modis - Wrote /sat_data/modis/processed/2024/06/03/20240603T0925_modis_terra_bt_ir_105_bt_wv_63_cloud_mask.nc
2026-06-03 12:05:20,320 INFO run_pipeline - [process] 2026-06-03 12:05:20,319 INFO process_modis - Wrote /sat_data/modis/processed/2024/06/03/20240603T1855_modis_terra_bt_ir_105_bt_wv_63_cloud_mask.nc
2026-06-03 12:05:20,489 INFO run_pipeline - [process] 2026-06-03 12:05:20,489 INFO process_modis - Processed 5 files for terra in /sat_data/modis/raw/radiances/2024/06/03
2026-06-03 12:05:20,490 INFO run_pipeline - [process] 2026-06-03 12:05:20,490 INFO process_modis - Day aqua /sat_data/modis/raw/radiances/2024/06/03: found 6 L1 files and 6 L2 files (dir totals: 12 radiance, 12 cloud)
2026-06-03 12:05:20,490 INFO run_pipeline - [process] 2026-06-03 12:05:20,490 INFO process_modis - Processing 6 granules with 5 workers
2026-06-03 12:05:20,563 INFO run_pipeline - [process] 2026-06-03 12:05:20,562 INFO process_modis - Processing granule MYD021KM.A2024155.0120.061.2024156170956.hdf timestamp=20240603T0120 matched_L2=MYD35_L2.A2024155.0120.061.2024156171051.hdf
2026-06-03 12:05:20,583 INFO run_pipeline - [process] 2026-06-03 12:05:20,583 INFO process_modis - Step: loading BT datasets for MYD021KM.A2024155.0120.061.2024156170956.hdf
2026-06-03 12:05:20,604 INFO run_pipeline - [process] 2026-06-03 12:05:20,603 INFO process_modis - Processing granule MYD021KM.A2024155.0255.061.2024156211316.hdf timestamp=20240603T0255 matched_L2=MYD35_L2.A2024155.0255.061.2024156211536.hdf
2026-06-03 12:05:20,624 INFO run_pipeline - [process] 2026-06-03 12:05:20,624 INFO process_modis - Step: loading BT datasets for MYD021KM.A2024155.0255.061.2024156211316.hdf
2026-06-03 12:05:20,626 INFO run_pipeline - [process] 2026-06-03 12:05:20,626 INFO process_modis - Processing granule MYD021KM.A2024155.0300.061.2024156171545.hdf timestamp=20240603T0300 matched_L2=MYD35_L2.A2024155.0300.061.2024156171738.hdf
2026-06-03 12:05:20,626 INFO run_pipeline - [process] 2026-06-03 12:05:20,626 INFO process_modis - Step: loading BT datasets for MYD021KM.A2024155.0300.061.2024156171545.hdf
2026-06-03 12:05:20,632 INFO run_pipeline - [process] 2026-06-03 12:05:20,632 INFO process_modis - Processing granule MYD021KM.A2024155.1225.061.2024156170208.hdf timestamp=20240603T1225 matched_L2=MYD35_L2.A2024155.1225.061.2024156170405.hdf
2026-06-03 12:05:20,633 INFO run_pipeline - [process] 2026-06-03 12:05:20,632 INFO process_modis - Step: loading BT datasets for MYD021KM.A2024155.1225.061.2024156170208.hdf
2026-06-03 12:05:20,649 INFO run_pipeline - [process] 2026-06-03 12:05:20,649 INFO process_modis - Processing granule MYD021KM.A2024155.1230.061.2024156170514.hdf timestamp=20240603T1230 matched_L2=MYD35_L2.A2024155.1230.061.2024156170714.hdf
2026-06-03 12:05:20,649 INFO run_pipeline - [process] 2026-06-03 12:05:20,649 INFO process_modis - Step: loading BT datasets for MYD021KM.A2024155.1230.061.2024156170514.hdf
2026-06-03 12:05:21,972 INFO run_pipeline - [process] 2026-06-03 12:05:21,972 INFO process_modis - Step: loaded BT datasets for MYD021KM.A2024155.1225.061.2024156170208.hdf: bt_ir_105,bt_wv_63
2026-06-03 12:05:22,029 INFO run_pipeline - [process] 2026-06-03 12:05:22,029 INFO process_modis - Step: loaded BT datasets for MYD021KM.A2024155.1230.061.2024156170514.hdf: bt_ir_105,bt_wv_63
2026-06-03 12:05:22,052 INFO run_pipeline - [process] 2026-06-03 12:05:22,051 INFO process_modis - Step: loaded BT datasets for MYD021KM.A2024155.0120.061.2024156170956.hdf: bt_ir_105,bt_wv_63
2026-06-03 12:05:22,102 INFO run_pipeline - [process] 2026-06-03 12:05:22,101 INFO process_modis - Step: loaded BT datasets for MYD021KM.A2024155.0300.061.2024156171545.hdf: bt_ir_105,bt_wv_63
2026-06-03 12:05:22,132 INFO run_pipeline - [process] 2026-06-03 12:05:22,132 INFO process_modis - Step: loaded BT datasets for MYD021KM.A2024155.0255.061.2024156211316.hdf: bt_ir_105,bt_wv_63
2026-06-03 12:08:49,337 INFO run_pipeline - [process] 2026-06-03 12:08:49,337 INFO process_modis - Step: keeping native L1 grid for ir_105
2026-06-03 12:08:49,598 INFO run_pipeline - [process] 2026-06-03 12:08:49,597 INFO process_modis - Step: keeping native L1 grid for wv_63
2026-06-03 12:08:50,205 INFO run_pipeline - [process] 2026-06-03 12:08:50,204 INFO process_modis - Step: loading/resampling cloud mask from MYD35_L2.A2024155.0255.061.2024156211536.hdf
2026-06-03 12:08:50,205 INFO run_pipeline - [process] 2026-06-03 12:08:50,204 INFO process_modis - Step: keeping native L1 grid for cloud mask
2026-06-03 12:08:50,210 INFO run_pipeline - [process] 2026-06-03 12:08:50,210 INFO process_modis - Step: prepared Dataset for MYD021KM.A2024155.0255.061.2024156211316.hdf with vars=bt_ir_105,bt_wv_63,cloud_mask coords=time,crs,latitude,longitude
2026-06-03 12:08:51,722 INFO run_pipeline - [process] 2026-06-03 12:08:51,721 INFO process_modis - Wrote /sat_data/modis/processed/2024/06/03/20240603T0255_modis_aqua_bt_ir_105_bt_wv_63_cloud_mask.nc
2026-06-03 12:08:51,884 INFO run_pipeline - [process] 2026-06-03 12:08:51,884 INFO process_modis - Processing granule MYD021KM.A2024155.1405.061.2024156170159.hdf timestamp=20240603T1405 matched_L2=MYD35_L2.A2024155.1405.061.2024156170359.hdf
2026-06-03 12:08:51,884 INFO run_pipeline - [process] 2026-06-03 12:08:51,884 INFO process_modis - Step: loading BT datasets for MYD021KM.A2024155.1405.061.2024156170159.hdf
2026-06-03 12:08:52,357 INFO run_pipeline - [process] 2026-06-03 12:08:52,356 INFO process_modis - Step: loaded BT datasets for MYD021KM.A2024155.1405.061.2024156170159.hdf: bt_ir_105,bt_wv_63
2026-06-03 12:09:21,638 INFO run_pipeline - [process] 2026-06-03 12:09:21,637 INFO process_modis - Step: keeping native L1 grid for ir_105
2026-06-03 12:09:21,892 INFO run_pipeline - [process] 2026-06-03 12:09:21,891 INFO process_modis - Step: keeping native L1 grid for wv_63
2026-06-03 12:09:22,388 INFO run_pipeline - [process] 2026-06-03 12:09:22,388 INFO process_modis - Step: loading/resampling cloud mask from MYD35_L2.A2024155.1230.061.2024156170714.hdf
2026-06-03 12:09:22,389 INFO run_pipeline - [process] 2026-06-03 12:09:22,388 INFO process_modis - Step: keeping native L1 grid for cloud mask
2026-06-03 12:09:22,393 INFO run_pipeline - [process] 2026-06-03 12:09:22,393 INFO process_modis - Step: prepared Dataset for MYD021KM.A2024155.1230.061.2024156170514.hdf with vars=bt_ir_105,bt_wv_63,cloud_mask coords=time,crs,latitude,longitude
2026-06-03 12:09:24,037 INFO run_pipeline - [process] 2026-06-03 12:09:24,037 INFO process_modis - Wrote /sat_data/modis/processed/2024/06/03/20240603T1230_modis_aqua_bt_ir_105_bt_wv_63_cloud_mask.nc
2026-06-03 12:09:34,335 INFO run_pipeline - [process] 2026-06-03 12:09:34,335 INFO process_modis - Step: keeping native L1 grid for ir_105
2026-06-03 12:09:34,709 INFO run_pipeline - [process] 2026-06-03 12:09:34,709 INFO process_modis - Step: keeping native L1 grid for wv_63
2026-06-03 12:09:35,312 INFO run_pipeline - [process] 2026-06-03 12:09:35,312 INFO process_modis - Step: loading/resampling cloud mask from MYD35_L2.A2024155.1225.061.2024156170405.hdf
2026-06-03 12:09:35,312 INFO run_pipeline - [process] 2026-06-03 12:09:35,312 INFO process_modis - Step: keeping native L1 grid for cloud mask
2026-06-03 12:09:35,317 INFO run_pipeline - [process] 2026-06-03 12:09:35,317 INFO process_modis - Step: prepared Dataset for MYD021KM.A2024155.1225.061.2024156170208.hdf with vars=bt_ir_105,bt_wv_63,cloud_mask coords=time,crs,latitude,longitude
2026-06-03 12:09:36,394 INFO run_pipeline - [process] 2026-06-03 12:09:36,394 INFO process_modis - Step: keeping native L1 grid for ir_105
2026-06-03 12:09:36,864 INFO run_pipeline - [process] 2026-06-03 12:09:36,864 INFO process_modis - Wrote /sat_data/modis/processed/2024/06/03/20240603T1225_modis_aqua_bt_ir_105_bt_wv_63_cloud_mask.nc
2026-06-03 12:09:37,010 INFO run_pipeline - [process] 2026-06-03 12:09:37,010 INFO process_modis - Step: keeping native L1 grid for wv_63
2026-06-03 12:09:37,596 INFO run_pipeline - [process] 2026-06-03 12:09:37,596 INFO process_modis - Step: loading/resampling cloud mask from MYD35_L2.A2024155.0300.061.2024156171738.hdf
2026-06-03 12:09:37,596 INFO run_pipeline - [process] 2026-06-03 12:09:37,596 INFO process_modis - Step: keeping native L1 grid for cloud mask
2026-06-03 12:09:37,600 INFO run_pipeline - [process] 2026-06-03 12:09:37,600 INFO process_modis - Step: prepared Dataset for MYD021KM.A2024155.0300.061.2024156171545.hdf with vars=bt_ir_105,bt_wv_63,cloud_mask coords=time,crs,latitude,longitude
2026-06-03 12:09:38,910 INFO run_pipeline - [process] 2026-06-03 12:09:38,910 INFO process_modis - Step: keeping native L1 grid for ir_105
2026-06-03 12:09:39,150 INFO run_pipeline - [process] 2026-06-03 12:09:39,150 INFO process_modis - Step: keeping native L1 grid for wv_63
2026-06-03 12:09:39,299 INFO run_pipeline - [process] 2026-06-03 12:09:39,299 INFO process_modis - Wrote /sat_data/modis/processed/2024/06/03/20240603T0300_modis_aqua_bt_ir_105_bt_wv_63_cloud_mask.nc
2026-06-03 12:09:39,791 INFO run_pipeline - [process] 2026-06-03 12:09:39,791 INFO process_modis - Step: loading/resampling cloud mask from MYD35_L2.A2024155.0120.061.2024156171051.hdf
2026-06-03 12:09:39,792 INFO run_pipeline - [process] 2026-06-03 12:09:39,791 INFO process_modis - Step: keeping native L1 grid for cloud mask
2026-06-03 12:09:39,797 INFO run_pipeline - [process] 2026-06-03 12:09:39,797 INFO process_modis - Step: prepared Dataset for MYD021KM.A2024155.0120.061.2024156170956.hdf with vars=bt_ir_105,bt_wv_63,cloud_mask coords=time,crs,latitude,longitude
2026-06-03 12:09:41,680 INFO run_pipeline - [process] 2026-06-03 12:09:41,679 INFO process_modis - Wrote /sat_data/modis/processed/2024/06/03/20240603T0120_modis_aqua_bt_ir_105_bt_wv_63_cloud_mask.nc
2026-06-03 12:09:57,563 INFO run_pipeline - [process] 2026-06-03 12:09:57,563 INFO process_modis - Step: keeping native L1 grid for ir_105
2026-06-03 12:09:57,954 INFO run_pipeline - [process] 2026-06-03 12:09:57,954 INFO process_modis - Step: keeping native L1 grid for wv_63
2026-06-03 12:09:58,513 INFO run_pipeline - [process] 2026-06-03 12:09:58,513 INFO process_modis - Step: loading/resampling cloud mask from MYD35_L2.A2024155.1405.061.2024156170359.hdf
2026-06-03 12:09:58,513 INFO run_pipeline - [process] 2026-06-03 12:09:58,513 INFO process_modis - Step: keeping native L1 grid for cloud mask
2026-06-03 12:09:58,518 INFO run_pipeline - [process] 2026-06-03 12:09:58,517 INFO process_modis - Step: prepared Dataset for MYD021KM.A2024155.1405.061.2024156170159.hdf with vars=bt_ir_105,bt_wv_63,cloud_mask coords=time,crs,latitude,longitude
2026-06-03 12:10:00,014 INFO run_pipeline - [process] 2026-06-03 12:10:00,014 INFO process_modis - Wrote /sat_data/modis/processed/2024/06/03/20240603T1405_modis_aqua_bt_ir_105_bt_wv_63_cloud_mask.nc
2026-06-03 12:10:00,158 INFO run_pipeline - [process] 2026-06-03 12:10:00,158 INFO process_modis - Processed 6 files for aqua in /sat_data/modis/raw/radiances/2024/06/03
2026-06-03 12:10:00,637 INFO run_pipeline - Finished process in 536.78s with return code 0
2026-06-03 12:10:00,637 WARNING run_pipeline - process produced 2 error lines
2026-06-03 12:10:00,637 INFO run_pipeline - Wrote full process output to /sat_data/modis/processed/pipeline_errors.log
2026-06-03 12:10:00,637 INFO run_pipeline - Starting upload: /home/Daniele/miniforge3/envs/satpy/bin/python /home/Daniele/codes/MODIS-processing/scripts/2_upload_s3.py --config /home/Daniele/codes/MODIS-processing/config/pipeline_config.yaml --credentials /home/Daniele/codes/MODIS-processing/s3_credentials.py --date 2024-06-03 --log-level INFO --verify
2026-06-03 12:10:08,035 INFO run_pipeline - [upload] 2026-06-03 12:10:08,035 INFO upload_s3 - Uploaded 11 files
2026-06-03 12:10:08,328 INFO run_pipeline - Finished upload in 7.69s with return code 0
2026-06-03 12:10:08,328 INFO run_pipeline - Batch 2024-06-03 finished in download=29.24s process=536.78s upload=7.69s | L1=12 L2=12 processed=11 uploaded=11 errors=2 failed_stage=none
2026-06-03 12:10:08,328 INFO run_pipeline - === Batch 2024-06-04 ===
2026-06-03 12:10:08,328 INFO run_pipeline - Starting download: /home/Daniele/miniforge3/envs/satpy/bin/python /home/Daniele/codes/MODIS-processing/scripts/0_download_modis.py --config /home/Daniele/codes/MODIS-processing/config/pipeline_config.yaml --date 2024-06-04 --log-level INFO
2026-06-03 12:10:09,998 INFO run_pipeline - [download] 2026-06-03 12:10:09,998 INFO download_modis - Searching CMR for MOD021KM between 2024-06-04 00:00:00 and 2024-06-05 00:00:00
2026-06-03 12:10:10,324 INFO run_pipeline - [download] 2026-06-03 12:10:10,323 INFO download_modis - Downloading 7 granules with 6 workers for MOD021KM
2026-06-03 12:10:23,879 INFO run_pipeline - [download] 2026-06-03 12:10:23,879 INFO download_modis - Searching CMR for MOD35_L2 between 2024-06-04 00:00:00 and 2024-06-05 00:00:00
2026-06-03 12:10:24,183 INFO run_pipeline - [download] 2026-06-03 12:10:24,183 INFO download_modis - Downloading 7 granules with 6 workers for MOD35_L2
2026-06-03 12:10:30,533 INFO run_pipeline - [download] 2026-06-03 12:10:30,532 INFO download_modis - terra [2024-06-04 - 2024-06-05] L1 downloaded=7 skipped=7 | L2 downloaded=7 skipped=0
2026-06-03 12:10:30,533 INFO run_pipeline - [download] 2026-06-03 12:10:30,532 INFO download_modis - Searching CMR for MYD021KM between 2024-06-04 00:00:00 and 2024-06-05 00:00:00
2026-06-03 12:10:30,822 INFO run_pipeline - [download] 2026-06-03 12:10:30,821 INFO download_modis - Downloading 6 granules with 6 workers for MYD021KM
2026-06-03 12:10:40,591 INFO run_pipeline - [download] 2026-06-03 12:10:40,590 INFO download_modis - Searching CMR for MYD35_L2 between 2024-06-04 00:00:00 and 2024-06-05 00:00:00
2026-06-03 12:10:40,951 INFO run_pipeline - [download] 2026-06-03 12:10:40,951 INFO download_modis - Downloading 6 granules with 6 workers for MYD35_L2
2026-06-03 12:10:44,586 INFO run_pipeline - [download] 2026-06-03 12:10:44,586 INFO download_modis - aqua [2024-06-04 - 2024-06-05] L1 downloaded=6 skipped=6 | L2 downloaded=6 skipped=0
2026-06-03 12:10:44,837 INFO run_pipeline - Finished download in 36.51s with return code 0
2026-06-03 12:10:44,838 INFO run_pipeline - Starting process: /home/Daniele/miniforge3/envs/satpy/bin/python /home/Daniele/codes/MODIS-processing/scripts/1_process_modis.py --config /home/Daniele/codes/MODIS-processing/config/pipeline_config.yaml --date 2024-06-04 --log-level INFO
2026-06-03 12:10:45,958 INFO run_pipeline - [process] 2026-06-03 12:10:45,958 INFO process_modis - Day terra /sat_data/modis/raw/radiances/2024/06/04: found 7 L1 files and 7 L2 files (dir totals: 13 radiance, 13 cloud)
2026-06-03 12:10:45,959 INFO run_pipeline - [process] 2026-06-03 12:10:45,958 INFO process_modis - Processing 7 granules with 5 workers
2026-06-03 12:10:45,959 INFO run_pipeline - [process] 2026-06-03 12:10:45,959 INFO process_modis - Processing granule MOD021KM.A2024156.0825.061.2024157020932.hdf timestamp=20240604T0825 matched_L2=MOD35_L2.A2024156.0825.061.2024157021126.hdf
2026-06-03 12:10:45,960 INFO run_pipeline - [process] 2026-06-03 12:10:45,959 INFO process_modis - Step: loading BT datasets for MOD021KM.A2024156.0825.061.2024157020932.hdf
2026-06-03 12:10:45,960 INFO run_pipeline - [process] 2026-06-03 12:10:45,960 INFO process_modis - Processing granule MOD021KM.A2024156.1000.061.2024156191553.hdf timestamp=20240604T1000 matched_L2=MOD35_L2.A2024156.1000.061.2024156191747.hdf
2026-06-03 12:10:45,961 INFO run_pipeline - [process] 2026-06-03 12:10:45,960 INFO process_modis - Step: loading BT datasets for MOD021KM.A2024156.1000.061.2024156191553.hdf
2026-06-03 12:10:45,961 INFO run_pipeline - [process] 2026-06-03 12:10:45,961 INFO process_modis - Processing granule MOD021KM.A2024156.1005.061.2024156192935.hdf timestamp=20240604T1005 matched_L2=MOD35_L2.A2024156.1005.061.2024156193128.hdf
2026-06-03 12:10:45,961 INFO run_pipeline - [process] 2026-06-03 12:10:45,961 INFO process_modis - Step: loading BT datasets for MOD021KM.A2024156.1005.061.2024156192935.hdf
2026-06-03 12:10:45,962 INFO run_pipeline - [process] 2026-06-03 12:10:45,962 INFO process_modis - Processing granule MOD021KM.A2024156.1930.061.2024157074249.hdf timestamp=20240604T1930 matched_L2=MOD35_L2.A2024156.1930.061.2024157074353.hdf
2026-06-03 12:10:45,962 INFO run_pipeline - [process] 2026-06-03 12:10:45,962 INFO process_modis - Step: loading BT datasets for MOD021KM.A2024156.1930.061.2024157074249.hdf
2026-06-03 12:10:45,962 INFO run_pipeline - [process] 2026-06-03 12:10:45,962 INFO process_modis - Processing granule MOD021KM.A2024156.1935.061.2024157074316.hdf timestamp=20240604T1935 matched_L2=MOD35_L2.A2024156.1935.061.2024157074817.hdf
2026-06-03 12:10:45,962 INFO run_pipeline - [process] 2026-06-03 12:10:45,962 INFO process_modis - Step: loading BT datasets for MOD021KM.A2024156.1935.061.2024157074316.hdf
2026-06-03 12:10:48,445 INFO run_pipeline - [process] 2026-06-03 12:10:48,444 INFO process_modis - Step: loaded BT datasets for MOD021KM.A2024156.0825.061.2024157020932.hdf: bt_ir_105,bt_wv_63
2026-06-03 12:10:48,453 INFO run_pipeline - [process] 2026-06-03 12:10:48,453 INFO process_modis - Step: loaded BT datasets for MOD021KM.A2024156.1935.061.2024157074316.hdf: bt_ir_105,bt_wv_63
2026-06-03 12:10:48,499 INFO run_pipeline - [process] 2026-06-03 12:10:48,499 INFO process_modis - Step: loaded BT datasets for MOD021KM.A2024156.1005.061.2024156192935.hdf: bt_ir_105,bt_wv_63
2026-06-03 12:10:48,522 INFO run_pipeline - [process] 2026-06-03 12:10:48,522 INFO process_modis - Step: loaded BT datasets for MOD021KM.A2024156.1930.061.2024157074249.hdf: bt_ir_105,bt_wv_63
2026-06-03 12:10:48,580 INFO run_pipeline - [process] 2026-06-03 12:10:48,579 INFO process_modis - Step: loaded BT datasets for MOD021KM.A2024156.1000.061.2024156191553.hdf: bt_ir_105,bt_wv_63
2026-06-03 12:14:07,447 INFO run_pipeline - [process] 2026-06-03 12:14:07,445 INFO process_modis - Step: keeping native L1 grid for ir_105
2026-06-03 12:14:07,779 INFO run_pipeline - [process] 2026-06-03 12:14:07,779 INFO process_modis - Step: keeping native L1 grid for wv_63
2026-06-03 12:14:08,297 INFO run_pipeline - [process] 2026-06-03 12:14:08,297 INFO process_modis - Step: loading/resampling cloud mask from MOD35_L2.A2024156.1930.061.2024157074353.hdf
2026-06-03 12:14:08,297 INFO run_pipeline - [process] 2026-06-03 12:14:08,297 INFO process_modis - Step: keeping native L1 grid for cloud mask
2026-06-03 12:14:08,303 INFO run_pipeline - [process] 2026-06-03 12:14:08,303 INFO process_modis - Step: prepared Dataset for MOD021KM.A2024156.1930.061.2024157074249.hdf with vars=bt_ir_105,bt_wv_63,cloud_mask coords=time,crs,latitude,longitude
2026-06-03 12:14:10,051 INFO run_pipeline - [process] 2026-06-03 12:14:10,051 INFO process_modis - Wrote /sat_data/modis/processed/2024/06/04/20240604T1930_modis_terra_bt_ir_105_bt_wv_63_cloud_mask.nc
2026-06-03 12:14:10,061 INFO run_pipeline - [process] 2026-06-03 12:14:10,061 INFO process_modis - Processing granule MOD021KM.A2024156.2110.061.2024157182229.hdf timestamp=20240604T2110 matched_L2=MOD35_L2.A2024156.2110.061.2024157183707.hdf
2026-06-03 12:14:10,061 INFO run_pipeline - [process] 2026-06-03 12:14:10,061 INFO process_modis - Step: loading BT datasets for MOD021KM.A2024156.2110.061.2024157182229.hdf
2026-06-03 12:14:10,576 INFO run_pipeline - [process] 2026-06-03 12:14:10,576 INFO process_modis - Step: loaded BT datasets for MOD021KM.A2024156.2110.061.2024157182229.hdf: bt_ir_105,bt_wv_63
2026-06-03 12:14:53,996 INFO run_pipeline - [process] 2026-06-03 12:14:53,995 INFO process_modis - Step: keeping native L1 grid for ir_105
2026-06-03 12:14:54,302 INFO run_pipeline - [process] 2026-06-03 12:14:54,302 INFO process_modis - Step: keeping native L1 grid for wv_63
2026-06-03 12:14:54,993 INFO run_pipeline - [process] 2026-06-03 12:14:54,993 INFO process_modis - Step: loading/resampling cloud mask from MOD35_L2.A2024156.1000.061.2024156191747.hdf
2026-06-03 12:14:54,994 INFO run_pipeline - [process] 2026-06-03 12:14:54,993 INFO process_modis - Step: keeping native L1 grid for cloud mask
2026-06-03 12:14:54,997 INFO run_pipeline - [process] 2026-06-03 12:14:54,997 INFO process_modis - Step: prepared Dataset for MOD021KM.A2024156.1000.061.2024156191553.hdf with vars=bt_ir_105,bt_wv_63,cloud_mask coords=time,crs,latitude,longitude
2026-06-03 12:14:56,520 INFO run_pipeline - [process] 2026-06-03 12:14:56,519 INFO process_modis - Wrote /sat_data/modis/processed/2024/06/04/20240604T1000_modis_terra_bt_ir_105_bt_wv_63_cloud_mask.nc
2026-06-03 12:14:56,530 INFO run_pipeline - [process] 2026-06-03 12:14:56,530 INFO process_modis - Processing granule MOD021KM.A2024156.2115.061.2024157133605.hdf timestamp=20240604T2115 matched_L2=MOD35_L2.A2024156.2115.061.2024157133751.hdf
2026-06-03 12:14:56,530 INFO run_pipeline - [process] 2026-06-03 12:14:56,530 INFO process_modis - Step: loading BT datasets for MOD021KM.A2024156.2115.061.2024157133605.hdf
2026-06-03 12:14:56,980 INFO run_pipeline - [process] 2026-06-03 12:14:56,980 INFO process_modis - Step: loaded BT datasets for MOD021KM.A2024156.2115.061.2024157133605.hdf: bt_ir_105,bt_wv_63
2026-06-03 12:15:05,890 INFO run_pipeline - [process] 2026-06-03 12:15:05,890 INFO process_modis - Step: keeping native L1 grid for ir_105
2026-06-03 12:15:06,205 INFO run_pipeline - [process] 2026-06-03 12:15:06,205 INFO process_modis - Step: keeping native L1 grid for wv_63
2026-06-03 12:15:06,507 INFO run_pipeline - [process] 2026-06-03 12:15:06,507 INFO process_modis - Step: keeping native L1 grid for ir_105
2026-06-03 12:15:06,756 INFO run_pipeline - [process] 2026-06-03 12:15:06,756 INFO process_modis - Step: loading/resampling cloud mask from MOD35_L2.A2024156.0825.061.2024157021126.hdf
2026-06-03 12:15:06,756 INFO run_pipeline - [process] 2026-06-03 12:15:06,756 INFO process_modis - Step: keeping native L1 grid for cloud mask
2026-06-03 12:15:06,761 INFO run_pipeline - [process] 2026-06-03 12:15:06,761 INFO process_modis - Step: prepared Dataset for MOD021KM.A2024156.0825.061.2024157020932.hdf with vars=bt_ir_105,bt_wv_63,cloud_mask coords=time,crs,latitude,longitude
2026-06-03 12:15:06,846 INFO run_pipeline - [process] 2026-06-03 12:15:06,845 INFO process_modis - Step: keeping native L1 grid for wv_63
2026-06-03 12:15:07,536 INFO run_pipeline - [process] 2026-06-03 12:15:07,536 INFO process_modis - Step: loading/resampling cloud mask from MOD35_L2.A2024156.1005.061.2024156193128.hdf
2026-06-03 12:15:07,537 INFO run_pipeline - [process] 2026-06-03 12:15:07,536 INFO process_modis - Step: keeping native L1 grid for cloud mask
2026-06-03 12:15:07,541 INFO run_pipeline - [process] 2026-06-03 12:15:07,541 INFO process_modis - Step: prepared Dataset for MOD021KM.A2024156.1005.061.2024156192935.hdf with vars=bt_ir_105,bt_wv_63,cloud_mask coords=time,crs,latitude,longitude
2026-06-03 12:15:08,570 INFO run_pipeline - [process] 2026-06-03 12:15:08,570 INFO process_modis - Wrote /sat_data/modis/processed/2024/06/04/20240604T0825_modis_terra_bt_ir_105_bt_wv_63_cloud_mask.nc
2026-06-03 12:15:10,472 INFO run_pipeline - [process] 2026-06-03 12:15:10,472 INFO process_modis - Wrote /sat_data/modis/processed/2024/06/04/20240604T1005_modis_terra_bt_ir_105_bt_wv_63_cloud_mask.nc
2026-06-03 12:15:11,611 INFO run_pipeline - [process] 2026-06-03 12:15:11,610 INFO process_modis - Step: keeping native L1 grid for ir_105
2026-06-03 12:15:11,908 INFO run_pipeline - [process] 2026-06-03 12:15:11,908 INFO process_modis - Step: keeping native L1 grid for wv_63
2026-06-03 12:15:12,435 INFO run_pipeline - [process] 2026-06-03 12:15:12,435 INFO process_modis - Step: loading/resampling cloud mask from MOD35_L2.A2024156.1935.061.2024157074817.hdf
2026-06-03 12:15:12,436 INFO run_pipeline - [process] 2026-06-03 12:15:12,435 INFO process_modis - Step: keeping native L1 grid for cloud mask
2026-06-03 12:15:12,440 INFO run_pipeline - [process] 2026-06-03 12:15:12,439 INFO process_modis - Step: prepared Dataset for MOD021KM.A2024156.1935.061.2024157074316.hdf with vars=bt_ir_105,bt_wv_63,cloud_mask coords=time,crs,latitude,longitude
2026-06-03 12:15:13,943 INFO run_pipeline - [process] 2026-06-03 12:15:13,942 INFO process_modis - Wrote /sat_data/modis/processed/2024/06/04/20240604T1935_modis_terra_bt_ir_105_bt_wv_63_cloud_mask.nc
2026-06-03 12:15:31,645 INFO run_pipeline - [process] 2026-06-03 12:15:31,644 INFO process_modis - Step: keeping native L1 grid for ir_105
2026-06-03 12:15:31,902 INFO run_pipeline - [process] 2026-06-03 12:15:31,902 INFO process_modis - Step: keeping native L1 grid for wv_63
2026-06-03 12:15:32,397 INFO run_pipeline - [process] 2026-06-03 12:15:32,396 INFO process_modis - Step: loading/resampling cloud mask from MOD35_L2.A2024156.2110.061.2024157183707.hdf
2026-06-03 12:15:32,397 INFO run_pipeline - [process] 2026-06-03 12:15:32,396 INFO process_modis - Step: keeping native L1 grid for cloud mask
2026-06-03 12:15:32,401 INFO run_pipeline - [process] 2026-06-03 12:15:32,401 INFO process_modis - Step: prepared Dataset for MOD021KM.A2024156.2110.061.2024157182229.hdf with vars=bt_ir_105,bt_wv_63,cloud_mask coords=time,crs,latitude,longitude
2026-06-03 12:15:33,909 INFO run_pipeline - [process] 2026-06-03 12:15:33,909 INFO process_modis - Wrote /sat_data/modis/processed/2024/06/04/20240604T2110_modis_terra_bt_ir_105_bt_wv_63_cloud_mask.nc
2026-06-03 12:15:54,850 INFO run_pipeline - [process] 2026-06-03 12:15:54,850 INFO process_modis - Step: keeping native L1 grid for ir_105
2026-06-03 12:15:55,147 INFO run_pipeline - [process] 2026-06-03 12:15:55,147 INFO process_modis - Step: keeping native L1 grid for wv_63
2026-06-03 12:15:55,656 INFO run_pipeline - [process] 2026-06-03 12:15:55,655 INFO process_modis - Step: loading/resampling cloud mask from MOD35_L2.A2024156.2115.061.2024157133751.hdf
2026-06-03 12:15:55,656 INFO run_pipeline - [process] 2026-06-03 12:15:55,656 INFO process_modis - Step: keeping native L1 grid for cloud mask
2026-06-03 12:15:55,660 INFO run_pipeline - [process] 2026-06-03 12:15:55,660 INFO process_modis - Step: prepared Dataset for MOD021KM.A2024156.2115.061.2024157133605.hdf with vars=bt_ir_105,bt_wv_63,cloud_mask coords=time,crs,latitude,longitude
2026-06-03 12:15:57,161 INFO run_pipeline - [process] 2026-06-03 12:15:57,160 INFO process_modis - Wrote /sat_data/modis/processed/2024/06/04/20240604T2115_modis_terra_bt_ir_105_bt_wv_63_cloud_mask.nc
2026-06-03 12:15:57,220 INFO run_pipeline - [process] 2026-06-03 12:15:57,220 INFO process_modis - Processed 7 files for terra in /sat_data/modis/raw/radiances/2024/06/04
2026-06-03 12:15:57,221 INFO run_pipeline - [process] 2026-06-03 12:15:57,221 INFO process_modis - Day aqua /sat_data/modis/raw/radiances/2024/06/04: found 6 L1 files and 6 L2 files (dir totals: 13 radiance, 13 cloud)
2026-06-03 12:15:57,221 INFO run_pipeline - [process] 2026-06-03 12:15:57,221 INFO process_modis - Processing 6 granules with 5 workers
2026-06-03 12:15:57,222 INFO run_pipeline - [process] 2026-06-03 12:15:57,222 INFO process_modis - Processing granule MYD021KM.A2024156.0200.061.2024156172705.hdf timestamp=20240604T0200 matched_L2=MYD35_L2.A2024156.0200.061.2024156172836.hdf
2026-06-03 12:15:57,222 INFO run_pipeline - [process] 2026-06-03 12:15:57,222 INFO process_modis - Step: loading BT datasets for MYD021KM.A2024156.0200.061.2024156172705.hdf
2026-06-03 12:15:57,297 INFO run_pipeline - [process] 2026-06-03 12:15:57,297 INFO process_modis - Processing granule MYD021KM.A2024156.0335.061.2024156172650.hdf timestamp=20240604T0335 matched_L2=MYD35_L2.A2024156.0335.061.2024156172853.hdf
2026-06-03 12:15:57,297 INFO run_pipeline - [process] 2026-06-03 12:15:57,297 INFO process_modis - Step: loading BT datasets for MYD021KM.A2024156.0335.061.2024156172650.hdf
2026-06-03 12:15:57,313 INFO run_pipeline - [process] 2026-06-03 12:15:57,313 INFO process_modis - Processing granule MYD021KM.A2024156.0340.061.2024156172627.hdf timestamp=20240604T0340 matched_L2=MYD35_L2.A2024156.0340.061.2024156172730.hdf
2026-06-03 12:15:57,415 INFO run_pipeline - [process] 2026-06-03 12:15:57,415 INFO process_modis - Step: loading BT datasets for MYD021KM.A2024156.0340.061.2024156172627.hdf
2026-06-03 12:15:57,415 INFO run_pipeline - [process] 2026-06-03 12:15:57,415 INFO process_modis - Processing granule MYD021KM.A2024156.1130.061.2024157151317.hdf timestamp=20240604T1130 matched_L2=MYD35_L2.A2024156.1130.061.2024157151508.hdf
2026-06-03 12:15:57,416 INFO run_pipeline - [process] 2026-06-03 12:15:57,415 INFO process_modis - Step: loading BT datasets for MYD021KM.A2024156.1130.061.2024157151317.hdf
2026-06-03 12:15:57,422 INFO run_pipeline - [process] 2026-06-03 12:15:57,422 INFO process_modis - Processing granule MYD021KM.A2024156.1305.061.2024157153814.hdf timestamp=20240604T1305 matched_L2=MYD35_L2.A2024156.1305.061.2024157154015.hdf
2026-06-03 12:15:57,423 INFO run_pipeline - [process] 2026-06-03 12:15:57,422 INFO process_modis - Step: loading BT datasets for MYD021KM.A2024156.1305.061.2024157153814.hdf
2026-06-03 12:15:58,591 INFO run_pipeline - [process] 2026-06-03 12:15:58,591 INFO process_modis - Step: loaded BT datasets for MYD021KM.A2024156.0200.061.2024156172705.hdf: bt_ir_105,bt_wv_63
2026-06-03 12:15:58,637 INFO run_pipeline - [process] 2026-06-03 12:15:58,637 INFO process_modis - Step: loaded BT datasets for MYD021KM.A2024156.0335.061.2024156172650.hdf: bt_ir_105,bt_wv_63
2026-06-03 12:15:58,698 INFO run_pipeline - [process] 2026-06-03 12:15:58,698 INFO process_modis - Step: loaded BT datasets for MYD021KM.A2024156.1305.061.2024157153814.hdf: bt_ir_105,bt_wv_63
2026-06-03 12:15:58,721 INFO run_pipeline - [process] 2026-06-03 12:15:58,720 INFO process_modis - Step: loaded BT datasets for MYD021KM.A2024156.1130.061.2024157151317.hdf: bt_ir_105,bt_wv_63
2026-06-03 12:15:58,773 INFO run_pipeline - [process] 2026-06-03 12:15:58,773 INFO process_modis - Step: loaded BT datasets for MYD021KM.A2024156.0340.061.2024156172627.hdf: bt_ir_105,bt_wv_63
2026-06-03 12:19:31,471 INFO run_pipeline - [process] 2026-06-03 12:19:31,470 INFO process_modis - Step: keeping native L1 grid for ir_105
2026-06-03 12:19:31,829 INFO run_pipeline - [process] 2026-06-03 12:19:31,829 INFO process_modis - Step: keeping native L1 grid for wv_63
2026-06-03 12:19:32,318 INFO run_pipeline - [process] 2026-06-03 12:19:32,318 INFO process_modis - Step: loading/resampling cloud mask from MYD35_L2.A2024156.0340.061.2024156172730.hdf
2026-06-03 12:19:32,319 INFO run_pipeline - [process] 2026-06-03 12:19:32,318 INFO process_modis - Step: keeping native L1 grid for cloud mask
2026-06-03 12:19:32,326 INFO run_pipeline - [process] 2026-06-03 12:19:32,325 INFO process_modis - Step: prepared Dataset for MYD021KM.A2024156.0340.061.2024156172627.hdf with vars=bt_ir_105,bt_wv_63,cloud_mask coords=time,crs,latitude,longitude
2026-06-03 12:19:33,979 INFO run_pipeline - [process] 2026-06-03 12:19:33,979 INFO process_modis - Wrote /sat_data/modis/processed/2024/06/04/20240604T0340_modis_aqua_bt_ir_105_bt_wv_63_cloud_mask.nc
2026-06-03 12:19:34,014 INFO run_pipeline - [process] 2026-06-03 12:19:34,014 INFO process_modis - Processing granule MYD021KM.A2024156.1310.061.2024157154117.hdf timestamp=20240604T1310 matched_L2=MYD35_L2.A2024156.1310.061.2024157154330.hdf
2026-06-03 12:19:34,014 INFO run_pipeline - [process] 2026-06-03 12:19:34,014 INFO process_modis - Step: loading BT datasets for MYD021KM.A2024156.1310.061.2024157154117.hdf
2026-06-03 12:19:34,553 INFO run_pipeline - [process] 2026-06-03 12:19:34,552 INFO process_modis - Step: loaded BT datasets for MYD021KM.A2024156.1310.061.2024157154117.hdf: bt_ir_105,bt_wv_63
2026-06-03 12:20:09,601 INFO run_pipeline - [process] 2026-06-03 12:20:09,601 INFO process_modis - Step: keeping native L1 grid for ir_105
2026-06-03 12:20:09,894 INFO run_pipeline - [process] 2026-06-03 12:20:09,894 INFO process_modis - Step: keeping native L1 grid for wv_63
2026-06-03 12:20:10,569 INFO run_pipeline - [process] 2026-06-03 12:20:10,568 INFO process_modis - Step: loading/resampling cloud mask from MYD35_L2.A2024156.1305.061.2024157154015.hdf
2026-06-03 12:20:10,569 INFO run_pipeline - [process] 2026-06-03 12:20:10,568 INFO process_modis - Step: keeping native L1 grid for cloud mask
2026-06-03 12:20:10,573 INFO run_pipeline - [process] 2026-06-03 12:20:10,573 INFO process_modis - Step: prepared Dataset for MYD021KM.A2024156.1305.061.2024157153814.hdf with vars=bt_ir_105,bt_wv_63,cloud_mask coords=time,crs,latitude,longitude
2026-06-03 12:20:12,275 INFO run_pipeline - [process] 2026-06-03 12:20:12,275 INFO process_modis - Wrote /sat_data/modis/processed/2024/06/04/20240604T1305_modis_aqua_bt_ir_105_bt_wv_63_cloud_mask.nc
2026-06-03 12:20:15,909 INFO run_pipeline - [process] 2026-06-03 12:20:15,909 INFO process_modis - Step: keeping native L1 grid for ir_105
2026-06-03 12:20:16,158 INFO run_pipeline - [process] 2026-06-03 12:20:16,158 INFO process_modis - Step: keeping native L1 grid for wv_63
2026-06-03 12:20:16,612 INFO run_pipeline - [process] 2026-06-03 12:20:16,611 INFO process_modis - Step: loading/resampling cloud mask from MYD35_L2.A2024156.0200.061.2024156172836.hdf
2026-06-03 12:20:16,612 INFO run_pipeline - [process] 2026-06-03 12:20:16,612 INFO process_modis - Step: keeping native L1 grid for cloud mask
2026-06-03 12:20:16,617 INFO run_pipeline - [process] 2026-06-03 12:20:16,616 INFO process_modis - Step: prepared Dataset for MYD021KM.A2024156.0200.061.2024156172705.hdf with vars=bt_ir_105,bt_wv_63,cloud_mask coords=time,crs,latitude,longitude
2026-06-03 12:20:18,159 INFO run_pipeline - [process] 2026-06-03 12:20:18,159 INFO process_modis - Wrote /sat_data/modis/processed/2024/06/04/20240604T0200_modis_aqua_bt_ir_105_bt_wv_63_cloud_mask.nc
2026-06-03 12:20:18,240 INFO run_pipeline - [process] 2026-06-03 12:20:18,240 INFO process_modis - Step: keeping native L1 grid for ir_105
2026-06-03 12:20:18,471 INFO run_pipeline - [process] 2026-06-03 12:20:18,470 INFO process_modis - Step: keeping native L1 grid for wv_63
2026-06-03 12:20:18,942 INFO run_pipeline - [process] 2026-06-03 12:20:18,942 INFO process_modis - Step: loading/resampling cloud mask from MYD35_L2.A2024156.1130.061.2024157151508.hdf
2026-06-03 12:20:18,943 INFO run_pipeline - [process] 2026-06-03 12:20:18,942 INFO process_modis - Step: keeping native L1 grid for cloud mask
2026-06-03 12:20:18,946 INFO run_pipeline - [process] 2026-06-03 12:20:18,946 INFO process_modis - Step: prepared Dataset for MYD021KM.A2024156.1130.061.2024157151317.hdf with vars=bt_ir_105,bt_wv_63,cloud_mask coords=time,crs,latitude,longitude
2026-06-03 12:20:20,407 INFO run_pipeline - [process] 2026-06-03 12:20:20,407 INFO process_modis - Wrote /sat_data/modis/processed/2024/06/04/20240604T1130_modis_aqua_bt_ir_105_bt_wv_63_cloud_mask.nc
2026-06-03 12:20:25,905 INFO run_pipeline - [process] 2026-06-03 12:20:25,904 INFO process_modis - Step: keeping native L1 grid for ir_105
2026-06-03 12:20:26,156 INFO run_pipeline - [process] 2026-06-03 12:20:26,156 INFO process_modis - Step: keeping native L1 grid for wv_63
2026-06-03 12:20:26,591 INFO run_pipeline - [process] 2026-06-03 12:20:26,591 INFO process_modis - Step: loading/resampling cloud mask from MYD35_L2.A2024156.0335.061.2024156172853.hdf
2026-06-03 12:20:26,592 INFO run_pipeline - [process] 2026-06-03 12:20:26,591 INFO process_modis - Step: keeping native L1 grid for cloud mask
2026-06-03 12:20:26,596 INFO run_pipeline - [process] 2026-06-03 12:20:26,596 INFO process_modis - Step: prepared Dataset for MYD021KM.A2024156.0335.061.2024156172650.hdf with vars=bt_ir_105,bt_wv_63,cloud_mask coords=time,crs,latitude,longitude
2026-06-03 12:20:28,056 INFO run_pipeline - [process] 2026-06-03 12:20:28,056 INFO process_modis - Wrote /sat_data/modis/processed/2024/06/04/20240604T0335_modis_aqua_bt_ir_105_bt_wv_63_cloud_mask.nc
2026-06-03 12:20:44,071 INFO run_pipeline - [process] 2026-06-03 12:20:44,071 INFO process_modis - Step: keeping native L1 grid for ir_105
2026-06-03 12:20:44,337 INFO run_pipeline - [process] 2026-06-03 12:20:44,336 INFO process_modis - Step: keeping native L1 grid for wv_63
2026-06-03 12:20:44,877 INFO run_pipeline - [process] 2026-06-03 12:20:44,877 INFO process_modis - Step: loading/resampling cloud mask from MYD35_L2.A2024156.1310.061.2024157154330.hdf
2026-06-03 12:20:44,877 INFO run_pipeline - [process] 2026-06-03 12:20:44,877 INFO process_modis - Step: keeping native L1 grid for cloud mask
2026-06-03 12:20:44,888 INFO run_pipeline - [process] 2026-06-03 12:20:44,888 INFO process_modis - Step: prepared Dataset for MYD021KM.A2024156.1310.061.2024157154117.hdf with vars=bt_ir_105,bt_wv_63,cloud_mask coords=time,crs,latitude,longitude
2026-06-03 12:20:46,531 INFO run_pipeline - [process] 2026-06-03 12:20:46,531 INFO process_modis - Wrote /sat_data/modis/processed/2024/06/04/20240604T1310_modis_aqua_bt_ir_105_bt_wv_63_cloud_mask.nc
2026-06-03 12:20:46,586 INFO run_pipeline - [process] 2026-06-03 12:20:46,585 INFO process_modis - Processed 6 files for aqua in /sat_data/modis/raw/radiances/2024/06/04
2026-06-03 12:20:47,249 INFO run_pipeline - Finished process in 602.41s with return code 0
2026-06-03 12:20:47,250 INFO run_pipeline - Starting upload: /home/Daniele/miniforge3/envs/satpy/bin/python /home/Daniele/codes/MODIS-processing/scripts/2_upload_s3.py --config /home/Daniele/codes/MODIS-processing/config/pipeline_config.yaml --credentials /home/Daniele/codes/MODIS-processing/s3_credentials.py --date 2024-06-04 --log-level INFO --verify
2026-06-03 12:20:56,429 INFO run_pipeline - [upload] 2026-06-03 12:20:56,429 INFO upload_s3 - Uploaded 13 files
2026-06-03 12:20:56,678 INFO run_pipeline - Finished upload in 9.43s with return code 0
2026-06-03 12:20:56,679 INFO run_pipeline - Batch 2024-06-04 finished in download=36.51s process=602.41s upload=9.43s | L1=13 L2=13 processed=13 uploaded=13 errors=0 failed_stage=none
2026-06-03 12:20:56,679 INFO run_pipeline - === Batch 2024-06-05 ===
2026-06-03 12:20:56,680 INFO run_pipeline - Starting download: /home/Daniele/miniforge3/envs/satpy/bin/python /home/Daniele/codes/MODIS-processing/scripts/0_download_modis.py --config /home/Daniele/codes/MODIS-processing/config/pipeline_config.yaml --date 2024-06-05 --log-level INFO
2026-06-03 12:20:57,767 INFO run_pipeline - [download] 2026-06-03 12:20:57,767 INFO download_modis - Searching CMR for MOD021KM between 2024-06-05 00:00:00 and 2024-06-06 00:00:00
2026-06-03 12:20:58,106 INFO run_pipeline - [download] 2026-06-03 12:20:58,106 INFO download_modis - Downloading 8 granules with 6 workers for MOD021KM
2026-06-03 12:21:12,605 INFO run_pipeline - [download] 2026-06-03 12:21:12,604 INFO download_modis - Searching CMR for MOD35_L2 between 2024-06-05 00:00:00 and 2024-06-06 00:00:00
2026-06-03 12:21:12,889 INFO run_pipeline - [download] 2026-06-03 12:21:12,889 INFO download_modis - Downloading 8 granules with 6 workers for MOD35_L2
2026-06-03 12:21:19,760 INFO run_pipeline - [download] 2026-06-03 12:21:19,759 INFO download_modis - terra [2024-06-05 - 2024-06-06] L1 downloaded=8 skipped=8 | L2 downloaded=8 skipped=0
2026-06-03 12:21:19,760 INFO run_pipeline - [download] 2026-06-03 12:21:19,760 INFO download_modis - Searching CMR for MYD021KM between 2024-06-05 00:00:00 and 2024-06-06 00:00:00
2026-06-03 12:21:20,046 INFO run_pipeline - [download] 2026-06-03 12:21:20,046 INFO download_modis - Downloading 7 granules with 6 workers for MYD021KM
2026-06-03 12:21:33,909 INFO run_pipeline - [download] 2026-06-03 12:21:33,909 INFO download_modis - Searching CMR for MYD35_L2 between 2024-06-05 00:00:00 and 2024-06-06 00:00:00
2026-06-03 12:21:34,260 INFO run_pipeline - [download] 2026-06-03 12:21:34,259 INFO download_modis - Downloading 7 granules with 6 workers for MYD35_L2
2026-06-03 12:21:40,383 INFO run_pipeline - [download] 2026-06-03 12:21:40,383 INFO download_modis - aqua [2024-06-05 - 2024-06-06] L1 downloaded=7 skipped=7 | L2 downloaded=7 skipped=0
2026-06-03 12:21:40,584 INFO run_pipeline - Finished download in 43.90s with return code 0
2026-06-03 12:21:40,585 INFO run_pipeline - Starting process: /home/Daniele/miniforge3/envs/satpy/bin/python /home/Daniele/codes/MODIS-processing/scripts/1_process_modis.py --config /home/Daniele/codes/MODIS-processing/config/pipeline_config.yaml --date 2024-06-05 --log-level INFO
2026-06-03 12:21:41,689 INFO run_pipeline - [process] 2026-06-03 12:21:41,688 INFO process_modis - Day terra /sat_data/modis/raw/radiances/2024/06/05: found 8 L1 files and 8 L2 files (dir totals: 15 radiance, 15 cloud)
2026-06-03 12:21:41,689 INFO run_pipeline - [process] 2026-06-03 12:21:41,689 INFO process_modis - Processing 8 granules with 5 workers
2026-06-03 12:21:41,690 INFO run_pipeline - [process] 2026-06-03 12:21:41,689 INFO process_modis - Processing granule MOD021KM.A2024157.0905.061.2024157195113.hdf timestamp=20240605T0905 matched_L2=MOD35_L2.A2024157.0905.061.2024157200547.hdf
2026-06-03 12:21:41,690 INFO run_pipeline - [process] 2026-06-03 12:21:41,690 INFO process_modis - Step: loading BT datasets for MOD021KM.A2024157.0905.061.2024157195113.hdf
2026-06-03 12:21:41,690 INFO run_pipeline - [process] 2026-06-03 12:21:41,690 INFO process_modis - Processing granule MOD021KM.A2024157.0910.061.2024157195149.hdf timestamp=20240605T0910 matched_L2=MOD35_L2.A2024157.0910.061.2024157200548.hdf
2026-06-03 12:21:41,691 INFO run_pipeline - [process] 2026-06-03 12:21:41,690 INFO process_modis - Step: loading BT datasets for MOD021KM.A2024157.0910.061.2024157195149.hdf
2026-06-03 12:21:41,691 INFO run_pipeline - [process] 2026-06-03 12:21:41,691 INFO process_modis - Processing granule MOD021KM.A2024157.1040.061.2024157195035.hdf timestamp=20240605T1040 matched_L2=MOD35_L2.A2024157.1040.061.2024157200606.hdf
2026-06-03 12:21:41,692 INFO run_pipeline - [process] 2026-06-03 12:21:41,691 INFO process_modis - Step: loading BT datasets for MOD021KM.A2024157.1040.061.2024157195035.hdf
2026-06-03 12:21:41,692 INFO run_pipeline - [process] 2026-06-03 12:21:41,692 INFO process_modis - Processing granule MOD021KM.A2024157.1045.061.2024157195125.hdf timestamp=20240605T1045 matched_L2=MOD35_L2.A2024157.1045.061.2024157200601.hdf
2026-06-03 12:21:41,692 INFO run_pipeline - [process] 2026-06-03 12:21:41,692 INFO process_modis - Step: loading BT datasets for MOD021KM.A2024157.1045.061.2024157195125.hdf
2026-06-03 12:21:41,693 INFO run_pipeline - [process] 2026-06-03 12:21:41,693 INFO process_modis - Processing granule MOD021KM.A2024157.2010.061.2024158075910.hdf timestamp=20240605T2010 matched_L2=MOD35_L2.A2024157.2010.061.2024158080033.hdf
2026-06-03 12:21:41,693 INFO run_pipeline - [process] 2026-06-03 12:21:41,693 INFO process_modis - Step: loading BT datasets for MOD021KM.A2024157.2010.061.2024158075910.hdf
2026-06-03 12:21:43,910 INFO run_pipeline - [process] 2026-06-03 12:21:43,909 INFO process_modis - Step: loaded BT datasets for MOD021KM.A2024157.1040.061.2024157195035.hdf: bt_ir_105,bt_wv_63
2026-06-03 12:21:43,926 INFO run_pipeline - [process] 2026-06-03 12:21:43,925 INFO process_modis - Step: loaded BT datasets for MOD021KM.A2024157.0905.061.2024157195113.hdf: bt_ir_105,bt_wv_63
2026-06-03 12:21:43,949 INFO run_pipeline - [process] 2026-06-03 12:21:43,949 INFO process_modis - Step: loaded BT datasets for MOD021KM.A2024157.2010.061.2024158075910.hdf: bt_ir_105,bt_wv_63
2026-06-03 12:21:43,978 INFO run_pipeline - [process] 2026-06-03 12:21:43,978 INFO process_modis - Step: loaded BT datasets for MOD021KM.A2024157.1045.061.2024157195125.hdf: bt_ir_105,bt_wv_63
2026-06-03 12:21:44,072 INFO run_pipeline - [process] 2026-06-03 12:21:44,071 INFO process_modis - Step: loaded BT datasets for MOD021KM.A2024157.0910.061.2024157195149.hdf: bt_ir_105,bt_wv_63
2026-06-03 12:24:37,713 INFO run_pipeline - [process] 2026-06-03 12:24:37,711 INFO process_modis - Step: keeping native L1 grid for ir_105
2026-06-03 12:24:37,957 INFO run_pipeline - [process] 2026-06-03 12:24:37,957 INFO process_modis - Step: keeping native L1 grid for wv_63
2026-06-03 12:24:38,375 INFO run_pipeline - [process] 2026-06-03 12:24:38,375 INFO process_modis - Step: loading/resampling cloud mask from MOD35_L2.A2024157.0910.061.2024157200548.hdf
2026-06-03 12:24:38,375 INFO run_pipeline - [process] 2026-06-03 12:24:38,375 INFO process_modis - Step: keeping native L1 grid for cloud mask
2026-06-03 12:24:38,380 INFO run_pipeline - [process] 2026-06-03 12:24:38,380 INFO process_modis - Step: prepared Dataset for MOD021KM.A2024157.0910.061.2024157195149.hdf with vars=bt_ir_105,bt_wv_63,cloud_mask coords=time,crs,latitude,longitude
2026-06-03 12:24:39,864 INFO run_pipeline - [process] 2026-06-03 12:24:39,863 INFO process_modis - Wrote /sat_data/modis/processed/2024/06/05/20240605T0910_modis_terra_bt_ir_105_bt_wv_63_cloud_mask.nc
2026-06-03 12:24:39,874 INFO run_pipeline - [process] 2026-06-03 12:24:39,874 INFO process_modis - Processing granule MOD021KM.A2024157.2015.061.2024158122559.hdf timestamp=20240605T2015 matched_L2=MOD35_L2.A2024157.2015.061.2024158122723.hdf
2026-06-03 12:24:39,874 INFO run_pipeline - [process] 2026-06-03 12:24:39,874 INFO process_modis - Step: loading BT datasets for MOD021KM.A2024157.2015.061.2024158122559.hdf
2026-06-03 12:24:40,321 INFO run_pipeline - [process] 2026-06-03 12:24:40,320 INFO process_modis - Step: loaded BT datasets for MOD021KM.A2024157.2015.061.2024158122559.hdf: bt_ir_105,bt_wv_63
2026-06-03 12:25:09,072 INFO run_pipeline - [process] 2026-06-03 12:25:09,072 INFO process_modis - Step: keeping native L1 grid for ir_105
2026-06-03 12:25:09,376 INFO run_pipeline - [process] 2026-06-03 12:25:09,375 INFO process_modis - Step: keeping native L1 grid for wv_63
2026-06-03 12:25:10,003 INFO run_pipeline - [process] 2026-06-03 12:25:10,003 INFO process_modis - Step: loading/resampling cloud mask from MOD35_L2.A2024157.1040.061.2024157200606.hdf
2026-06-03 12:25:10,003 INFO run_pipeline - [process] 2026-06-03 12:25:10,003 INFO process_modis - Step: keeping native L1 grid for cloud mask
2026-06-03 12:25:10,011 INFO run_pipeline - [process] 2026-06-03 12:25:10,011 INFO process_modis - Step: prepared Dataset for MOD021KM.A2024157.1040.061.2024157195035.hdf with vars=bt_ir_105,bt_wv_63,cloud_mask coords=time,crs,latitude,longitude
2026-06-03 12:25:11,734 INFO run_pipeline - [process] 2026-06-03 12:25:11,734 INFO process_modis - Wrote /sat_data/modis/processed/2024/06/05/20240605T1040_modis_terra_bt_ir_105_bt_wv_63_cloud_mask.nc
2026-06-03 12:25:11,933 INFO run_pipeline - [process] 2026-06-03 12:25:11,933 INFO process_modis - Processing granule MOD021KM.A2024157.2150.061.2024158144528.hdf timestamp=20240605T2150 matched_L2=MOD35_L2.A2024157.2150.061.2024158230437.hdf
2026-06-03 12:25:11,933 INFO run_pipeline - [process] 2026-06-03 12:25:11,933 INFO process_modis - Step: loading BT datasets for MOD021KM.A2024157.2150.061.2024158144528.hdf
2026-06-03 12:25:12,446 INFO run_pipeline - [process] 2026-06-03 12:25:12,446 INFO process_modis - Step: loaded BT datasets for MOD021KM.A2024157.2150.061.2024158144528.hdf: bt_ir_105,bt_wv_63
2026-06-03 12:25:17,848 INFO run_pipeline - [process] 2026-06-03 12:25:17,847 INFO process_modis - Step: keeping native L1 grid for ir_105
2026-06-03 12:25:18,145 INFO run_pipeline - [process] 2026-06-03 12:25:18,145 INFO process_modis - Step: keeping native L1 grid for wv_63
2026-06-03 12:25:18,600 INFO run_pipeline - [process] 2026-06-03 12:25:18,600 INFO process_modis - Step: loading/resampling cloud mask from MOD35_L2.A2024157.0905.061.2024157200547.hdf
2026-06-03 12:25:18,601 INFO run_pipeline - [process] 2026-06-03 12:25:18,600 INFO process_modis - Step: keeping native L1 grid for cloud mask
2026-06-03 12:25:18,604 INFO run_pipeline - [process] 2026-06-03 12:25:18,604 INFO process_modis - Step: prepared Dataset for MOD021KM.A2024157.0905.061.2024157195113.hdf with vars=bt_ir_105,bt_wv_63,cloud_mask coords=time,crs,latitude,longitude
2026-06-03 12:25:19,162 INFO run_pipeline - [process] 2026-06-03 12:25:19,162 INFO process_modis - Step: keeping native L1 grid for ir_105
2026-06-03 12:25:19,469 INFO run_pipeline - [process] 2026-06-03 12:25:19,468 INFO process_modis - Step: keeping native L1 grid for wv_63
2026-06-03 12:25:19,951 INFO run_pipeline - [process] 2026-06-03 12:25:19,950 INFO process_modis - Step: loading/resampling cloud mask from MOD35_L2.A2024157.1045.061.2024157200601.hdf
2026-06-03 12:25:19,951 INFO run_pipeline - [process] 2026-06-03 12:25:19,951 INFO process_modis - Step: keeping native L1 grid for cloud mask
2026-06-03 12:25:19,954 INFO run_pipeline - [process] 2026-06-03 12:25:19,954 INFO process_modis - Step: prepared Dataset for MOD021KM.A2024157.1045.061.2024157195125.hdf with vars=bt_ir_105,bt_wv_63,cloud_mask coords=time,crs,latitude,longitude
2026-06-03 12:25:20,132 INFO run_pipeline - [process] 2026-06-03 12:25:20,132 INFO process_modis - Wrote /sat_data/modis/processed/2024/06/05/20240605T0905_modis_terra_bt_ir_105_bt_wv_63_cloud_mask.nc
2026-06-03 12:25:20,321 INFO run_pipeline - [process] 2026-06-03 12:25:20,321 INFO process_modis - Processing granule MOD021KM.A2024157.2155.061.2024158080133.hdf timestamp=20240605T2155 matched_L2=MOD35_L2.A2024157.2155.061.2024158080321.hdf
2026-06-03 12:25:20,322 INFO run_pipeline - [process] 2026-06-03 12:25:20,321 INFO process_modis - Step: loading BT datasets for MOD021KM.A2024157.2155.061.2024158080133.hdf
2026-06-03 12:25:20,844 INFO run_pipeline - [process] 2026-06-03 12:25:20,844 INFO process_modis - Step: loaded BT datasets for MOD021KM.A2024157.2155.061.2024158080133.hdf: bt_ir_105,bt_wv_63
2026-06-03 12:25:22,071 INFO run_pipeline - [process] 2026-06-03 12:25:22,071 INFO process_modis - Wrote /sat_data/modis/processed/2024/06/05/20240605T1045_modis_terra_bt_ir_105_bt_wv_63_cloud_mask.nc
2026-06-03 12:25:42,996 INFO run_pipeline - [process] 2026-06-03 12:25:42,995 INFO process_modis - Step: keeping native L1 grid for ir_105
2026-06-03 12:25:43,246 INFO run_pipeline - [process] 2026-06-03 12:25:43,245 INFO process_modis - Step: keeping native L1 grid for wv_63
2026-06-03 12:25:46,250 INFO run_pipeline - [process] 2026-06-03 12:25:46,249 INFO process_modis - Step: loading/resampling cloud mask from MOD35_L2.A2024157.2010.061.2024158080033.hdf
2026-06-03 12:25:46,250 INFO run_pipeline - [process] 2026-06-03 12:25:46,249 INFO process_modis - Step: keeping native L1 grid for cloud mask
2026-06-03 12:25:46,254 INFO run_pipeline - [process] 2026-06-03 12:25:46,254 INFO process_modis - Step: prepared Dataset for MOD021KM.A2024157.2010.061.2024158075910.hdf with vars=bt_ir_105,bt_wv_63,cloud_mask coords=time,crs,latitude,longitude
2026-06-03 12:25:47,806 INFO run_pipeline - [process] 2026-06-03 12:25:47,806 INFO process_modis - Wrote /sat_data/modis/processed/2024/06/05/20240605T2010_modis_terra_bt_ir_105_bt_wv_63_cloud_mask.nc
2026-06-03 12:26:24,883 INFO run_pipeline - [process] 2026-06-03 12:26:24,882 INFO process_modis - Step: keeping native L1 grid for ir_105
2026-06-03 12:26:25,148 INFO run_pipeline - [process] 2026-06-03 12:26:25,148 INFO process_modis - Step: keeping native L1 grid for wv_63
2026-06-03 12:26:25,623 INFO run_pipeline - [process] 2026-06-03 12:26:25,622 INFO process_modis - Step: loading/resampling cloud mask from MOD35_L2.A2024157.2015.061.2024158122723.hdf
2026-06-03 12:26:25,623 INFO run_pipeline - [process] 2026-06-03 12:26:25,622 INFO process_modis - Step: keeping native L1 grid for cloud mask
2026-06-03 12:26:25,633 INFO run_pipeline - [process] 2026-06-03 12:26:25,632 INFO process_modis - Step: prepared Dataset for MOD021KM.A2024157.2015.061.2024158122559.hdf with vars=bt_ir_105,bt_wv_63,cloud_mask coords=time,crs,latitude,longitude
2026-06-03 12:26:27,283 INFO run_pipeline - [process] 2026-06-03 12:26:27,282 INFO process_modis - Wrote /sat_data/modis/processed/2024/06/05/20240605T2015_modis_terra_bt_ir_105_bt_wv_63_cloud_mask.nc
2026-06-03 12:27:04,802 INFO run_pipeline - [process] 2026-06-03 12:27:04,801 INFO process_modis - Step: keeping native L1 grid for ir_105
2026-06-03 12:27:05,078 INFO run_pipeline - [process] 2026-06-03 12:27:05,078 INFO process_modis - Step: keeping native L1 grid for wv_63
2026-06-03 12:27:05,548 INFO run_pipeline - [process] 2026-06-03 12:27:05,547 INFO process_modis - Step: loading/resampling cloud mask from MOD35_L2.A2024157.2150.061.2024158230437.hdf
2026-06-03 12:27:05,548 INFO run_pipeline - [process] 2026-06-03 12:27:05,547 INFO process_modis - Step: keeping native L1 grid for cloud mask
2026-06-03 12:27:05,552 INFO run_pipeline - [process] 2026-06-03 12:27:05,552 INFO process_modis - Step: prepared Dataset for MOD021KM.A2024157.2150.061.2024158144528.hdf with vars=bt_ir_105,bt_wv_63,cloud_mask coords=time,crs,latitude,longitude
2026-06-03 12:27:06,085 INFO run_pipeline - [process] 2026-06-03 12:27:06,085 INFO process_modis - Step: keeping native L1 grid for ir_105
2026-06-03 12:27:06,341 INFO run_pipeline - [process] 2026-06-03 12:27:06,340 INFO process_modis - Step: keeping native L1 grid for wv_63
2026-06-03 12:27:06,870 INFO run_pipeline - [process] 2026-06-03 12:27:06,870 INFO process_modis - Step: loading/resampling cloud mask from MOD35_L2.A2024157.2155.061.2024158080321.hdf
2026-06-03 12:27:06,870 INFO run_pipeline - [process] 2026-06-03 12:27:06,870 INFO process_modis - Step: keeping native L1 grid for cloud mask
2026-06-03 12:27:06,876 INFO run_pipeline - [process] 2026-06-03 12:27:06,875 INFO process_modis - Step: prepared Dataset for MOD021KM.A2024157.2155.061.2024158080133.hdf with vars=bt_ir_105,bt_wv_63,cloud_mask coords=time,crs,latitude,longitude
2026-06-03 12:27:07,057 INFO run_pipeline - [process] 2026-06-03 12:27:07,057 INFO process_modis - Wrote /sat_data/modis/processed/2024/06/05/20240605T2150_modis_terra_bt_ir_105_bt_wv_63_cloud_mask.nc
2026-06-03 12:27:08,726 INFO run_pipeline - [process] 2026-06-03 12:27:08,726 INFO process_modis - Wrote /sat_data/modis/processed/2024/06/05/20240605T2155_modis_terra_bt_ir_105_bt_wv_63_cloud_mask.nc
2026-06-03 12:27:08,898 INFO run_pipeline - [process] 2026-06-03 12:27:08,894 INFO process_modis - Processed 8 files for terra in /sat_data/modis/raw/radiances/2024/06/05
2026-06-03 12:27:08,900 INFO run_pipeline - [process] 2026-06-03 12:27:08,899 INFO process_modis - Day aqua /sat_data/modis/raw/radiances/2024/06/05: found 7 L1 files and 7 L2 files (dir totals: 15 radiance, 15 cloud)
2026-06-03 12:27:08,900 INFO run_pipeline - [process] 2026-06-03 12:27:08,900 INFO process_modis - Processing 7 granules with 5 workers
2026-06-03 12:27:08,900 INFO run_pipeline - [process] 2026-06-03 12:27:08,900 INFO process_modis - Processing granule MYD021KM.A2024157.0100.061.2024157212005.hdf timestamp=20240605T0100 matched_L2=MYD35_L2.A2024157.0100.061.2024157212245.hdf
2026-06-03 12:27:08,900 INFO run_pipeline - [process] 2026-06-03 12:27:08,900 INFO process_modis - Step: loading BT datasets for MYD021KM.A2024157.0100.061.2024157212005.hdf
2026-06-03 12:27:08,938 INFO run_pipeline - [process] 2026-06-03 12:27:08,938 INFO process_modis - Processing granule MYD021KM.A2024157.0105.061.2024157204703.hdf timestamp=20240605T0105 matched_L2=MYD35_L2.A2024157.0105.061.2024157204803.hdf
2026-06-03 12:27:08,938 INFO run_pipeline - [process] 2026-06-03 12:27:08,938 INFO process_modis - Step: loading BT datasets for MYD021KM.A2024157.0105.061.2024157204703.hdf
2026-06-03 12:27:08,996 INFO run_pipeline - [process] 2026-06-03 12:27:08,996 INFO process_modis - Processing granule MYD021KM.A2024157.0240.061.2024157154118.hdf timestamp=20240605T0240 matched_L2=MYD35_L2.A2024157.0240.061.2024157154307.hdf
2026-06-03 12:27:08,996 INFO run_pipeline - [process] 2026-06-03 12:27:08,996 INFO process_modis - Step: loading BT datasets for MYD021KM.A2024157.0240.061.2024157154118.hdf
2026-06-03 12:27:09,047 INFO run_pipeline - [process] 2026-06-03 12:27:09,046 INFO process_modis - Processing granule MYD021KM.A2024157.0245.061.2024157154034.hdf timestamp=20240605T0245 matched_L2=MYD35_L2.A2024157.0245.061.2024157154130.hdf
2026-06-03 12:27:09,047 INFO run_pipeline - [process] 2026-06-03 12:27:09,046 INFO process_modis - Step: loading BT datasets for MYD021KM.A2024157.0245.061.2024157154034.hdf
2026-06-03 12:27:09,052 INFO run_pipeline - [process] 2026-06-03 12:27:09,052 INFO process_modis - Processing granule MYD021KM.A2024157.1210.061.2024158180401.hdf timestamp=20240605T1210 matched_L2=MYD35_L2.A2024157.1210.061.2024158180625.hdf
2026-06-03 12:27:09,052 INFO run_pipeline - [process] 2026-06-03 12:27:09,052 INFO process_modis - Step: loading BT datasets for MYD021KM.A2024157.1210.061.2024158180401.hdf
2026-06-03 12:27:10,331 INFO run_pipeline - [process] 2026-06-03 12:27:10,330 INFO process_modis - Step: loaded BT datasets for MYD021KM.A2024157.0100.061.2024157212005.hdf: bt_ir_105,bt_wv_63
2026-06-03 12:27:10,365 INFO run_pipeline - [process] 2026-06-03 12:27:10,364 INFO process_modis - Step: loaded BT datasets for MYD021KM.A2024157.0240.061.2024157154118.hdf: bt_ir_105,bt_wv_63
2026-06-03 12:27:10,395 INFO run_pipeline - [process] 2026-06-03 12:27:10,394 INFO process_modis - Step: loaded BT datasets for MYD021KM.A2024157.0105.061.2024157204703.hdf: bt_ir_105,bt_wv_63
2026-06-03 12:27:10,480 INFO run_pipeline - [process] 2026-06-03 12:27:10,480 INFO process_modis - Step: loaded BT datasets for MYD021KM.A2024157.1210.061.2024158180401.hdf: bt_ir_105,bt_wv_63
2026-06-03 12:27:10,531 INFO run_pipeline - [process] 2026-06-03 12:27:10,531 INFO process_modis - Step: loaded BT datasets for MYD021KM.A2024157.0245.061.2024157154034.hdf: bt_ir_105,bt_wv_63
2026-06-03 12:30:41,862 INFO run_pipeline - [process] 2026-06-03 12:30:41,862 INFO process_modis - Step: keeping native L1 grid for ir_105
2026-06-03 12:30:42,121 INFO run_pipeline - [process] 2026-06-03 12:30:42,121 INFO process_modis - Step: keeping native L1 grid for wv_63
2026-06-03 12:30:42,706 INFO run_pipeline - [process] 2026-06-03 12:30:42,706 INFO process_modis - Step: loading/resampling cloud mask from MYD35_L2.A2024157.0240.061.2024157154307.hdf
2026-06-03 12:30:42,706 INFO run_pipeline - [process] 2026-06-03 12:30:42,706 INFO process_modis - Step: keeping native L1 grid for cloud mask
2026-06-03 12:30:42,712 INFO run_pipeline - [process] 2026-06-03 12:30:42,711 INFO process_modis - Step: prepared Dataset for MYD021KM.A2024157.0240.061.2024157154118.hdf with vars=bt_ir_105,bt_wv_63,cloud_mask coords=time,crs,latitude,longitude
2026-06-03 12:30:44,400 INFO run_pipeline - [process] 2026-06-03 12:30:44,399 INFO process_modis - Wrote /sat_data/modis/processed/2024/06/05/20240605T0240_modis_aqua_bt_ir_105_bt_wv_63_cloud_mask.nc
2026-06-03 12:30:44,574 INFO run_pipeline - [process] 2026-06-03 12:30:44,574 INFO process_modis - Processing granule MYD021KM.A2024157.1215.061.2024158181029.hdf timestamp=20240605T1215 matched_L2=MYD35_L2.A2024157.1215.061.2024158181236.hdf
2026-06-03 12:30:44,574 INFO run_pipeline - [process] 2026-06-03 12:30:44,574 INFO process_modis - Step: loading BT datasets for MYD021KM.A2024157.1215.061.2024158181029.hdf
2026-06-03 12:30:45,325 INFO run_pipeline - [process] 2026-06-03 12:30:45,325 INFO process_modis - Step: loaded BT datasets for MYD021KM.A2024157.1215.061.2024158181029.hdf: bt_ir_105,bt_wv_63
2026-06-03 12:31:16,887 INFO run_pipeline - [process] 2026-06-03 12:31:16,887 INFO process_modis - Step: keeping native L1 grid for ir_105
2026-06-03 12:31:17,225 INFO run_pipeline - [process] 2026-06-03 12:31:17,225 INFO process_modis - Step: keeping native L1 grid for wv_63
2026-06-03 12:31:17,834 INFO run_pipeline - [process] 2026-06-03 12:31:17,833 INFO process_modis - Step: loading/resampling cloud mask from MYD35_L2.A2024157.1210.061.2024158180625.hdf
2026-06-03 12:31:17,834 INFO run_pipeline - [process] 2026-06-03 12:31:17,833 INFO process_modis - Step: keeping native L1 grid for cloud mask
2026-06-03 12:31:17,839 INFO run_pipeline - [process] 2026-06-03 12:31:17,839 INFO process_modis - Step: prepared Dataset for MYD021KM.A2024157.1210.061.2024158180401.hdf with vars=bt_ir_105,bt_wv_63,cloud_mask coords=time,crs,latitude,longitude
2026-06-03 12:31:19,564 INFO run_pipeline - [process] 2026-06-03 12:31:19,563 INFO process_modis - Wrote /sat_data/modis/processed/2024/06/05/20240605T1210_modis_aqua_bt_ir_105_bt_wv_63_cloud_mask.nc
2026-06-03 12:31:19,730 INFO run_pipeline - [process] 2026-06-03 12:31:19,730 INFO process_modis - Processing granule MYD021KM.A2024157.1350.061.2024158181240.hdf timestamp=20240605T1350 matched_L2=MYD35_L2.A2024157.1350.061.2024158181720.hdf
2026-06-03 12:31:19,731 INFO run_pipeline - [process] 2026-06-03 12:31:19,730 INFO process_modis - Step: loading BT datasets for MYD021KM.A2024157.1350.061.2024158181240.hdf
2026-06-03 12:31:20,280 INFO run_pipeline - [process] 2026-06-03 12:31:20,279 INFO process_modis - Step: loaded BT datasets for MYD021KM.A2024157.1350.061.2024158181240.hdf: bt_ir_105,bt_wv_63
2026-06-03 12:31:22,888 INFO run_pipeline - [process] 2026-06-03 12:31:22,887 INFO process_modis - Step: keeping native L1 grid for ir_105
2026-06-03 12:31:22,970 INFO run_pipeline - [process] 2026-06-03 12:31:22,970 INFO process_modis - Step: keeping native L1 grid for ir_105
2026-06-03 12:31:23,247 INFO run_pipeline - [process] 2026-06-03 12:31:23,247 INFO process_modis - Step: keeping native L1 grid for wv_63
2026-06-03 12:31:23,305 INFO run_pipeline - [process] 2026-06-03 12:31:23,304 INFO process_modis - Step: keeping native L1 grid for wv_63
2026-06-03 12:31:23,951 INFO run_pipeline - [process] 2026-06-03 12:31:23,951 INFO process_modis - Step: keeping native L1 grid for ir_105
2026-06-03 12:31:23,985 INFO run_pipeline - [process] 2026-06-03 12:31:23,985 INFO process_modis - Step: loading/resampling cloud mask from MYD35_L2.A2024157.0100.061.2024157212245.hdf
2026-06-03 12:31:23,985 INFO run_pipeline - [process] 2026-06-03 12:31:23,985 INFO process_modis - Step: keeping native L1 grid for cloud mask
2026-06-03 12:31:23,990 INFO run_pipeline - [process] 2026-06-03 12:31:23,990 INFO process_modis - Step: prepared Dataset for MYD021KM.A2024157.0100.061.2024157212005.hdf with vars=bt_ir_105,bt_wv_63,cloud_mask coords=time,crs,latitude,longitude
2026-06-03 12:31:24,011 INFO run_pipeline - [process] 2026-06-03 12:31:24,011 INFO process_modis - Step: loading/resampling cloud mask from MYD35_L2.A2024157.0105.061.2024157204803.hdf
2026-06-03 12:31:24,012 INFO run_pipeline - [process] 2026-06-03 12:31:24,011 INFO process_modis - Step: keeping native L1 grid for cloud mask
2026-06-03 12:31:24,015 INFO run_pipeline - [process] 2026-06-03 12:31:24,015 INFO process_modis - Step: prepared Dataset for MYD021KM.A2024157.0105.061.2024157204703.hdf with vars=bt_ir_105,bt_wv_63,cloud_mask coords=time,crs,latitude,longitude
2026-06-03 12:31:24,214 INFO run_pipeline - [process] 2026-06-03 12:31:24,213 INFO process_modis - Step: keeping native L1 grid for wv_63
2026-06-03 12:31:24,783 INFO run_pipeline - [process] 2026-06-03 12:31:24,783 INFO process_modis - Step: loading/resampling cloud mask from MYD35_L2.A2024157.0245.061.2024157154130.hdf
2026-06-03 12:31:24,784 INFO run_pipeline - [process] 2026-06-03 12:31:24,783 INFO process_modis - Step: keeping native L1 grid for cloud mask
2026-06-03 12:31:24,787 INFO run_pipeline - [process] 2026-06-03 12:31:24,787 INFO process_modis - Step: prepared Dataset for MYD021KM.A2024157.0245.061.2024157154034.hdf with vars=bt_ir_105,bt_wv_63,cloud_mask coords=time,crs,latitude,longitude
2026-06-03 12:31:26,037 INFO run_pipeline - [process] 2026-06-03 12:31:26,036 INFO process_modis - Wrote /sat_data/modis/processed/2024/06/05/20240605T0100_modis_aqua_bt_ir_105_bt_wv_63_cloud_mask.nc
2026-06-03 12:31:27,155 INFO run_pipeline - [process] 2026-06-03 12:31:27,154 INFO process_modis - Wrote /sat_data/modis/processed/2024/06/05/20240605T0105_modis_aqua_bt_ir_105_bt_wv_63_cloud_mask.nc
2026-06-03 12:31:28,633 INFO run_pipeline - [process] 2026-06-03 12:31:28,633 INFO process_modis - Wrote /sat_data/modis/processed/2024/06/05/20240605T0245_modis_aqua_bt_ir_105_bt_wv_63_cloud_mask.nc
2026-06-03 12:31:42,958 INFO run_pipeline - [process] 2026-06-03 12:31:42,957 INFO process_modis - Step: keeping native L1 grid for ir_105
2026-06-03 12:31:43,327 INFO run_pipeline - [process] 2026-06-03 12:31:43,327 INFO process_modis - Step: keeping native L1 grid for wv_63
2026-06-03 12:31:43,839 INFO run_pipeline - [process] 2026-06-03 12:31:43,839 INFO process_modis - Step: loading/resampling cloud mask from MYD35_L2.A2024157.1215.061.2024158181236.hdf
2026-06-03 12:31:43,840 INFO run_pipeline - [process] 2026-06-03 12:31:43,839 INFO process_modis - Step: keeping native L1 grid for cloud mask
2026-06-03 12:31:43,845 INFO run_pipeline - [process] 2026-06-03 12:31:43,845 INFO process_modis - Step: prepared Dataset for MYD021KM.A2024157.1215.061.2024158181029.hdf with vars=bt_ir_105,bt_wv_63,cloud_mask coords=time,crs,latitude,longitude
2026-06-03 12:31:45,381 INFO run_pipeline - [process] 2026-06-03 12:31:45,380 INFO process_modis - Wrote /sat_data/modis/processed/2024/06/05/20240605T1215_modis_aqua_bt_ir_105_bt_wv_63_cloud_mask.nc
2026-06-03 12:32:17,136 INFO run_pipeline - [process] 2026-06-03 12:32:17,136 INFO process_modis - Step: keeping native L1 grid for ir_105
2026-06-03 12:32:17,393 INFO run_pipeline - [process] 2026-06-03 12:32:17,393 INFO process_modis - Step: keeping native L1 grid for wv_63
2026-06-03 12:32:17,862 INFO run_pipeline - [process] 2026-06-03 12:32:17,862 INFO process_modis - Step: loading/resampling cloud mask from MYD35_L2.A2024157.1350.061.2024158181720.hdf
2026-06-03 12:32:17,862 INFO run_pipeline - [process] 2026-06-03 12:32:17,862 INFO process_modis - Step: keeping native L1 grid for cloud mask
2026-06-03 12:32:17,866 INFO run_pipeline - [process] 2026-06-03 12:32:17,866 INFO process_modis - Step: prepared Dataset for MYD021KM.A2024157.1350.061.2024158181240.hdf with vars=bt_ir_105,bt_wv_63,cloud_mask coords=time,crs,latitude,longitude
2026-06-03 12:32:19,506 INFO run_pipeline - [process] 2026-06-03 12:32:19,506 INFO process_modis - Wrote /sat_data/modis/processed/2024/06/05/20240605T1350_modis_aqua_bt_ir_105_bt_wv_63_cloud_mask.nc
2026-06-03 12:32:19,688 INFO run_pipeline - [process] 2026-06-03 12:32:19,688 INFO process_modis - Processed 7 files for aqua in /sat_data/modis/raw/radiances/2024/06/05
2026-06-03 12:32:20,253 INFO run_pipeline - Finished process in 639.67s with return code 0
2026-06-03 12:32:20,254 INFO run_pipeline - Starting upload: /home/Daniele/miniforge3/envs/satpy/bin/python /home/Daniele/codes/MODIS-processing/scripts/2_upload_s3.py --config /home/Daniele/codes/MODIS-processing/config/pipeline_config.yaml --credentials /home/Daniele/codes/MODIS-processing/s3_credentials.py --date 2024-06-05 --log-level INFO --verify
2026-06-03 12:32:31,405 INFO run_pipeline - [upload] 2026-06-03 12:32:31,405 INFO upload_s3 - Uploaded 15 files
2026-06-03 12:32:31,660 INFO run_pipeline - Finished upload in 11.41s with return code 0
2026-06-03 12:32:31,660 INFO run_pipeline - Batch 2024-06-05 finished in download=43.90s process=639.67s upload=11.41s | L1=15 L2=15 processed=15 uploaded=15 errors=0 failed_stage=none
2026-06-03 12:32:31,661 INFO run_pipeline - === Batch 2024-06-06 ===
2026-06-03 12:32:31,661 INFO run_pipeline - Starting download: /home/Daniele/miniforge3/envs/satpy/bin/python /home/Daniele/codes/MODIS-processing/scripts/0_download_modis.py --config /home/Daniele/codes/MODIS-processing/config/pipeline_config.yaml --date 2024-06-06 --log-level INFO
2026-06-03 12:32:32,746 INFO run_pipeline - [download] 2026-06-03 12:32:32,746 INFO download_modis - Searching CMR for MOD021KM between 2024-06-06 00:00:00 and 2024-06-07 00:00:00
2026-06-03 12:32:33,324 INFO run_pipeline - [download] 2026-06-03 12:32:33,324 INFO download_modis - Downloading 6 granules with 6 workers for MOD021KM
2026-06-03 12:32:43,126 INFO run_pipeline - [download] 2026-06-03 12:32:43,126 INFO download_modis - Searching CMR for MOD35_L2 between 2024-06-06 00:00:00 and 2024-06-07 00:00:00
2026-06-03 12:32:43,399 INFO run_pipeline - [download] 2026-06-03 12:32:43,399 INFO download_modis - Downloading 6 granules with 6 workers for MOD35_L2
2026-06-03 12:32:47,217 INFO run_pipeline - [download] 2026-06-03 12:32:47,217 INFO download_modis - terra [2024-06-06 - 2024-06-07] L1 downloaded=6 skipped=6 | L2 downloaded=6 skipped=0
2026-06-03 12:32:47,217 INFO run_pipeline - [download] 2026-06-03 12:32:47,217 INFO download_modis - Searching CMR for MYD021KM between 2024-06-06 00:00:00 and 2024-06-07 00:00:00
2026-06-03 12:32:47,507 INFO run_pipeline - [download] 2026-06-03 12:32:47,507 INFO download_modis - Downloading 5 granules with 6 workers for MYD021KM
2026-06-03 12:32:56,642 INFO run_pipeline - [download] 2026-06-03 12:32:56,642 INFO download_modis - Searching CMR for MYD35_L2 between 2024-06-06 00:00:00 and 2024-06-07 00:00:00
2026-06-03 12:32:56,908 INFO run_pipeline - [download] 2026-06-03 12:32:56,908 INFO download_modis - Downloading 5 granules with 6 workers for MYD35_L2
2026-06-03 12:33:00,876 INFO run_pipeline - [download] 2026-06-03 12:33:00,875 INFO download_modis - aqua [2024-06-06 - 2024-06-07] L1 downloaded=5 skipped=5 | L2 downloaded=5 skipped=0
2026-06-03 12:33:01,065 INFO run_pipeline - Finished download in 29.40s with return code 0
2026-06-03 12:33:01,065 INFO run_pipeline - Starting process: /home/Daniele/miniforge3/envs/satpy/bin/python /home/Daniele/codes/MODIS-processing/scripts/1_process_modis.py --config /home/Daniele/codes/MODIS-processing/config/pipeline_config.yaml --date 2024-06-06 --log-level INFO
2026-06-03 12:33:02,160 INFO run_pipeline - [process] 2026-06-03 12:33:02,160 INFO process_modis - Day terra /sat_data/modis/raw/radiances/2024/06/06: found 6 L1 files and 6 L2 files (dir totals: 11 radiance, 11 cloud)
2026-06-03 12:33:02,160 INFO run_pipeline - [process] 2026-06-03 12:33:02,160 INFO process_modis - Processing 6 granules with 5 workers
2026-06-03 12:33:02,160 INFO run_pipeline - [process] 2026-06-03 12:33:02,160 INFO process_modis - Processing granule MOD021KM.A2024158.0945.061.2024158201944.hdf timestamp=20240606T0945 matched_L2=MOD35_L2.A2024158.0945.061.2024158202223.hdf
2026-06-03 12:33:02,160 INFO run_pipeline - [process] 2026-06-03 12:33:02,160 INFO process_modis - Step: loading BT datasets for MOD021KM.A2024158.0945.061.2024158201944.hdf
2026-06-03 12:33:02,161 INFO run_pipeline - [process] 2026-06-03 12:33:02,161 INFO process_modis - Processing granule MOD021KM.A2024158.0950.061.2024158201240.hdf timestamp=20240606T0950 matched_L2=MOD35_L2.A2024158.0950.061.2024158201559.hdf
2026-06-03 12:33:02,161 INFO run_pipeline - [process] 2026-06-03 12:33:02,161 INFO process_modis - Step: loading BT datasets for MOD021KM.A2024158.0950.061.2024158201240.hdf
2026-06-03 12:33:02,162 INFO run_pipeline - [process] 2026-06-03 12:33:02,161 INFO process_modis - Processing granule MOD021KM.A2024158.1915.061.2024159073604.hdf timestamp=20240606T1915 matched_L2=MOD35_L2.A2024158.1915.061.2024159075053.hdf
2026-06-03 12:33:02,162 INFO run_pipeline - [process] 2026-06-03 12:33:02,161 INFO process_modis - Step: loading BT datasets for MOD021KM.A2024158.1915.061.2024159073604.hdf
2026-06-03 12:33:02,162 INFO run_pipeline - [process] 2026-06-03 12:33:02,162 INFO process_modis - Processing granule MOD021KM.A2024158.1920.061.2024159073658.hdf timestamp=20240606T1920 matched_L2=MOD35_L2.A2024158.1920.061.2024159075207.hdf
2026-06-03 12:33:02,162 INFO run_pipeline - [process] 2026-06-03 12:33:02,162 INFO process_modis - Step: loading BT datasets for MOD021KM.A2024158.1920.061.2024159073658.hdf
2026-06-03 12:33:02,163 INFO run_pipeline - [process] 2026-06-03 12:33:02,162 INFO process_modis - Processing granule MOD021KM.A2024158.2050.061.2024159073650.hdf timestamp=20240606T2050 matched_L2=MOD35_L2.A2024158.2050.061.2024159075108.hdf
2026-06-03 12:33:02,163 INFO run_pipeline - [process] 2026-06-03 12:33:02,163 INFO process_modis - Step: loading BT datasets for MOD021KM.A2024158.2050.061.2024159073650.hdf
2026-06-03 12:33:04,312 INFO run_pipeline - [process] 2026-06-03 12:33:04,312 INFO process_modis - Step: loaded BT datasets for MOD021KM.A2024158.1915.061.2024159073604.hdf: bt_ir_105,bt_wv_63
2026-06-03 12:33:04,398 INFO run_pipeline - [process] 2026-06-03 12:33:04,398 INFO process_modis - Step: loaded BT datasets for MOD021KM.A2024158.2050.061.2024159073650.hdf: bt_ir_105,bt_wv_63
2026-06-03 12:33:04,429 INFO run_pipeline - [process] 2026-06-03 12:33:04,428 INFO process_modis - Step: loaded BT datasets for MOD021KM.A2024158.0950.061.2024158201240.hdf: bt_ir_105,bt_wv_63
2026-06-03 12:33:04,460 INFO run_pipeline - [process] 2026-06-03 12:33:04,460 INFO process_modis - Step: loaded BT datasets for MOD021KM.A2024158.1920.061.2024159073658.hdf: bt_ir_105,bt_wv_63
2026-06-03 12:33:04,494 INFO run_pipeline - [process] 2026-06-03 12:33:04,494 INFO process_modis - Step: loaded BT datasets for MOD021KM.A2024158.0945.061.2024158201944.hdf: bt_ir_105,bt_wv_63
2026-06-03 12:35:44,327 INFO run_pipeline - [process] 2026-06-03 12:35:44,326 INFO process_modis - Step: keeping native L1 grid for ir_105
2026-06-03 12:35:44,691 INFO run_pipeline - [process] 2026-06-03 12:35:44,691 INFO process_modis - Step: keeping native L1 grid for wv_63
2026-06-03 12:35:45,247 INFO run_pipeline - [process] 2026-06-03 12:35:45,246 INFO process_modis - Step: loading/resampling cloud mask from MOD35_L2.A2024158.2050.061.2024159075108.hdf
2026-06-03 12:35:45,247 INFO run_pipeline - [process] 2026-06-03 12:35:45,247 INFO process_modis - Step: keeping native L1 grid for cloud mask
2026-06-03 12:35:45,253 INFO run_pipeline - [process] 2026-06-03 12:35:45,252 INFO process_modis - Step: prepared Dataset for MOD021KM.A2024158.2050.061.2024159073650.hdf with vars=bt_ir_105,bt_wv_63,cloud_mask coords=time,crs,latitude,longitude
2026-06-03 12:35:46,903 INFO run_pipeline - [process] 2026-06-03 12:35:46,902 INFO process_modis - Wrote /sat_data/modis/processed/2024/06/06/20240606T2050_modis_terra_bt_ir_105_bt_wv_63_cloud_mask.nc
2026-06-03 12:35:47,072 INFO run_pipeline - [process] 2026-06-03 12:35:47,071 INFO process_modis - Processing granule MOD021KM.A2024158.2055.061.2024159073639.hdf timestamp=20240606T2055 matched_L2=MOD35_L2.A2024158.2055.061.2024159075129.hdf
2026-06-03 12:35:47,072 INFO run_pipeline - [process] 2026-06-03 12:35:47,071 INFO process_modis - Step: loading BT datasets for MOD021KM.A2024158.2055.061.2024159073639.hdf
2026-06-03 12:35:47,601 INFO run_pipeline - [process] 2026-06-03 12:35:47,601 INFO process_modis - Step: loaded BT datasets for MOD021KM.A2024158.2055.061.2024159073639.hdf: bt_ir_105,bt_wv_63
2026-06-03 12:36:44,909 INFO run_pipeline - [process] 2026-06-03 12:36:44,908 INFO process_modis - Step: keeping native L1 grid for ir_105
2026-06-03 12:36:45,161 INFO run_pipeline - [process] 2026-06-03 12:36:45,161 INFO process_modis - Step: keeping native L1 grid for wv_63
2026-06-03 12:36:45,830 INFO run_pipeline - [process] 2026-06-03 12:36:45,830 INFO process_modis - Step: loading/resampling cloud mask from MOD35_L2.A2024158.0945.061.2024158202223.hdf
2026-06-03 12:36:45,830 INFO run_pipeline - [process] 2026-06-03 12:36:45,830 INFO process_modis - Step: keeping native L1 grid for cloud mask
2026-06-03 12:36:45,836 INFO run_pipeline - [process] 2026-06-03 12:36:45,835 INFO process_modis - Step: prepared Dataset for MOD021KM.A2024158.0945.061.2024158201944.hdf with vars=bt_ir_105,bt_wv_63,cloud_mask coords=time,crs,latitude,longitude
2026-06-03 12:36:47,585 INFO run_pipeline - [process] 2026-06-03 12:36:47,584 INFO process_modis - Wrote /sat_data/modis/processed/2024/06/06/20240606T0945_modis_terra_bt_ir_105_bt_wv_63_cloud_mask.nc
2026-06-03 12:36:53,472 INFO run_pipeline - [process] 2026-06-03 12:36:53,472 INFO process_modis - Step: keeping native L1 grid for ir_105
2026-06-03 12:36:53,730 INFO run_pipeline - [process] 2026-06-03 12:36:53,729 INFO process_modis - Step: keeping native L1 grid for wv_63
2026-06-03 12:36:54,163 INFO run_pipeline - [process] 2026-06-03 12:36:54,163 INFO process_modis - Step: loading/resampling cloud mask from MOD35_L2.A2024158.0950.061.2024158201559.hdf
2026-06-03 12:36:54,164 INFO run_pipeline - [process] 2026-06-03 12:36:54,163 INFO process_modis - Step: keeping native L1 grid for cloud mask
2026-06-03 12:36:54,168 INFO run_pipeline - [process] 2026-06-03 12:36:54,168 INFO process_modis - Step: prepared Dataset for MOD021KM.A2024158.0950.061.2024158201240.hdf with vars=bt_ir_105,bt_wv_63,cloud_mask coords=time,crs,latitude,longitude
2026-06-03 12:36:54,498 INFO run_pipeline - [process] 2026-06-03 12:36:54,498 INFO process_modis - Step: keeping native L1 grid for ir_105
2026-06-03 12:36:54,815 INFO run_pipeline - [process] 2026-06-03 12:36:54,815 INFO process_modis - Step: keeping native L1 grid for wv_63
2026-06-03 12:36:55,281 INFO run_pipeline - [process] 2026-06-03 12:36:55,281 INFO process_modis - Step: loading/resampling cloud mask from MOD35_L2.A2024158.1915.061.2024159075053.hdf
2026-06-03 12:36:55,281 INFO run_pipeline - [process] 2026-06-03 12:36:55,281 INFO process_modis - Step: keeping native L1 grid for cloud mask
2026-06-03 12:36:55,285 INFO run_pipeline - [process] 2026-06-03 12:36:55,285 INFO process_modis - Step: prepared Dataset for MOD021KM.A2024158.1915.061.2024159073604.hdf with vars=bt_ir_105,bt_wv_63,cloud_mask coords=time,crs,latitude,longitude
2026-06-03 12:36:55,943 INFO run_pipeline - [process] 2026-06-03 12:36:55,943 INFO process_modis - Wrote /sat_data/modis/processed/2024/06/06/20240606T0950_modis_terra_bt_ir_105_bt_wv_63_cloud_mask.nc
2026-06-03 12:36:57,727 INFO run_pipeline - [process] 2026-06-03 12:36:57,726 INFO process_modis - Wrote /sat_data/modis/processed/2024/06/06/20240606T1915_modis_terra_bt_ir_105_bt_wv_63_cloud_mask.nc
2026-06-03 12:37:10,150 INFO run_pipeline - [process] 2026-06-03 12:37:10,150 INFO process_modis - Step: keeping native L1 grid for ir_105
2026-06-03 12:37:10,425 INFO run_pipeline - [process] 2026-06-03 12:37:10,425 INFO process_modis - Step: keeping native L1 grid for wv_63
2026-06-03 12:37:10,922 INFO run_pipeline - [process] 2026-06-03 12:37:10,922 INFO process_modis - Step: loading/resampling cloud mask from MOD35_L2.A2024158.1920.061.2024159075207.hdf
2026-06-03 12:37:10,923 INFO run_pipeline - [process] 2026-06-03 12:37:10,922 INFO process_modis - Step: keeping native L1 grid for cloud mask
2026-06-03 12:37:10,927 INFO run_pipeline - [process] 2026-06-03 12:37:10,927 INFO process_modis - Step: prepared Dataset for MOD021KM.A2024158.1920.061.2024159073658.hdf with vars=bt_ir_105,bt_wv_63,cloud_mask coords=time,crs,latitude,longitude
2026-06-03 12:37:12,530 INFO run_pipeline - [process] 2026-06-03 12:37:12,530 INFO process_modis - Wrote /sat_data/modis/processed/2024/06/06/20240606T1920_modis_terra_bt_ir_105_bt_wv_63_cloud_mask.nc
2026-06-03 12:37:18,588 INFO run_pipeline - [process] 2026-06-03 12:37:18,587 INFO process_modis - Step: keeping native L1 grid for ir_105
2026-06-03 12:37:18,889 INFO run_pipeline - [process] 2026-06-03 12:37:18,888 INFO process_modis - Step: keeping native L1 grid for wv_63
2026-06-03 12:37:19,409 INFO run_pipeline - [process] 2026-06-03 12:37:19,409 INFO process_modis - Step: loading/resampling cloud mask from MOD35_L2.A2024158.2055.061.2024159075129.hdf
2026-06-03 12:37:19,409 INFO run_pipeline - [process] 2026-06-03 12:37:19,409 INFO process_modis - Step: keeping native L1 grid for cloud mask
2026-06-03 12:37:19,413 INFO run_pipeline - [process] 2026-06-03 12:37:19,413 INFO process_modis - Step: prepared Dataset for MOD021KM.A2024158.2055.061.2024159073639.hdf with vars=bt_ir_105,bt_wv_63,cloud_mask coords=time,crs,latitude,longitude
2026-06-03 12:37:20,909 INFO run_pipeline - [process] 2026-06-03 12:37:20,909 INFO process_modis - Wrote /sat_data/modis/processed/2024/06/06/20240606T2055_modis_terra_bt_ir_105_bt_wv_63_cloud_mask.nc
2026-06-03 12:37:20,919 INFO run_pipeline - [process] 2026-06-03 12:37:20,919 INFO process_modis - Processed 6 files for terra in /sat_data/modis/raw/radiances/2024/06/06
2026-06-03 12:37:20,919 INFO run_pipeline - [process] 2026-06-03 12:37:20,919 INFO process_modis - Day aqua /sat_data/modis/raw/radiances/2024/06/06: found 5 L1 files and 5 L2 files (dir totals: 11 radiance, 11 cloud)
2026-06-03 12:37:20,920 INFO run_pipeline - [process] 2026-06-03 12:37:20,919 INFO process_modis - Processing 5 granules with 5 workers
2026-06-03 12:37:20,920 INFO run_pipeline - [process] 2026-06-03 12:37:20,920 INFO process_modis - Processing granule MYD021KM.A2024158.0145.061.2024158181054.hdf timestamp=20240606T0145 matched_L2=MYD35_L2.A2024158.0145.061.2024158181152.hdf
2026-06-03 12:37:20,938 INFO run_pipeline - [process] 2026-06-03 12:37:20,938 INFO process_modis - Step: loading BT datasets for MYD021KM.A2024158.0145.061.2024158181054.hdf
2026-06-03 12:37:21,089 INFO run_pipeline - [process] 2026-06-03 12:37:21,089 INFO process_modis - Processing granule MYD021KM.A2024158.0320.061.2024158182229.hdf timestamp=20240606T0320 matched_L2=MYD35_L2.A2024158.0320.061.2024158182415.hdf
2026-06-03 12:37:21,089 INFO run_pipeline - [process] 2026-06-03 12:37:21,089 INFO process_modis - Step: loading BT datasets for MYD021KM.A2024158.0320.061.2024158182229.hdf
2026-06-03 12:37:21,095 INFO run_pipeline - [process] 2026-06-03 12:37:21,095 INFO process_modis - Processing granule MYD021KM.A2024158.1115.061.2024159152922.hdf timestamp=20240606T1115 matched_L2=MYD35_L2.A2024158.1115.061.2024159153233.hdf
2026-06-03 12:37:21,095 INFO run_pipeline - [process] 2026-06-03 12:37:21,095 INFO process_modis - Step: loading BT datasets for MYD021KM.A2024158.1115.061.2024159152922.hdf
2026-06-03 12:37:21,106 INFO run_pipeline - [process] 2026-06-03 12:37:21,106 INFO process_modis - Processing granule MYD021KM.A2024158.1250.061.2024159152959.hdf timestamp=20240606T1250 matched_L2=MYD35_L2.A2024158.1250.061.2024159153231.hdf
2026-06-03 12:37:21,106 INFO run_pipeline - [process] 2026-06-03 12:37:21,106 INFO process_modis - Step: loading BT datasets for MYD021KM.A2024158.1250.061.2024159152959.hdf
2026-06-03 12:37:21,213 INFO run_pipeline - [process] 2026-06-03 12:37:21,212 INFO process_modis - Processing granule MYD021KM.A2024158.1255.061.2024159152933.hdf timestamp=20240606T1255 matched_L2=MYD35_L2.A2024158.1255.061.2024159153242.hdf
2026-06-03 12:37:21,213 INFO run_pipeline - [process] 2026-06-03 12:37:21,213 INFO process_modis - Step: loading BT datasets for MYD021KM.A2024158.1255.061.2024159152933.hdf
2026-06-03 12:37:22,375 INFO run_pipeline - [process] 2026-06-03 12:37:22,375 INFO process_modis - Step: loaded BT datasets for MYD021KM.A2024158.0145.061.2024158181054.hdf: bt_ir_105,bt_wv_63
2026-06-03 12:37:22,411 INFO run_pipeline - [process] 2026-06-03 12:37:22,411 INFO process_modis - Step: loaded BT datasets for MYD021KM.A2024158.0320.061.2024158182229.hdf: bt_ir_105,bt_wv_63
2026-06-03 12:37:22,454 INFO run_pipeline - [process] 2026-06-03 12:37:22,454 INFO process_modis - Step: loaded BT datasets for MYD021KM.A2024158.1115.061.2024159152922.hdf: bt_ir_105,bt_wv_63
2026-06-03 12:37:22,480 INFO run_pipeline - [process] 2026-06-03 12:37:22,480 INFO process_modis - Step: loaded BT datasets for MYD021KM.A2024158.1250.061.2024159152959.hdf: bt_ir_105,bt_wv_63
2026-06-03 12:37:22,554 INFO run_pipeline - [process] 2026-06-03 12:37:22,554 INFO process_modis - Step: loaded BT datasets for MYD021KM.A2024158.1255.061.2024159152933.hdf: bt_ir_105,bt_wv_63
2026-06-03 12:39:45,200 INFO run_pipeline - [process] 2026-06-03 12:39:45,199 INFO process_modis - Step: keeping native L1 grid for ir_105
2026-06-03 12:39:45,563 INFO run_pipeline - [process] 2026-06-03 12:39:45,563 INFO process_modis - Step: keeping native L1 grid for wv_63
2026-06-03 12:39:46,052 INFO run_pipeline - [process] 2026-06-03 12:39:46,052 INFO process_modis - Step: loading/resampling cloud mask from MYD35_L2.A2024158.0145.061.2024158181152.hdf
2026-06-03 12:39:46,052 INFO run_pipeline - [process] 2026-06-03 12:39:46,052 INFO process_modis - Step: keeping native L1 grid for cloud mask
2026-06-03 12:39:46,057 INFO run_pipeline - [process] 2026-06-03 12:39:46,057 INFO process_modis - Step: prepared Dataset for MYD021KM.A2024158.0145.061.2024158181054.hdf with vars=bt_ir_105,bt_wv_63,cloud_mask coords=time,crs,latitude,longitude
2026-06-03 12:39:47,535 INFO run_pipeline - [process] 2026-06-03 12:39:47,535 INFO process_modis - Wrote /sat_data/modis/processed/2024/06/06/20240606T0145_modis_aqua_bt_ir_105_bt_wv_63_cloud_mask.nc
2026-06-03 12:41:01,778 INFO run_pipeline - [process] 2026-06-03 12:41:01,777 INFO process_modis - Step: keeping native L1 grid for ir_105
2026-06-03 12:41:02,156 INFO run_pipeline - [process] 2026-06-03 12:41:02,156 INFO process_modis - Step: keeping native L1 grid for wv_63
2026-06-03 12:41:02,633 INFO run_pipeline - [process] 2026-06-03 12:41:02,633 INFO process_modis - Step: loading/resampling cloud mask from MYD35_L2.A2024158.0320.061.2024158182415.hdf
2026-06-03 12:41:02,634 INFO run_pipeline - [process] 2026-06-03 12:41:02,633 INFO process_modis - Step: keeping native L1 grid for cloud mask
2026-06-03 12:41:02,639 INFO run_pipeline - [process] 2026-06-03 12:41:02,639 INFO process_modis - Step: prepared Dataset for MYD021KM.A2024158.0320.061.2024158182229.hdf with vars=bt_ir_105,bt_wv_63,cloud_mask coords=time,crs,latitude,longitude
2026-06-03 12:41:04,163 INFO run_pipeline - [process] 2026-06-03 12:41:04,163 INFO process_modis - Wrote /sat_data/modis/processed/2024/06/06/20240606T0320_modis_aqua_bt_ir_105_bt_wv_63_cloud_mask.nc
2026-06-03 12:41:09,232 INFO run_pipeline - [process] 2026-06-03 12:41:09,231 INFO process_modis - Step: keeping native L1 grid for ir_105
2026-06-03 12:41:09,344 INFO run_pipeline - [process] 2026-06-03 12:41:09,344 INFO process_modis - Step: keeping native L1 grid for ir_105
2026-06-03 12:41:09,490 INFO run_pipeline - [process] 2026-06-03 12:41:09,490 INFO process_modis - Step: keeping native L1 grid for wv_63
2026-06-03 12:41:09,675 INFO run_pipeline - [process] 2026-06-03 12:41:09,675 INFO process_modis - Step: keeping native L1 grid for wv_63
2026-06-03 12:41:10,268 INFO run_pipeline - [process] 2026-06-03 12:41:10,267 INFO process_modis - Step: loading/resampling cloud mask from MYD35_L2.A2024158.1115.061.2024159153233.hdf
2026-06-03 12:41:10,268 INFO run_pipeline - [process] 2026-06-03 12:41:10,268 INFO process_modis - Step: keeping native L1 grid for cloud mask
2026-06-03 12:41:10,272 INFO run_pipeline - [process] 2026-06-03 12:41:10,272 INFO process_modis - Step: prepared Dataset for MYD021KM.A2024158.1115.061.2024159152922.hdf with vars=bt_ir_105,bt_wv_63,cloud_mask coords=time,crs,latitude,longitude
2026-06-03 12:41:10,289 INFO run_pipeline - [process] 2026-06-03 12:41:10,289 INFO process_modis - Step: loading/resampling cloud mask from MYD35_L2.A2024158.1255.061.2024159153242.hdf
2026-06-03 12:41:10,290 INFO run_pipeline - [process] 2026-06-03 12:41:10,289 INFO process_modis - Step: keeping native L1 grid for cloud mask
2026-06-03 12:41:10,296 INFO run_pipeline - [process] 2026-06-03 12:41:10,296 INFO process_modis - Step: prepared Dataset for MYD021KM.A2024158.1255.061.2024159152933.hdf with vars=bt_ir_105,bt_wv_63,cloud_mask coords=time,crs,latitude,longitude
2026-06-03 12:41:10,406 INFO run_pipeline - [process] 2026-06-03 12:41:10,406 INFO process_modis - Step: keeping native L1 grid for ir_105
2026-06-03 12:41:10,691 INFO run_pipeline - [process] 2026-06-03 12:41:10,691 INFO process_modis - Step: keeping native L1 grid for wv_63
2026-06-03 12:41:11,269 INFO run_pipeline - [process] 2026-06-03 12:41:11,269 INFO process_modis - Step: loading/resampling cloud mask from MYD35_L2.A2024158.1250.061.2024159153231.hdf
2026-06-03 12:41:11,269 INFO run_pipeline - [process] 2026-06-03 12:41:11,269 INFO process_modis - Step: keeping native L1 grid for cloud mask
2026-06-03 12:41:11,274 INFO run_pipeline - [process] 2026-06-03 12:41:11,273 INFO process_modis - Step: prepared Dataset for MYD021KM.A2024158.1250.061.2024159152959.hdf with vars=bt_ir_105,bt_wv_63,cloud_mask coords=time,crs,latitude,longitude
2026-06-03 12:41:12,418 INFO run_pipeline - [process] 2026-06-03 12:41:12,417 INFO process_modis - Wrote /sat_data/modis/processed/2024/06/06/20240606T1115_modis_aqua_bt_ir_105_bt_wv_63_cloud_mask.nc
2026-06-03 12:41:13,900 INFO run_pipeline - [process] 2026-06-03 12:41:13,899 INFO process_modis - Wrote /sat_data/modis/processed/2024/06/06/20240606T1255_modis_aqua_bt_ir_105_bt_wv_63_cloud_mask.nc
2026-06-03 12:41:14,957 INFO run_pipeline - [process] 2026-06-03 12:41:14,957 INFO process_modis - Wrote /sat_data/modis/processed/2024/06/06/20240606T1250_modis_aqua_bt_ir_105_bt_wv_63_cloud_mask.nc
2026-06-03 12:41:15,098 INFO run_pipeline - [process] 2026-06-03 12:41:15,098 INFO process_modis - Processed 5 files for aqua in /sat_data/modis/raw/radiances/2024/06/06
2026-06-03 12:41:15,626 INFO run_pipeline - Finished process in 494.56s with return code 0
2026-06-03 12:41:15,626 INFO run_pipeline - Starting upload: /home/Daniele/miniforge3/envs/satpy/bin/python /home/Daniele/codes/MODIS-processing/scripts/2_upload_s3.py --config /home/Daniele/codes/MODIS-processing/config/pipeline_config.yaml --credentials /home/Daniele/codes/MODIS-processing/s3_credentials.py --date 2024-06-06 --log-level INFO --verify
2026-06-03 12:41:23,377 INFO run_pipeline - [upload] 2026-06-03 12:41:23,376 INFO upload_s3 - Uploaded 11 files
2026-06-03 12:41:23,623 INFO run_pipeline - Finished upload in 8.00s with return code 0
2026-06-03 12:41:23,623 INFO run_pipeline - Batch 2024-06-06 finished in download=29.40s process=494.56s upload=8.00s | L1=11 L2=11 processed=11 uploaded=11 errors=0 failed_stage=none
2026-06-03 12:41:23,623 INFO run_pipeline - === Batch 2024-06-07 ===
2026-06-03 12:41:23,623 INFO run_pipeline - Starting download: /home/Daniele/miniforge3/envs/satpy/bin/python /home/Daniele/codes/MODIS-processing/scripts/0_download_modis.py --config /home/Daniele/codes/MODIS-processing/config/pipeline_config.yaml --date 2024-06-07 --log-level INFO
2026-06-03 12:41:24,711 INFO run_pipeline - [download] 2026-06-03 12:41:24,711 INFO download_modis - Searching CMR for MOD021KM between 2024-06-07 00:00:00 and 2024-06-08 00:00:00
2026-06-03 12:41:25,159 INFO run_pipeline - [download] 2026-06-03 12:41:25,159 INFO download_modis - Downloading 7 granules with 6 workers for MOD021KM
2026-06-03 12:41:37,222 INFO run_pipeline - [download] 2026-06-03 12:41:37,221 INFO download_modis - Searching CMR for MOD35_L2 between 2024-06-07 00:00:00 and 2024-06-08 00:00:00
2026-06-03 12:41:37,560 INFO run_pipeline - [download] 2026-06-03 12:41:37,559 INFO download_modis - Downloading 7 granules with 6 workers for MOD35_L2
2026-06-03 12:41:43,939 INFO run_pipeline - [download] 2026-06-03 12:41:43,938 INFO download_modis - terra [2024-06-07 - 2024-06-08] L1 downloaded=7 skipped=7 | L2 downloaded=7 skipped=0
2026-06-03 12:41:43,939 INFO run_pipeline - [download] 2026-06-03 12:41:43,939 INFO download_modis - Searching CMR for MYD021KM between 2024-06-07 00:00:00 and 2024-06-08 00:00:00
2026-06-03 12:41:44,267 INFO run_pipeline - [download] 2026-06-03 12:41:44,267 INFO download_modis - Downloading 6 granules with 6 workers for MYD021KM
2026-06-03 12:41:52,930 INFO run_pipeline - [download] 2026-06-03 12:41:52,930 INFO download_modis - Searching CMR for MYD35_L2 between 2024-06-07 00:00:00 and 2024-06-08 00:00:00
2026-06-03 12:41:53,243 INFO run_pipeline - [download] 2026-06-03 12:41:53,243 INFO download_modis - Downloading 6 granules with 6 workers for MYD35_L2
2026-06-03 12:41:56,786 INFO run_pipeline - [download] 2026-06-03 12:41:56,785 INFO download_modis - aqua [2024-06-07 - 2024-06-08] L1 downloaded=6 skipped=6 | L2 downloaded=6 skipped=0
2026-06-03 12:41:56,992 INFO run_pipeline - Finished download in 33.37s with return code 0
2026-06-03 12:41:56,992 INFO run_pipeline - Starting process: /home/Daniele/miniforge3/envs/satpy/bin/python /home/Daniele/codes/MODIS-processing/scripts/1_process_modis.py --config /home/Daniele/codes/MODIS-processing/config/pipeline_config.yaml --date 2024-06-07 --log-level INFO
2026-06-03 12:41:58,085 INFO run_pipeline - [process] 2026-06-03 12:41:58,084 INFO process_modis - Day terra /sat_data/modis/raw/radiances/2024/06/07: found 7 L1 files and 7 L2 files (dir totals: 13 radiance, 13 cloud)
2026-06-03 12:41:58,085 INFO run_pipeline - [process] 2026-06-03 12:41:58,085 INFO process_modis - Processing 7 granules with 5 workers
2026-06-03 12:41:58,086 INFO run_pipeline - [process] 2026-06-03 12:41:58,085 INFO process_modis - Processing granule MOD021KM.A2024159.0845.061.2024159214342.hdf timestamp=20240607T0845 matched_L2=MOD35_L2.A2024159.0845.061.2024159214557.hdf
2026-06-03 12:41:58,086 INFO run_pipeline - [process] 2026-06-03 12:41:58,086 INFO process_modis - Step: loading BT datasets for MOD021KM.A2024159.0845.061.2024159214342.hdf
2026-06-03 12:41:58,087 INFO run_pipeline - [process] 2026-06-03 12:41:58,086 INFO process_modis - Processing granule MOD021KM.A2024159.0850.061.2024160004332.hdf timestamp=20240607T0850 matched_L2=MOD35_L2.A2024159.0850.061.2024160014806.hdf
2026-06-03 12:41:58,087 INFO run_pipeline - [process] 2026-06-03 12:41:58,087 INFO process_modis - Step: loading BT datasets for MOD021KM.A2024159.0850.061.2024160004332.hdf
2026-06-03 12:41:58,088 INFO run_pipeline - [process] 2026-06-03 12:41:58,087 INFO process_modis - Processing granule MOD021KM.A2024159.1025.061.2024160054644.hdf timestamp=20240607T1025 matched_L2=MOD35_L2.A2024159.1025.061.2024160054840.hdf
2026-06-03 12:41:58,088 INFO run_pipeline - [process] 2026-06-03 12:41:58,088 INFO process_modis - Step: loading BT datasets for MOD021KM.A2024159.1025.061.2024160054644.hdf
2026-06-03 12:41:58,088 INFO run_pipeline - [process] 2026-06-03 12:41:58,088 INFO process_modis - Processing granule MOD021KM.A2024159.1030.061.2024160015213.hdf timestamp=20240607T1030 matched_L2=MOD35_L2.A2024159.1030.061.2024160015404.hdf
2026-06-03 12:41:58,089 INFO run_pipeline - [process] 2026-06-03 12:41:58,088 INFO process_modis - Processing granule MOD021KM.A2024159.1955.061.2024160074042.hdf timestamp=20240607T1955 matched_L2=MOD35_L2.A2024159.1955.061.2024160074140.hdf
2026-06-03 12:41:58,089 INFO run_pipeline - [process] 2026-06-03 12:41:58,088 INFO process_modis - Step: loading BT datasets for MOD021KM.A2024159.1030.061.2024160015213.hdf
2026-06-03 12:41:58,089 INFO run_pipeline - [process] 2026-06-03 12:41:58,089 INFO process_modis - Step: loading BT datasets for MOD021KM.A2024159.1955.061.2024160074042.hdf
2026-06-03 12:42:00,271 INFO run_pipeline - [process] 2026-06-03 12:42:00,270 INFO process_modis - Step: loaded BT datasets for MOD021KM.A2024159.1025.061.2024160054644.hdf: bt_ir_105,bt_wv_63
2026-06-03 12:42:00,351 INFO run_pipeline - [process] 2026-06-03 12:42:00,351 INFO process_modis - Step: loaded BT datasets for MOD021KM.A2024159.0850.061.2024160004332.hdf: bt_ir_105,bt_wv_63
2026-06-03 12:42:00,375 INFO run_pipeline - [process] 2026-06-03 12:42:00,375 INFO process_modis - Step: loaded BT datasets for MOD021KM.A2024159.0845.061.2024159214342.hdf: bt_ir_105,bt_wv_63
2026-06-03 12:42:00,403 INFO run_pipeline - [process] 2026-06-03 12:42:00,403 INFO process_modis - Step: loaded BT datasets for MOD021KM.A2024159.1955.061.2024160074042.hdf: bt_ir_105,bt_wv_63
2026-06-03 12:42:00,447 INFO run_pipeline - [process] 2026-06-03 12:42:00,447 INFO process_modis - Step: loaded BT datasets for MOD021KM.A2024159.1030.061.2024160015213.hdf: bt_ir_105,bt_wv_63
2026-06-03 12:45:09,471 INFO run_pipeline - [process] 2026-06-03 12:45:09,469 INFO process_modis - Step: keeping native L1 grid for ir_105
2026-06-03 12:45:09,771 INFO run_pipeline - [process] 2026-06-03 12:45:09,771 INFO process_modis - Step: keeping native L1 grid for wv_63
2026-06-03 12:45:10,233 INFO run_pipeline - [process] 2026-06-03 12:45:10,233 INFO process_modis - Step: loading/resampling cloud mask from MOD35_L2.A2024159.0850.061.2024160014806.hdf
2026-06-03 12:45:10,233 INFO run_pipeline - [process] 2026-06-03 12:45:10,233 INFO process_modis - Step: keeping native L1 grid for cloud mask
2026-06-03 12:45:10,238 INFO run_pipeline - [process] 2026-06-03 12:45:10,238 INFO process_modis - Step: prepared Dataset for MOD021KM.A2024159.0850.061.2024160004332.hdf with vars=bt_ir_105,bt_wv_63,cloud_mask coords=time,crs,latitude,longitude
2026-06-03 12:45:11,712 INFO run_pipeline - [process] 2026-06-03 12:45:11,711 INFO process_modis - Wrote /sat_data/modis/processed/2024/06/07/20240607T0850_modis_terra_bt_ir_105_bt_wv_63_cloud_mask.nc
2026-06-03 12:45:11,854 INFO run_pipeline - [process] 2026-06-03 12:45:11,853 INFO process_modis - Processing granule MOD021KM.A2024159.2000.061.2024160074051.hdf timestamp=20240607T2000 matched_L2=MOD35_L2.A2024159.2000.061.2024160074234.hdf
2026-06-03 12:45:11,854 INFO run_pipeline - [process] 2026-06-03 12:45:11,854 INFO process_modis - Step: loading BT datasets for MOD021KM.A2024159.2000.061.2024160074051.hdf
2026-06-03 12:45:12,322 INFO run_pipeline - [process] 2026-06-03 12:45:12,321 INFO process_modis - Step: loaded BT datasets for MOD021KM.A2024159.2000.061.2024160074051.hdf: bt_ir_105,bt_wv_63
2026-06-03 12:45:49,994 INFO run_pipeline - [process] 2026-06-03 12:45:49,993 INFO process_modis - Step: keeping native L1 grid for ir_105
2026-06-03 12:45:50,375 INFO run_pipeline - [process] 2026-06-03 12:45:50,375 INFO process_modis - Step: keeping native L1 grid for wv_63
2026-06-03 12:45:50,965 INFO run_pipeline - [process] 2026-06-03 12:45:50,965 INFO process_modis - Step: loading/resampling cloud mask from MOD35_L2.A2024159.1030.061.2024160015404.hdf
2026-06-03 12:45:50,965 INFO run_pipeline - [process] 2026-06-03 12:45:50,965 INFO process_modis - Step: keeping native L1 grid for cloud mask
2026-06-03 12:45:50,969 INFO run_pipeline - [process] 2026-06-03 12:45:50,969 INFO process_modis - Step: prepared Dataset for MOD021KM.A2024159.1030.061.2024160015213.hdf with vars=bt_ir_105,bt_wv_63,cloud_mask coords=time,crs,latitude,longitude
2026-06-03 12:45:52,678 INFO run_pipeline - [process] 2026-06-03 12:45:52,677 INFO process_modis - Wrote /sat_data/modis/processed/2024/06/07/20240607T1030_modis_terra_bt_ir_105_bt_wv_63_cloud_mask.nc
2026-06-03 12:45:52,844 INFO run_pipeline - [process] 2026-06-03 12:45:52,844 INFO process_modis - Processing granule MOD021KM.A2024159.2135.061.2024160073947.hdf timestamp=20240607T2135 matched_L2=MOD35_L2.A2024159.2135.061.2024160074109.hdf
2026-06-03 12:45:52,844 INFO run_pipeline - [process] 2026-06-03 12:45:52,844 INFO process_modis - Step: loading BT datasets for MOD021KM.A2024159.2135.061.2024160073947.hdf
2026-06-03 12:45:53,380 INFO run_pipeline - [process] 2026-06-03 12:45:53,380 INFO process_modis - Step: loaded BT datasets for MOD021KM.A2024159.2135.061.2024160073947.hdf: bt_ir_105,bt_wv_63
2026-06-03 12:46:05,049 INFO run_pipeline - [process] 2026-06-03 12:46:05,049 INFO process_modis - Step: keeping native L1 grid for ir_105
2026-06-03 12:46:05,392 INFO run_pipeline - [process] 2026-06-03 12:46:05,391 INFO process_modis - Step: keeping native L1 grid for wv_63
2026-06-03 12:46:06,037 INFO run_pipeline - [process] 2026-06-03 12:46:06,036 INFO process_modis - Step: loading/resampling cloud mask from MOD35_L2.A2024159.0845.061.2024159214557.hdf
2026-06-03 12:46:06,037 INFO run_pipeline - [process] 2026-06-03 12:46:06,036 INFO process_modis - Step: keeping native L1 grid for cloud mask
2026-06-03 12:46:06,042 INFO run_pipeline - [process] 2026-06-03 12:46:06,042 INFO process_modis - Step: prepared Dataset for MOD021KM.A2024159.0845.061.2024159214342.hdf with vars=bt_ir_105,bt_wv_63,cloud_mask coords=time,crs,latitude,longitude
2026-06-03 12:46:07,868 INFO run_pipeline - [process] 2026-06-03 12:46:07,867 INFO process_modis - Wrote /sat_data/modis/processed/2024/06/07/20240607T0845_modis_terra_bt_ir_105_bt_wv_63_cloud_mask.nc
2026-06-03 12:46:08,657 INFO run_pipeline - [process] 2026-06-03 12:46:08,656 INFO process_modis - Step: keeping native L1 grid for ir_105
2026-06-03 12:46:08,955 INFO run_pipeline - [process] 2026-06-03 12:46:08,955 INFO process_modis - Step: keeping native L1 grid for wv_63
2026-06-03 12:46:09,468 INFO run_pipeline - [process] 2026-06-03 12:46:09,468 INFO process_modis - Step: keeping native L1 grid for ir_105
2026-06-03 12:46:09,498 INFO run_pipeline - [process] 2026-06-03 12:46:09,498 INFO process_modis - Step: loading/resampling cloud mask from MOD35_L2.A2024159.1955.061.2024160074140.hdf
2026-06-03 12:46:09,498 INFO run_pipeline - [process] 2026-06-03 12:46:09,498 INFO process_modis - Step: keeping native L1 grid for cloud mask
2026-06-03 12:46:09,502 INFO run_pipeline - [process] 2026-06-03 12:46:09,502 INFO process_modis - Step: prepared Dataset for MOD021KM.A2024159.1955.061.2024160074042.hdf with vars=bt_ir_105,bt_wv_63,cloud_mask coords=time,crs,latitude,longitude
2026-06-03 12:46:09,723 INFO run_pipeline - [process] 2026-06-03 12:46:09,723 INFO process_modis - Step: keeping native L1 grid for wv_63
2026-06-03 12:46:10,281 INFO run_pipeline - [process] 2026-06-03 12:46:10,281 INFO process_modis - Step: loading/resampling cloud mask from MOD35_L2.A2024159.1025.061.2024160054840.hdf
2026-06-03 12:46:10,281 INFO run_pipeline - [process] 2026-06-03 12:46:10,281 INFO process_modis - Step: keeping native L1 grid for cloud mask
2026-06-03 12:46:10,286 INFO run_pipeline - [process] 2026-06-03 12:46:10,285 INFO process_modis - Step: prepared Dataset for MOD021KM.A2024159.1025.061.2024160054644.hdf with vars=bt_ir_105,bt_wv_63,cloud_mask coords=time,crs,latitude,longitude
2026-06-03 12:46:11,135 INFO run_pipeline - [process] 2026-06-03 12:46:11,135 INFO process_modis - Wrote /sat_data/modis/processed/2024/06/07/20240607T1955_modis_terra_bt_ir_105_bt_wv_63_cloud_mask.nc
2026-06-03 12:46:13,170 INFO run_pipeline - [process] 2026-06-03 12:46:13,169 INFO process_modis - Wrote /sat_data/modis/processed/2024/06/07/20240607T1025_modis_terra_bt_ir_105_bt_wv_63_cloud_mask.nc
2026-06-03 12:46:22,298 INFO run_pipeline - [process] 2026-06-03 12:46:22,297 INFO process_modis - Step: keeping native L1 grid for ir_105
2026-06-03 12:46:22,552 INFO run_pipeline - [process] 2026-06-03 12:46:22,551 INFO process_modis - Step: keeping native L1 grid for wv_63
2026-06-03 12:46:23,022 INFO run_pipeline - [process] 2026-06-03 12:46:23,021 INFO process_modis - Step: loading/resampling cloud mask from MOD35_L2.A2024159.2000.061.2024160074234.hdf
2026-06-03 12:46:23,022 INFO run_pipeline - [process] 2026-06-03 12:46:23,022 INFO process_modis - Step: keeping native L1 grid for cloud mask
2026-06-03 12:46:23,028 INFO run_pipeline - [process] 2026-06-03 12:46:23,027 INFO process_modis - Step: prepared Dataset for MOD021KM.A2024159.2000.061.2024160074051.hdf with vars=bt_ir_105,bt_wv_63,cloud_mask coords=time,crs,latitude,longitude
2026-06-03 12:46:26,468 INFO run_pipeline - [process] 2026-06-03 12:46:26,467 INFO process_modis - Wrote /sat_data/modis/processed/2024/06/07/20240607T2000_modis_terra_bt_ir_105_bt_wv_63_cloud_mask.nc
2026-06-03 12:46:46,157 INFO run_pipeline - [process] 2026-06-03 12:46:46,157 INFO process_modis - Step: keeping native L1 grid for ir_105
2026-06-03 12:46:46,547 INFO run_pipeline - [process] 2026-06-03 12:46:46,547 INFO process_modis - Step: keeping native L1 grid for wv_63
2026-06-03 12:46:47,019 INFO run_pipeline - [process] 2026-06-03 12:46:47,018 INFO process_modis - Step: loading/resampling cloud mask from MOD35_L2.A2024159.2135.061.2024160074109.hdf
2026-06-03 12:46:47,019 INFO run_pipeline - [process] 2026-06-03 12:46:47,018 INFO process_modis - Step: keeping native L1 grid for cloud mask
2026-06-03 12:46:47,023 INFO run_pipeline - [process] 2026-06-03 12:46:47,023 INFO process_modis - Step: prepared Dataset for MOD021KM.A2024159.2135.061.2024160073947.hdf with vars=bt_ir_105,bt_wv_63,cloud_mask coords=time,crs,latitude,longitude
2026-06-03 12:46:48,544 INFO run_pipeline - [process] 2026-06-03 12:46:48,544 INFO process_modis - Wrote /sat_data/modis/processed/2024/06/07/20240607T2135_modis_terra_bt_ir_105_bt_wv_63_cloud_mask.nc
2026-06-03 12:46:48,737 INFO run_pipeline - [process] 2026-06-03 12:46:48,737 INFO process_modis - Processed 7 files for terra in /sat_data/modis/raw/radiances/2024/06/07
2026-06-03 12:46:48,756 INFO run_pipeline - [process] 2026-06-03 12:46:48,756 INFO process_modis - Day aqua /sat_data/modis/raw/radiances/2024/06/07: found 6 L1 files and 6 L2 files (dir totals: 13 radiance, 13 cloud)
2026-06-03 12:46:48,756 INFO run_pipeline - [process] 2026-06-03 12:46:48,756 INFO process_modis - Processing 6 granules with 5 workers
2026-06-03 12:46:48,757 INFO run_pipeline - [process] 2026-06-03 12:46:48,757 INFO process_modis - Processing granule MYD021KM.A2024159.0045.061.2024160122856.hdf timestamp=20240607T0045 matched_L2=MYD35_L2.A2024159.0045.061.2024160123159.hdf
2026-06-03 12:46:48,757 INFO run_pipeline - [process] 2026-06-03 12:46:48,757 INFO process_modis - Step: loading BT datasets for MYD021KM.A2024159.0045.061.2024160122856.hdf
2026-06-03 12:46:48,758 INFO run_pipeline - [process] 2026-06-03 12:46:48,758 INFO process_modis - Processing granule MYD021KM.A2024159.0050.061.2024160021343.hdf timestamp=20240607T0050 matched_L2=MYD35_L2.A2024159.0050.061.2024160021439.hdf
2026-06-03 12:46:48,758 INFO run_pipeline - [process] 2026-06-03 12:46:48,758 INFO process_modis - Step: loading BT datasets for MYD021KM.A2024159.0050.061.2024160021343.hdf
2026-06-03 12:46:48,848 INFO run_pipeline - [process] 2026-06-03 12:46:48,848 INFO process_modis - Processing granule MYD021KM.A2024159.0225.061.2024159152854.hdf timestamp=20240607T0225 matched_L2=MYD35_L2.A2024159.0225.061.2024159153057.hdf
2026-06-03 12:46:48,849 INFO run_pipeline - [process] 2026-06-03 12:46:48,848 INFO process_modis - Step: loading BT datasets for MYD021KM.A2024159.0225.061.2024159152854.hdf
2026-06-03 12:46:48,854 INFO run_pipeline - [process] 2026-06-03 12:46:48,854 INFO process_modis - Processing granule MYD021KM.A2024159.1155.061.2024160150801.hdf timestamp=20240607T1155 matched_L2=MYD35_L2.A2024159.1155.061.2024160150959.hdf
2026-06-03 12:46:48,854 INFO run_pipeline - [process] 2026-06-03 12:46:48,854 INFO process_modis - Step: loading BT datasets for MYD021KM.A2024159.1155.061.2024160150801.hdf
2026-06-03 12:46:48,866 INFO run_pipeline - [process] 2026-06-03 12:46:48,866 INFO process_modis - Processing granule MYD021KM.A2024159.1330.061.2024160150501.hdf timestamp=20240607T1330 matched_L2=MYD35_L2.A2024159.1330.061.2024160150659.hdf
2026-06-03 12:46:48,866 INFO run_pipeline - [process] 2026-06-03 12:46:48,866 INFO process_modis - Step: loading BT datasets for MYD021KM.A2024159.1330.061.2024160150501.hdf
2026-06-03 12:46:50,141 INFO run_pipeline - [process] 2026-06-03 12:46:50,141 INFO process_modis - Step: loaded BT datasets for MYD021KM.A2024159.0045.061.2024160122856.hdf: bt_ir_105,bt_wv_63
2026-06-03 12:46:50,174 INFO run_pipeline - [process] 2026-06-03 12:46:50,173 INFO process_modis - Step: loaded BT datasets for MYD021KM.A2024159.0225.061.2024159152854.hdf: bt_ir_105,bt_wv_63
2026-06-03 12:46:50,235 INFO run_pipeline - [process] 2026-06-03 12:46:50,234 INFO process_modis - Step: loaded BT datasets for MYD021KM.A2024159.1155.061.2024160150801.hdf: bt_ir_105,bt_wv_63
2026-06-03 12:46:50,309 INFO run_pipeline - [process] 2026-06-03 12:46:50,309 INFO process_modis - Step: loaded BT datasets for MYD021KM.A2024159.1330.061.2024160150501.hdf: bt_ir_105,bt_wv_63
2026-06-03 12:46:50,346 INFO run_pipeline - [process] 2026-06-03 12:46:50,346 INFO process_modis - Step: loaded BT datasets for MYD021KM.A2024159.0050.061.2024160021343.hdf: bt_ir_105,bt_wv_63
2026-06-03 12:49:49,889 INFO run_pipeline - [process] 2026-06-03 12:49:49,889 INFO process_modis - Step: keeping native L1 grid for ir_105
2026-06-03 12:49:50,219 INFO run_pipeline - [process] 2026-06-03 12:49:50,219 INFO process_modis - Step: keeping native L1 grid for wv_63
2026-06-03 12:49:50,684 INFO run_pipeline - [process] 2026-06-03 12:49:50,684 INFO process_modis - Step: loading/resampling cloud mask from MYD35_L2.A2024159.0045.061.2024160123159.hdf
2026-06-03 12:49:50,685 INFO run_pipeline - [process] 2026-06-03 12:49:50,684 INFO process_modis - Step: keeping native L1 grid for cloud mask
2026-06-03 12:49:50,690 INFO run_pipeline - [process] 2026-06-03 12:49:50,689 INFO process_modis - Step: prepared Dataset for MYD021KM.A2024159.0045.061.2024160122856.hdf with vars=bt_ir_105,bt_wv_63,cloud_mask coords=time,crs,latitude,longitude
2026-06-03 12:49:52,202 INFO run_pipeline - [process] 2026-06-03 12:49:52,202 INFO process_modis - Wrote /sat_data/modis/processed/2024/06/07/20240607T0045_modis_aqua_bt_ir_105_bt_wv_63_cloud_mask.nc
2026-06-03 12:49:52,369 INFO run_pipeline - [process] 2026-06-03 12:49:52,368 INFO process_modis - Processing granule MYD021KM.A2024159.1335.061.2024160151223.hdf timestamp=20240607T1335 matched_L2=MYD35_L2.A2024159.1335.061.2024160151425.hdf
2026-06-03 12:49:52,369 INFO run_pipeline - [process] 2026-06-03 12:49:52,369 INFO process_modis - Step: loading BT datasets for MYD021KM.A2024159.1335.061.2024160151223.hdf
2026-06-03 12:49:52,856 INFO run_pipeline - [process] 2026-06-03 12:49:52,856 INFO process_modis - Step: loaded BT datasets for MYD021KM.A2024159.1335.061.2024160151223.hdf: bt_ir_105,bt_wv_63
2026-06-03 12:50:53,156 INFO run_pipeline - [process] 2026-06-03 12:50:53,156 INFO process_modis - Step: keeping native L1 grid for ir_105
2026-06-03 12:50:53,486 INFO run_pipeline - [process] 2026-06-03 12:50:53,486 INFO process_modis - Step: keeping native L1 grid for wv_63
2026-06-03 12:50:54,210 INFO run_pipeline - [process] 2026-06-03 12:50:54,210 INFO process_modis - Step: loading/resampling cloud mask from MYD35_L2.A2024159.0050.061.2024160021439.hdf
2026-06-03 12:50:54,210 INFO run_pipeline - [process] 2026-06-03 12:50:54,210 INFO process_modis - Step: keeping native L1 grid for cloud mask
2026-06-03 12:50:54,217 INFO run_pipeline - [process] 2026-06-03 12:50:54,217 INFO process_modis - Step: prepared Dataset for MYD021KM.A2024159.0050.061.2024160021343.hdf with vars=bt_ir_105,bt_wv_63,cloud_mask coords=time,crs,latitude,longitude
2026-06-03 12:50:55,707 INFO run_pipeline - [process] 2026-06-03 12:50:55,706 INFO process_modis - Wrote /sat_data/modis/processed/2024/06/07/20240607T0050_modis_aqua_bt_ir_105_bt_wv_63_cloud_mask.nc
2026-06-03 12:51:14,092 INFO run_pipeline - [process] 2026-06-03 12:51:14,091 INFO process_modis - Step: keeping native L1 grid for ir_105
2026-06-03 12:51:14,379 INFO run_pipeline - [process] 2026-06-03 12:51:14,378 INFO process_modis - Step: keeping native L1 grid for wv_63
2026-06-03 12:51:14,860 INFO run_pipeline - [process] 2026-06-03 12:51:14,860 INFO process_modis - Step: loading/resampling cloud mask from MYD35_L2.A2024159.1155.061.2024160150959.hdf
2026-06-03 12:51:14,860 INFO run_pipeline - [process] 2026-06-03 12:51:14,860 INFO process_modis - Step: keeping native L1 grid for cloud mask
2026-06-03 12:51:14,864 INFO run_pipeline - [process] 2026-06-03 12:51:14,864 INFO process_modis - Step: prepared Dataset for MYD021KM.A2024159.1155.061.2024160150801.hdf with vars=bt_ir_105,bt_wv_63,cloud_mask coords=time,crs,latitude,longitude
2026-06-03 12:51:16,641 INFO run_pipeline - [process] 2026-06-03 12:51:16,640 INFO process_modis - Wrote /sat_data/modis/processed/2024/06/07/20240607T1155_modis_aqua_bt_ir_105_bt_wv_63_cloud_mask.nc
2026-06-03 12:51:17,475 INFO run_pipeline - [process] 2026-06-03 12:51:17,475 INFO process_modis - Step: keeping native L1 grid for ir_105
2026-06-03 12:51:17,778 INFO run_pipeline - [process] 2026-06-03 12:51:17,777 INFO process_modis - Step: keeping native L1 grid for wv_63
2026-06-03 12:51:18,262 INFO run_pipeline - [process] 2026-06-03 12:51:18,262 INFO process_modis - Step: loading/resampling cloud mask from MYD35_L2.A2024159.1330.061.2024160150659.hdf
2026-06-03 12:51:18,262 INFO run_pipeline - [process] 2026-06-03 12:51:18,262 INFO process_modis - Step: keeping native L1 grid for cloud mask
2026-06-03 12:51:18,266 INFO run_pipeline - [process] 2026-06-03 12:51:18,266 INFO process_modis - Step: prepared Dataset for MYD021KM.A2024159.1330.061.2024160150501.hdf with vars=bt_ir_105,bt_wv_63,cloud_mask coords=time,crs,latitude,longitude
2026-06-03 12:51:19,754 INFO run_pipeline - [process] 2026-06-03 12:51:19,754 INFO process_modis - Wrote /sat_data/modis/processed/2024/06/07/20240607T1330_modis_aqua_bt_ir_105_bt_wv_63_cloud_mask.nc
2026-06-03 12:51:21,079 INFO run_pipeline - [process] 2026-06-03 12:51:21,079 INFO process_modis - Step: keeping native L1 grid for ir_105
2026-06-03 12:51:21,333 INFO run_pipeline - [process] 2026-06-03 12:51:21,332 INFO process_modis - Step: keeping native L1 grid for wv_63
2026-06-03 12:51:21,808 INFO run_pipeline - [process] 2026-06-03 12:51:21,807 INFO process_modis - Step: loading/resampling cloud mask from MYD35_L2.A2024159.0225.061.2024159153057.hdf
2026-06-03 12:51:21,808 INFO run_pipeline - [process] 2026-06-03 12:51:21,807 INFO process_modis - Step: keeping native L1 grid for cloud mask
2026-06-03 12:51:21,812 INFO run_pipeline - [process] 2026-06-03 12:51:21,811 INFO process_modis - Step: prepared Dataset for MYD021KM.A2024159.0225.061.2024159152854.hdf with vars=bt_ir_105,bt_wv_63,cloud_mask coords=time,crs,latitude,longitude
2026-06-03 12:51:23,565 INFO run_pipeline - [process] 2026-06-03 12:51:23,565 INFO process_modis - Wrote /sat_data/modis/processed/2024/06/07/20240607T0225_modis_aqua_bt_ir_105_bt_wv_63_cloud_mask.nc
2026-06-03 12:51:34,398 INFO run_pipeline - [process] 2026-06-03 12:51:34,398 INFO process_modis - Step: keeping native L1 grid for ir_105
2026-06-03 12:51:34,656 INFO run_pipeline - [process] 2026-06-03 12:51:34,656 INFO process_modis - Step: keeping native L1 grid for wv_63
2026-06-03 12:51:35,138 INFO run_pipeline - [process] 2026-06-03 12:51:35,137 INFO process_modis - Step: loading/resampling cloud mask from MYD35_L2.A2024159.1335.061.2024160151425.hdf
2026-06-03 12:51:35,138 INFO run_pipeline - [process] 2026-06-03 12:51:35,138 INFO process_modis - Step: keeping native L1 grid for cloud mask
2026-06-03 12:51:35,145 INFO run_pipeline - [process] 2026-06-03 12:51:35,144 INFO process_modis - Step: prepared Dataset for MYD021KM.A2024159.1335.061.2024160151223.hdf with vars=bt_ir_105,bt_wv_63,cloud_mask coords=time,crs,latitude,longitude
2026-06-03 12:51:36,649 INFO run_pipeline - [process] 2026-06-03 12:51:36,649 INFO process_modis - Wrote /sat_data/modis/processed/2024/06/07/20240607T1335_modis_aqua_bt_ir_105_bt_wv_63_cloud_mask.nc
2026-06-03 12:51:36,823 INFO run_pipeline - [process] 2026-06-03 12:51:36,823 INFO process_modis - Processed 6 files for aqua in /sat_data/modis/raw/radiances/2024/06/07
2026-06-03 12:51:37,201 INFO run_pipeline - Finished process in 580.21s with return code 0
2026-06-03 12:51:37,202 INFO run_pipeline - Starting upload: /home/Daniele/miniforge3/envs/satpy/bin/python /home/Daniele/codes/MODIS-processing/scripts/2_upload_s3.py --config /home/Daniele/codes/MODIS-processing/config/pipeline_config.yaml --credentials /home/Daniele/codes/MODIS-processing/s3_credentials.py --date 2024-06-07 --log-level INFO --verify
2026-06-03 12:51:44,092 INFO run_pipeline - [upload] 2026-06-03 12:51:44,091 INFO upload_s3 - Uploaded 13 files
2026-06-03 12:51:44,350 INFO run_pipeline - Finished upload in 7.15s with return code 0
2026-06-03 12:51:44,350 INFO run_pipeline - Batch 2024-06-07 finished in download=33.37s process=580.21s upload=7.15s | L1=13 L2=13 processed=13 uploaded=13 errors=0 failed_stage=none
2026-06-03 12:51:44,350 INFO run_pipeline - === Batch 2024-06-08 ===
2026-06-03 12:51:44,350 INFO run_pipeline - Starting download: /home/Daniele/miniforge3/envs/satpy/bin/python /home/Daniele/codes/MODIS-processing/scripts/0_download_modis.py --config /home/Daniele/codes/MODIS-processing/config/pipeline_config.yaml --date 2024-06-08 --log-level INFO
2026-06-03 12:51:45,447 INFO run_pipeline - [download] 2026-06-03 12:51:45,447 INFO download_modis - Searching CMR for MOD021KM between 2024-06-08 00:00:00 and 2024-06-09 00:00:00
2026-06-03 12:51:45,861 INFO run_pipeline - [download] 2026-06-03 12:51:45,860 INFO download_modis - Downloading 5 granules with 6 workers for MOD021KM
2026-06-03 12:51:55,270 INFO run_pipeline - [download] 2026-06-03 12:51:55,270 INFO download_modis - Searching CMR for MOD35_L2 between 2024-06-08 00:00:00 and 2024-06-09 00:00:00
2026-06-03 12:51:55,552 INFO run_pipeline - [download] 2026-06-03 12:51:55,531 INFO download_modis - Downloading 5 granules with 6 workers for MOD35_L2
2026-06-03 12:51:59,495 INFO run_pipeline - [download] 2026-06-03 12:51:59,495 INFO download_modis - terra [2024-06-08 - 2024-06-09] L1 downloaded=5 skipped=5 | L2 downloaded=5 skipped=0
2026-06-03 12:51:59,495 INFO run_pipeline - [download] 2026-06-03 12:51:59,495 INFO download_modis - Searching CMR for MYD021KM between 2024-06-08 00:00:00 and 2024-06-09 00:00:00
2026-06-03 12:51:59,770 INFO run_pipeline - [download] 2026-06-03 12:51:59,770 INFO download_modis - Downloading 6 granules with 6 workers for MYD021KM
2026-06-03 12:52:08,882 INFO run_pipeline - [download] 2026-06-03 12:52:08,882 INFO download_modis - Searching CMR for MYD35_L2 between 2024-06-08 00:00:00 and 2024-06-09 00:00:00
2026-06-03 12:52:09,164 INFO run_pipeline - [download] 2026-06-03 12:52:09,164 INFO download_modis - Downloading 6 granules with 6 workers for MYD35_L2
2026-06-03 12:52:12,875 INFO run_pipeline - [download] 2026-06-03 12:52:12,875 INFO download_modis - aqua [2024-06-08 - 2024-06-09] L1 downloaded=6 skipped=6 | L2 downloaded=6 skipped=0
2026-06-03 12:52:13,132 INFO run_pipeline - Finished download in 28.78s with return code 0
2026-06-03 12:52:13,132 INFO run_pipeline - Starting process: /home/Daniele/miniforge3/envs/satpy/bin/python /home/Daniele/codes/MODIS-processing/scripts/1_process_modis.py --config /home/Daniele/codes/MODIS-processing/config/pipeline_config.yaml --date 2024-06-08 --log-level INFO
2026-06-03 12:52:14,218 INFO run_pipeline - [process] 2026-06-03 12:52:14,218 INFO process_modis - Day terra /sat_data/modis/raw/radiances/2024/06/08: found 5 L1 files and 5 L2 files (dir totals: 11 radiance, 11 cloud)
2026-06-03 12:52:14,218 INFO run_pipeline - [process] 2026-06-03 12:52:14,218 INFO process_modis - Processing 5 granules with 5 workers
2026-06-03 12:52:14,219 INFO run_pipeline - [process] 2026-06-03 12:52:14,219 INFO process_modis - Processing granule MOD021KM.A2024160.0930.061.2024160191635.hdf timestamp=20240608T0930 matched_L2=MOD35_L2.A2024160.0930.061.2024160191928.hdf
2026-06-03 12:52:14,219 INFO run_pipeline - [process] 2026-06-03 12:52:14,219 INFO process_modis - Step: loading BT datasets for MOD021KM.A2024160.0930.061.2024160191635.hdf
2026-06-03 12:52:14,220 INFO run_pipeline - [process] 2026-06-03 12:52:14,219 INFO process_modis - Processing granule MOD021KM.A2024160.1105.061.2024160191556.hdf timestamp=20240608T1105 matched_L2=MOD35_L2.A2024160.1105.061.2024160191944.hdf
2026-06-03 12:52:14,221 INFO run_pipeline - [process] 2026-06-03 12:52:14,220 INFO process_modis - Processing granule MOD021KM.A2024160.1900.061.2024161074128.hdf timestamp=20240608T1900 matched_L2=MOD35_L2.A2024160.1900.061.2024161074259.hdf
2026-06-03 12:52:14,222 INFO run_pipeline - [process] 2026-06-03 12:52:14,220 INFO process_modis - Processing granule MOD021KM.A2024160.2035.061.2024161074125.hdf timestamp=20240608T2035 matched_L2=MOD35_L2.A2024160.2035.061.2024161074220.hdf
2026-06-03 12:52:14,222 INFO run_pipeline - [process] 2026-06-03 12:52:14,221 INFO process_modis - Step: loading BT datasets for MOD021KM.A2024160.1105.061.2024160191556.hdf
2026-06-03 12:52:14,222 INFO run_pipeline - [process] 2026-06-03 12:52:14,221 INFO process_modis - Processing granule MOD021KM.A2024160.2040.061.2024161074132.hdf timestamp=20240608T2040 matched_L2=MOD35_L2.A2024160.2040.061.2024161074314.hdf
2026-06-03 12:52:14,222 INFO run_pipeline - [process] 2026-06-03 12:52:14,221 INFO process_modis - Step: loading BT datasets for MOD021KM.A2024160.1900.061.2024161074128.hdf
2026-06-03 12:52:14,222 INFO run_pipeline - [process] 2026-06-03 12:52:14,221 INFO process_modis - Step: loading BT datasets for MOD021KM.A2024160.2035.061.2024161074125.hdf
2026-06-03 12:52:14,222 INFO run_pipeline - [process] 2026-06-03 12:52:14,222 INFO process_modis - Step: loading BT datasets for MOD021KM.A2024160.2040.061.2024161074132.hdf
2026-06-03 12:52:16,613 INFO run_pipeline - [process] 2026-06-03 12:52:16,613 INFO process_modis - Step: loaded BT datasets for MOD021KM.A2024160.0930.061.2024160191635.hdf: bt_ir_105,bt_wv_63
2026-06-03 12:52:16,618 INFO run_pipeline - [process] 2026-06-03 12:52:16,618 INFO process_modis - Step: loaded BT datasets for MOD021KM.A2024160.2040.061.2024161074132.hdf: bt_ir_105,bt_wv_63
2026-06-03 12:52:16,674 INFO run_pipeline - [process] 2026-06-03 12:52:16,674 INFO process_modis - Step: loaded BT datasets for MOD021KM.A2024160.1900.061.2024161074128.hdf: bt_ir_105,bt_wv_63
2026-06-03 12:52:16,720 INFO run_pipeline - [process] 2026-06-03 12:52:16,719 INFO process_modis - Step: loaded BT datasets for MOD021KM.A2024160.2035.061.2024161074125.hdf: bt_ir_105,bt_wv_63
2026-06-03 12:52:16,726 INFO run_pipeline - [process] 2026-06-03 12:52:16,726 INFO process_modis - Step: loaded BT datasets for MOD021KM.A2024160.1105.061.2024160191556.hdf: bt_ir_105,bt_wv_63
2026-06-03 12:55:26,130 INFO run_pipeline - [process] 2026-06-03 12:55:26,129 INFO process_modis - Step: keeping native L1 grid for ir_105
2026-06-03 12:55:26,412 INFO run_pipeline - [process] 2026-06-03 12:55:26,411 INFO process_modis - Step: keeping native L1 grid for wv_63
2026-06-03 12:55:26,867 INFO run_pipeline - [process] 2026-06-03 12:55:26,867 INFO process_modis - Step: loading/resampling cloud mask from MOD35_L2.A2024160.1900.061.2024161074259.hdf
2026-06-03 12:55:26,868 INFO run_pipeline - [process] 2026-06-03 12:55:26,867 INFO process_modis - Step: keeping native L1 grid for cloud mask
2026-06-03 12:55:26,873 INFO run_pipeline - [process] 2026-06-03 12:55:26,873 INFO process_modis - Step: prepared Dataset for MOD021KM.A2024160.1900.061.2024161074128.hdf with vars=bt_ir_105,bt_wv_63,cloud_mask coords=time,crs,latitude,longitude
2026-06-03 12:55:28,392 INFO run_pipeline - [process] 2026-06-03 12:55:28,389 INFO process_modis - Wrote /sat_data/modis/processed/2024/06/08/20240608T1900_modis_terra_bt_ir_105_bt_wv_63_cloud_mask.nc
2026-06-03 12:56:13,158 INFO run_pipeline - [process] 2026-06-03 12:56:13,158 INFO process_modis - Step: keeping native L1 grid for ir_105
2026-06-03 12:56:13,538 INFO run_pipeline - [process] 2026-06-03 12:56:13,537 INFO process_modis - Step: keeping native L1 grid for wv_63
2026-06-03 12:56:14,121 INFO run_pipeline - [process] 2026-06-03 12:56:14,120 INFO process_modis - Step: loading/resampling cloud mask from MOD35_L2.A2024160.0930.061.2024160191928.hdf
2026-06-03 12:56:14,121 INFO run_pipeline - [process] 2026-06-03 12:56:14,120 INFO process_modis - Step: keeping native L1 grid for cloud mask
2026-06-03 12:56:14,126 INFO run_pipeline - [process] 2026-06-03 12:56:14,125 INFO process_modis - Step: prepared Dataset for MOD021KM.A2024160.0930.061.2024160191635.hdf with vars=bt_ir_105,bt_wv_63,cloud_mask coords=time,crs,latitude,longitude
2026-06-03 12:56:15,778 INFO run_pipeline - [process] 2026-06-03 12:56:15,778 INFO process_modis - Wrote /sat_data/modis/processed/2024/06/08/20240608T0930_modis_terra_bt_ir_105_bt_wv_63_cloud_mask.nc
2026-06-03 12:56:20,190 INFO run_pipeline - [process] 2026-06-03 12:56:20,189 INFO process_modis - Step: keeping native L1 grid for ir_105
2026-06-03 12:56:20,494 INFO run_pipeline - [process] 2026-06-03 12:56:20,494 INFO process_modis - Step: keeping native L1 grid for wv_63
2026-06-03 12:56:20,658 INFO run_pipeline - [process] 2026-06-03 12:56:20,658 INFO process_modis - Step: keeping native L1 grid for ir_105
2026-06-03 12:56:20,958 INFO run_pipeline - [process] 2026-06-03 12:56:20,958 INFO process_modis - Step: keeping native L1 grid for wv_63
2026-06-03 12:56:21,177 INFO run_pipeline - [process] 2026-06-03 12:56:21,177 INFO process_modis - Step: loading/resampling cloud mask from MOD35_L2.A2024160.1105.061.2024160191944.hdf
2026-06-03 12:56:21,177 INFO run_pipeline - [process] 2026-06-03 12:56:21,177 INFO process_modis - Step: keeping native L1 grid for cloud mask
2026-06-03 12:56:21,181 INFO run_pipeline - [process] 2026-06-03 12:56:21,181 INFO process_modis - Step: prepared Dataset for MOD021KM.A2024160.1105.061.2024160191556.hdf with vars=bt_ir_105,bt_wv_63,cloud_mask coords=time,crs,latitude,longitude
2026-06-03 12:56:21,516 INFO run_pipeline - [process] 2026-06-03 12:56:21,516 INFO process_modis - Step: loading/resampling cloud mask from MOD35_L2.A2024160.2040.061.2024161074314.hdf
2026-06-03 12:56:21,516 INFO run_pipeline - [process] 2026-06-03 12:56:21,516 INFO process_modis - Step: keeping native L1 grid for cloud mask
2026-06-03 12:56:21,524 INFO run_pipeline - [process] 2026-06-03 12:56:21,523 INFO process_modis - Step: prepared Dataset for MOD021KM.A2024160.2040.061.2024161074132.hdf with vars=bt_ir_105,bt_wv_63,cloud_mask coords=time,crs,latitude,longitude
2026-06-03 12:56:22,251 INFO run_pipeline - [process] 2026-06-03 12:56:22,251 INFO process_modis - Step: keeping native L1 grid for ir_105
2026-06-03 12:56:22,505 INFO run_pipeline - [process] 2026-06-03 12:56:22,505 INFO process_modis - Step: keeping native L1 grid for wv_63
2026-06-03 12:56:22,976 INFO run_pipeline - [process] 2026-06-03 12:56:22,975 INFO process_modis - Step: loading/resampling cloud mask from MOD35_L2.A2024160.2035.061.2024161074220.hdf
2026-06-03 12:56:22,976 INFO run_pipeline - [process] 2026-06-03 12:56:22,975 INFO process_modis - Step: keeping native L1 grid for cloud mask
2026-06-03 12:56:22,980 INFO run_pipeline - [process] 2026-06-03 12:56:22,980 INFO process_modis - Step: prepared Dataset for MOD021KM.A2024160.2035.061.2024161074125.hdf with vars=bt_ir_105,bt_wv_63,cloud_mask coords=time,crs,latitude,longitude
2026-06-03 12:56:23,096 INFO run_pipeline - [process] 2026-06-03 12:56:23,096 INFO process_modis - Wrote /sat_data/modis/processed/2024/06/08/20240608T1105_modis_terra_bt_ir_105_bt_wv_63_cloud_mask.nc
2026-06-03 12:56:24,192 INFO run_pipeline - [process] 2026-06-03 12:56:24,191 INFO process_modis - Wrote /sat_data/modis/processed/2024/06/08/20240608T2040_modis_terra_bt_ir_105_bt_wv_63_cloud_mask.nc
2026-06-03 12:56:25,880 INFO run_pipeline - [process] 2026-06-03 12:56:25,880 INFO process_modis - Wrote /sat_data/modis/processed/2024/06/08/20240608T2035_modis_terra_bt_ir_105_bt_wv_63_cloud_mask.nc
2026-06-03 12:56:26,048 INFO run_pipeline - [process] 2026-06-03 12:56:26,048 INFO process_modis - Processed 5 files for terra in /sat_data/modis/raw/radiances/2024/06/08
2026-06-03 12:56:26,049 INFO run_pipeline - [process] 2026-06-03 12:56:26,049 INFO process_modis - Day aqua /sat_data/modis/raw/radiances/2024/06/08: found 6 L1 files and 6 L2 files (dir totals: 11 radiance, 11 cloud)
2026-06-03 12:56:26,049 INFO run_pipeline - [process] 2026-06-03 12:56:26,049 INFO process_modis - Processing 6 granules with 5 workers
2026-06-03 12:56:26,049 INFO run_pipeline - [process] 2026-06-03 12:56:26,049 INFO process_modis - Processing granule MYD021KM.A2024160.0125.061.2024161070208.hdf timestamp=20240608T0125 matched_L2=MYD35_L2.A2024160.0125.061.2024161070338.hdf
2026-06-03 12:56:26,050 INFO run_pipeline - [process] 2026-06-03 12:56:26,049 INFO process_modis - Step: loading BT datasets for MYD021KM.A2024160.0125.061.2024161070208.hdf
2026-06-03 12:56:26,063 INFO run_pipeline - [process] 2026-06-03 12:56:26,062 INFO process_modis - Processing granule MYD021KM.A2024160.0130.061.2024161070137.hdf timestamp=20240608T0130 matched_L2=MYD35_L2.A2024160.0130.061.2024161070229.hdf
2026-06-03 12:56:26,063 INFO run_pipeline - [process] 2026-06-03 12:56:26,063 INFO process_modis - Step: loading BT datasets for MYD021KM.A2024160.0130.061.2024161070137.hdf
2026-06-03 12:56:26,101 INFO run_pipeline - [process] 2026-06-03 12:56:26,100 INFO process_modis - Processing granule MYD021KM.A2024160.0305.061.2024160161305.hdf timestamp=20240608T0305 matched_L2=MYD35_L2.A2024160.0305.061.2024160161445.hdf
2026-06-03 12:56:26,101 INFO run_pipeline - [process] 2026-06-03 12:56:26,100 INFO process_modis - Step: loading BT datasets for MYD021KM.A2024160.0305.061.2024160161305.hdf
2026-06-03 12:56:26,151 INFO run_pipeline - [process] 2026-06-03 12:56:26,150 INFO process_modis - Processing granule MYD021KM.A2024160.1235.061.2024161160611.hdf timestamp=20240608T1235 matched_L2=MYD35_L2.A2024160.1235.061.2024161160813.hdf
2026-06-03 12:56:26,151 INFO run_pipeline - [process] 2026-06-03 12:56:26,150 INFO process_modis - Step: loading BT datasets for MYD021KM.A2024160.1235.061.2024161160611.hdf
2026-06-03 12:56:26,398 INFO run_pipeline - [process] 2026-06-03 12:56:26,398 INFO process_modis - Processing granule MYD021KM.A2024160.1410.061.2024161161441.hdf timestamp=20240608T1410 matched_L2=MYD35_L2.A2024160.1410.061.2024161161634.hdf
2026-06-03 12:56:26,398 INFO run_pipeline - [process] 2026-06-03 12:56:26,398 INFO process_modis - Step: loading BT datasets for MYD021KM.A2024160.1410.061.2024161161441.hdf
2026-06-03 12:56:27,419 INFO run_pipeline - [process] 2026-06-03 12:56:27,418 INFO process_modis - Step: loaded BT datasets for MYD021KM.A2024160.0125.061.2024161070208.hdf: bt_ir_105,bt_wv_63
2026-06-03 12:56:27,451 INFO run_pipeline - [process] 2026-06-03 12:56:27,451 INFO process_modis - Step: loaded BT datasets for MYD021KM.A2024160.0305.061.2024160161305.hdf: bt_ir_105,bt_wv_63
2026-06-03 12:56:27,484 INFO run_pipeline - [process] 2026-06-03 12:56:27,484 INFO process_modis - Step: loaded BT datasets for MYD021KM.A2024160.0130.061.2024161070137.hdf: bt_ir_105,bt_wv_63
2026-06-03 12:56:27,531 INFO run_pipeline - [process] 2026-06-03 12:56:27,531 INFO process_modis - Step: loaded BT datasets for MYD021KM.A2024160.1235.061.2024161160611.hdf: bt_ir_105,bt_wv_63
2026-06-03 12:56:27,581 INFO run_pipeline - [process] 2026-06-03 12:56:27,581 INFO process_modis - Step: loaded BT datasets for MYD021KM.A2024160.1410.061.2024161161441.hdf: bt_ir_105,bt_wv_63
2026-06-03 12:59:21,267 INFO run_pipeline - [process] 2026-06-03 12:59:21,266 INFO process_modis - Step: keeping native L1 grid for ir_105
2026-06-03 12:59:21,653 INFO run_pipeline - [process] 2026-06-03 12:59:21,652 INFO process_modis - Step: keeping native L1 grid for wv_63
2026-06-03 12:59:22,267 INFO run_pipeline - [process] 2026-06-03 12:59:22,267 INFO process_modis - Step: loading/resampling cloud mask from MYD35_L2.A2024160.1410.061.2024161161634.hdf
2026-06-03 12:59:22,267 INFO run_pipeline - [process] 2026-06-03 12:59:22,267 INFO process_modis - Step: keeping native L1 grid for cloud mask
2026-06-03 12:59:22,272 INFO run_pipeline - [process] 2026-06-03 12:59:22,272 INFO process_modis - Step: prepared Dataset for MYD021KM.A2024160.1410.061.2024161161441.hdf with vars=bt_ir_105,bt_wv_63,cloud_mask coords=time,crs,latitude,longitude
2026-06-03 12:59:23,839 INFO run_pipeline - [process] 2026-06-03 12:59:23,838 INFO process_modis - Wrote /sat_data/modis/processed/2024/06/08/20240608T1410_modis_aqua_bt_ir_105_bt_wv_63_cloud_mask.nc
2026-06-03 12:59:23,988 INFO run_pipeline - [process] 2026-06-03 12:59:23,988 INFO process_modis - Processing granule MYD021KM.A2024160.1415.061.2024161160559.hdf timestamp=20240608T1415 matched_L2=MYD35_L2.A2024160.1415.061.2024161160801.hdf
2026-06-03 12:59:23,988 INFO run_pipeline - [process] 2026-06-03 12:59:23,988 INFO process_modis - Step: loading BT datasets for MYD021KM.A2024160.1415.061.2024161160559.hdf
2026-06-03 12:59:24,548 INFO run_pipeline - [process] 2026-06-03 12:59:24,548 INFO process_modis - Step: loaded BT datasets for MYD021KM.A2024160.1415.061.2024161160559.hdf: bt_ir_105,bt_wv_63
2026-06-03 13:00:25,957 INFO run_pipeline - [process] 2026-06-03 13:00:25,957 INFO process_modis - Step: keeping native L1 grid for ir_105
2026-06-03 13:00:26,324 INFO run_pipeline - [process] 2026-06-03 13:00:26,324 INFO process_modis - Step: keeping native L1 grid for wv_63
2026-06-03 13:00:26,897 INFO run_pipeline - [process] 2026-06-03 13:00:26,897 INFO process_modis - Step: loading/resampling cloud mask from MYD35_L2.A2024160.1235.061.2024161160813.hdf
2026-06-03 13:00:26,898 INFO run_pipeline - [process] 2026-06-03 13:00:26,897 INFO process_modis - Step: keeping native L1 grid for cloud mask
2026-06-03 13:00:26,903 INFO run_pipeline - [process] 2026-06-03 13:00:26,903 INFO process_modis - Step: prepared Dataset for MYD021KM.A2024160.1235.061.2024161160611.hdf with vars=bt_ir_105,bt_wv_63,cloud_mask coords=time,crs,latitude,longitude
2026-06-03 13:00:28,538 INFO run_pipeline - [process] 2026-06-03 13:00:28,538 INFO process_modis - Wrote /sat_data/modis/processed/2024/06/08/20240608T1235_modis_aqua_bt_ir_105_bt_wv_63_cloud_mask.nc
2026-06-03 13:00:46,356 INFO run_pipeline - [process] 2026-06-03 13:00:46,355 INFO process_modis - Step: keeping native L1 grid for ir_105
2026-06-03 13:00:46,660 INFO run_pipeline - [process] 2026-06-03 13:00:46,660 INFO process_modis - Step: keeping native L1 grid for wv_63
2026-06-03 13:00:47,180 INFO run_pipeline - [process] 2026-06-03 13:00:47,180 INFO process_modis - Step: loading/resampling cloud mask from MYD35_L2.A2024160.0305.061.2024160161445.hdf
2026-06-03 13:00:47,181 INFO run_pipeline - [process] 2026-06-03 13:00:47,180 INFO process_modis - Step: keeping native L1 grid for cloud mask
2026-06-03 13:00:47,185 INFO run_pipeline - [process] 2026-06-03 13:00:47,185 INFO process_modis - Step: prepared Dataset for MYD021KM.A2024160.0305.061.2024160161305.hdf with vars=bt_ir_105,bt_wv_63,cloud_mask coords=time,crs,latitude,longitude
2026-06-03 13:00:47,797 INFO run_pipeline - [process] 2026-06-03 13:00:47,797 INFO process_modis - Step: keeping native L1 grid for ir_105
2026-06-03 13:00:48,051 INFO run_pipeline - [process] 2026-06-03 13:00:48,051 INFO process_modis - Step: keeping native L1 grid for wv_63
2026-06-03 13:00:48,489 INFO run_pipeline - [process] 2026-06-03 13:00:48,488 INFO process_modis - Step: loading/resampling cloud mask from MYD35_L2.A2024160.0130.061.2024161070229.hdf
2026-06-03 13:00:48,489 INFO run_pipeline - [process] 2026-06-03 13:00:48,488 INFO process_modis - Step: keeping native L1 grid for cloud mask
2026-06-03 13:00:48,504 INFO run_pipeline - [process] 2026-06-03 13:00:48,504 INFO process_modis - Step: prepared Dataset for MYD021KM.A2024160.0130.061.2024161070137.hdf with vars=bt_ir_105,bt_wv_63,cloud_mask coords=time,crs,latitude,longitude
2026-06-03 13:00:48,881 INFO run_pipeline - [process] 2026-06-03 13:00:48,881 INFO process_modis - Wrote /sat_data/modis/processed/2024/06/08/20240608T0305_modis_aqua_bt_ir_105_bt_wv_63_cloud_mask.nc
2026-06-03 13:00:49,127 INFO run_pipeline - [process] 2026-06-03 13:00:49,127 INFO process_modis - Step: keeping native L1 grid for ir_105
2026-06-03 13:00:49,422 INFO run_pipeline - [process] 2026-06-03 13:00:49,422 INFO process_modis - Step: keeping native L1 grid for wv_63
2026-06-03 13:00:49,855 INFO run_pipeline - [process] 2026-06-03 13:00:49,855 INFO process_modis - Step: loading/resampling cloud mask from MYD35_L2.A2024160.0125.061.2024161070338.hdf
2026-06-03 13:00:49,855 INFO run_pipeline - [process] 2026-06-03 13:00:49,855 INFO process_modis - Step: keeping native L1 grid for cloud mask
2026-06-03 13:00:49,859 INFO run_pipeline - [process] 2026-06-03 13:00:49,859 INFO process_modis - Step: prepared Dataset for MYD021KM.A2024160.0125.061.2024161070208.hdf with vars=bt_ir_105,bt_wv_63,cloud_mask coords=time,crs,latitude,longitude
2026-06-03 13:00:50,444 INFO run_pipeline - [process] 2026-06-03 13:00:50,444 INFO process_modis - Wrote /sat_data/modis/processed/2024/06/08/20240608T0130_modis_aqua_bt_ir_105_bt_wv_63_cloud_mask.nc
2026-06-03 13:00:52,286 INFO run_pipeline - [process] 2026-06-03 13:00:52,285 INFO process_modis - Wrote /sat_data/modis/processed/2024/06/08/20240608T0125_modis_aqua_bt_ir_105_bt_wv_63_cloud_mask.nc
2026-06-03 13:01:04,685 INFO run_pipeline - [process] 2026-06-03 13:01:04,684 INFO process_modis - Step: keeping native L1 grid for ir_105
2026-06-03 13:01:04,955 INFO run_pipeline - [process] 2026-06-03 13:01:04,954 INFO process_modis - Step: keeping native L1 grid for wv_63
2026-06-03 13:01:05,406 INFO run_pipeline - [process] 2026-06-03 13:01:05,406 INFO process_modis - Step: loading/resampling cloud mask from MYD35_L2.A2024160.1415.061.2024161160801.hdf
2026-06-03 13:01:05,407 INFO run_pipeline - [process] 2026-06-03 13:01:05,406 INFO process_modis - Step: keeping native L1 grid for cloud mask
2026-06-03 13:01:05,411 INFO run_pipeline - [process] 2026-06-03 13:01:05,410 INFO process_modis - Step: prepared Dataset for MYD021KM.A2024160.1415.061.2024161160559.hdf with vars=bt_ir_105,bt_wv_63,cloud_mask coords=time,crs,latitude,longitude
2026-06-03 13:01:06,890 INFO run_pipeline - [process] 2026-06-03 13:01:06,890 INFO process_modis - Wrote /sat_data/modis/processed/2024/06/08/20240608T1415_modis_aqua_bt_ir_105_bt_wv_63_cloud_mask.nc
2026-06-03 13:01:07,050 INFO run_pipeline - [process] 2026-06-03 13:01:07,049 INFO process_modis - Processed 6 files for aqua in /sat_data/modis/raw/radiances/2024/06/08
2026-06-03 13:01:07,454 INFO run_pipeline - Finished process in 534.32s with return code 0
2026-06-03 13:01:07,454 INFO run_pipeline - Starting upload: /home/Daniele/miniforge3/envs/satpy/bin/python /home/Daniele/codes/MODIS-processing/scripts/2_upload_s3.py --config /home/Daniele/codes/MODIS-processing/config/pipeline_config.yaml --credentials /home/Daniele/codes/MODIS-processing/s3_credentials.py --date 2024-06-08 --log-level INFO --verify
2026-06-03 13:01:15,206 INFO run_pipeline - [upload] 2026-06-03 13:01:15,205 INFO upload_s3 - Uploaded 11 files
2026-06-03 13:01:15,455 INFO run_pipeline - Finished upload in 8.00s with return code 0
2026-06-03 13:01:15,455 INFO run_pipeline - Batch 2024-06-08 finished in download=28.78s process=534.32s upload=8.00s | L1=11 L2=11 processed=11 uploaded=11 errors=0 failed_stage=none
2026-06-03 13:01:15,455 INFO run_pipeline - === Batch 2024-06-09 ===
2026-06-03 13:01:15,456 INFO run_pipeline - Starting download: /home/Daniele/miniforge3/envs/satpy/bin/python /home/Daniele/codes/MODIS-processing/scripts/0_download_modis.py --config /home/Daniele/codes/MODIS-processing/config/pipeline_config.yaml --date 2024-06-09 --log-level INFO
2026-06-03 13:01:16,680 INFO run_pipeline - [download] 2026-06-03 13:01:16,680 INFO download_modis - Searching CMR for MOD021KM between 2024-06-09 00:00:00 and 2024-06-10 00:00:00
2026-06-03 13:01:17,028 INFO run_pipeline - [download] 2026-06-03 13:01:17,028 INFO download_modis - Downloading 6 granules with 6 workers for MOD021KM
2026-06-03 13:01:27,078 INFO run_pipeline - [download] 2026-06-03 13:01:27,078 INFO download_modis - Searching CMR for MOD35_L2 between 2024-06-09 00:00:00 and 2024-06-10 00:00:00
2026-06-03 13:01:27,390 INFO run_pipeline - [download] 2026-06-03 13:01:27,389 INFO download_modis - Downloading 6 granules with 6 workers for MOD35_L2
2026-06-03 13:01:31,412 INFO run_pipeline - [download] 2026-06-03 13:01:31,412 INFO download_modis - terra [2024-06-09 - 2024-06-10] L1 downloaded=6 skipped=6 | L2 downloaded=6 skipped=0
2026-06-03 13:01:31,413 INFO run_pipeline - [download] 2026-06-03 13:01:31,412 INFO download_modis - Searching CMR for MYD021KM between 2024-06-09 00:00:00 and 2024-06-10 00:00:00
2026-06-03 13:01:31,669 INFO run_pipeline - [download] 2026-06-03 13:01:31,669 INFO download_modis - Downloading 5 granules with 6 workers for MYD021KM
2026-06-03 13:01:40,901 INFO run_pipeline - [download] 2026-06-03 13:01:40,901 INFO download_modis - Searching CMR for MYD35_L2 between 2024-06-09 00:00:00 and 2024-06-10 00:00:00
2026-06-03 13:01:41,172 INFO run_pipeline - [download] 2026-06-03 13:01:41,172 INFO download_modis - Downloading 5 granules with 6 workers for MYD35_L2
2026-06-03 13:01:45,249 INFO run_pipeline - [download] 2026-06-03 13:01:45,249 INFO download_modis - aqua [2024-06-09 - 2024-06-10] L1 downloaded=5 skipped=5 | L2 downloaded=5 skipped=0
2026-06-03 13:01:45,450 INFO run_pipeline - Finished download in 29.99s with return code 0
2026-06-03 13:01:45,451 INFO run_pipeline - Starting process: /home/Daniele/miniforge3/envs/satpy/bin/python /home/Daniele/codes/MODIS-processing/scripts/1_process_modis.py --config /home/Daniele/codes/MODIS-processing/config/pipeline_config.yaml --date 2024-06-09 --log-level INFO
2026-06-03 13:01:46,542 INFO run_pipeline - [process] 2026-06-03 13:01:46,542 INFO process_modis - Day terra /sat_data/modis/raw/radiances/2024/06/09: found 6 L1 files and 6 L2 files (dir totals: 11 radiance, 11 cloud)
2026-06-03 13:01:46,542 INFO run_pipeline - [process] 2026-06-03 13:01:46,542 INFO process_modis - Processing 6 granules with 5 workers
2026-06-03 13:01:46,543 INFO run_pipeline - [process] 2026-06-03 13:01:46,543 INFO process_modis - Processing granule MOD021KM.A2024161.0830.061.2024161191227.hdf timestamp=20240609T0830 matched_L2=MOD35_L2.A2024161.0830.061.2024161191419.hdf
2026-06-03 13:01:46,543 INFO run_pipeline - [process] 2026-06-03 13:01:46,543 INFO process_modis - Step: loading BT datasets for MOD021KM.A2024161.0830.061.2024161191227.hdf
2026-06-03 13:01:46,544 INFO run_pipeline - [process] 2026-06-03 13:01:46,544 INFO process_modis - Processing granule MOD021KM.A2024161.1010.061.2024161191328.hdf timestamp=20240609T1010 matched_L2=MOD35_L2.A2024161.1010.061.2024161191519.hdf
2026-06-03 13:01:46,545 INFO run_pipeline - [process] 2026-06-03 13:01:46,544 INFO process_modis - Step: loading BT datasets for MOD021KM.A2024161.1010.061.2024161191328.hdf
2026-06-03 13:01:46,546 INFO run_pipeline - [process] 2026-06-03 13:01:46,546 INFO process_modis - Processing granule MOD021KM.A2024161.1935.061.2024162074122.hdf timestamp=20240609T1935 matched_L2=MOD35_L2.A2024161.1935.061.2024162074222.hdf
2026-06-03 13:01:46,546 INFO run_pipeline - [process] 2026-06-03 13:01:46,546 INFO process_modis - Step: loading BT datasets for MOD021KM.A2024161.1935.061.2024162074122.hdf
2026-06-03 13:01:46,547 INFO run_pipeline - [process] 2026-06-03 13:01:46,546 INFO process_modis - Processing granule MOD021KM.A2024161.1940.061.2024162074113.hdf timestamp=20240609T1940 matched_L2=MOD35_L2.A2024161.1940.061.2024162074240.hdf
2026-06-03 13:01:46,547 INFO run_pipeline - [process] 2026-06-03 13:01:46,546 INFO process_modis - Step: loading BT datasets for MOD021KM.A2024161.1940.061.2024162074113.hdf
2026-06-03 13:01:46,547 INFO run_pipeline - [process] 2026-06-03 13:01:46,547 INFO process_modis - Processing granule MOD021KM.A2024161.2115.061.2024162074035.hdf timestamp=20240609T2115 matched_L2=MOD35_L2.A2024161.2115.061.2024162074136.hdf
2026-06-03 13:01:46,547 INFO run_pipeline - [process] 2026-06-03 13:01:46,547 INFO process_modis - Step: loading BT datasets for MOD021KM.A2024161.2115.061.2024162074035.hdf
2026-06-03 13:01:48,932 INFO run_pipeline - [process] 2026-06-03 13:01:48,932 INFO process_modis - Step: loaded BT datasets for MOD021KM.A2024161.1940.061.2024162074113.hdf: bt_ir_105,bt_wv_63
2026-06-03 13:01:49,004 INFO run_pipeline - [process] 2026-06-03 13:01:49,004 INFO process_modis - Step: loaded BT datasets for MOD021KM.A2024161.2115.061.2024162074035.hdf: bt_ir_105,bt_wv_63
2026-06-03 13:01:49,031 INFO run_pipeline - [process] 2026-06-03 13:01:49,031 INFO process_modis - Step: loaded BT datasets for MOD021KM.A2024161.1935.061.2024162074122.hdf: bt_ir_105,bt_wv_63
2026-06-03 13:01:49,066 INFO run_pipeline - [process] 2026-06-03 13:01:49,066 INFO process_modis - Step: loaded BT datasets for MOD021KM.A2024161.1010.061.2024161191328.hdf: bt_ir_105,bt_wv_63
2026-06-03 13:01:49,116 INFO run_pipeline - [process] 2026-06-03 13:01:49,116 INFO process_modis - Step: loaded BT datasets for MOD021KM.A2024161.0830.061.2024161191227.hdf: bt_ir_105,bt_wv_63
2026-06-03 13:05:27,391 INFO run_pipeline - [process] 2026-06-03 13:05:27,390 INFO process_modis - Step: keeping native L1 grid for ir_105
2026-06-03 13:05:27,782 INFO run_pipeline - [process] 2026-06-03 13:05:27,782 INFO process_modis - Step: keeping native L1 grid for wv_63
2026-06-03 13:05:28,354 INFO run_pipeline - [process] 2026-06-03 13:05:28,353 INFO process_modis - Step: loading/resampling cloud mask from MOD35_L2.A2024161.2115.061.2024162074136.hdf
2026-06-03 13:05:28,354 INFO run_pipeline - [process] 2026-06-03 13:05:28,354 INFO process_modis - Step: keeping native L1 grid for cloud mask
2026-06-03 13:05:28,359 INFO run_pipeline - [process] 2026-06-03 13:05:28,359 INFO process_modis - Step: prepared Dataset for MOD021KM.A2024161.2115.061.2024162074035.hdf with vars=bt_ir_105,bt_wv_63,cloud_mask coords=time,crs,latitude,longitude
2026-06-03 13:05:30,109 INFO run_pipeline - [process] 2026-06-03 13:05:30,106 INFO process_modis - Wrote /sat_data/modis/processed/2024/06/09/20240609T2115_modis_terra_bt_ir_105_bt_wv_63_cloud_mask.nc
2026-06-03 13:05:30,126 INFO run_pipeline - [process] 2026-06-03 13:05:30,125 INFO process_modis - Processing granule MOD021KM.A2024161.2120.061.2024162074039.hdf timestamp=20240609T2120 matched_L2=MOD35_L2.A2024161.2120.061.2024162074221.hdf
2026-06-03 13:05:30,126 INFO run_pipeline - [process] 2026-06-03 13:05:30,125 INFO process_modis - Step: loading BT datasets for MOD021KM.A2024161.2120.061.2024162074039.hdf
2026-06-03 13:05:30,877 INFO run_pipeline - [process] 2026-06-03 13:05:30,876 INFO process_modis - Step: loaded BT datasets for MOD021KM.A2024161.2120.061.2024162074039.hdf: bt_ir_105,bt_wv_63
2026-06-03 13:05:45,490 INFO run_pipeline - [process] 2026-06-03 13:05:45,489 INFO process_modis - Step: keeping native L1 grid for ir_105
2026-06-03 13:05:45,729 INFO run_pipeline - [process] 2026-06-03 13:05:45,729 INFO process_modis - Step: keeping native L1 grid for wv_63
2026-06-03 13:05:46,156 INFO run_pipeline - [process] 2026-06-03 13:05:46,156 INFO process_modis - Step: loading/resampling cloud mask from MOD35_L2.A2024161.1940.061.2024162074240.hdf
2026-06-03 13:05:46,156 INFO run_pipeline - [process] 2026-06-03 13:05:46,156 INFO process_modis - Step: keeping native L1 grid for cloud mask
2026-06-03 13:05:46,160 INFO run_pipeline - [process] 2026-06-03 13:05:46,160 INFO process_modis - Step: prepared Dataset for MOD021KM.A2024161.1940.061.2024162074113.hdf with vars=bt_ir_105,bt_wv_63,cloud_mask coords=time,crs,latitude,longitude
2026-06-03 13:05:47,660 INFO run_pipeline - [process] 2026-06-03 13:05:47,659 INFO process_modis - Wrote /sat_data/modis/processed/2024/06/09/20240609T1940_modis_terra_bt_ir_105_bt_wv_63_cloud_mask.nc
2026-06-03 13:05:59,641 INFO run_pipeline - [process] 2026-06-03 13:05:59,640 INFO process_modis - Step: keeping native L1 grid for ir_105
2026-06-03 13:05:59,896 INFO run_pipeline - [process] 2026-06-03 13:05:59,896 INFO process_modis - Step: keeping native L1 grid for wv_63
2026-06-03 13:06:00,397 INFO run_pipeline - [process] 2026-06-03 13:06:00,397 INFO process_modis - Step: loading/resampling cloud mask from MOD35_L2.A2024161.1010.061.2024161191519.hdf
2026-06-03 13:06:00,397 INFO run_pipeline - [process] 2026-06-03 13:06:00,397 INFO process_modis - Step: keeping native L1 grid for cloud mask
2026-06-03 13:06:00,404 INFO run_pipeline - [process] 2026-06-03 13:06:00,404 INFO process_modis - Step: prepared Dataset for MOD021KM.A2024161.1010.061.2024161191328.hdf with vars=bt_ir_105,bt_wv_63,cloud_mask coords=time,crs,latitude,longitude
2026-06-03 13:06:05,254 INFO run_pipeline - [process] 2026-06-03 13:06:05,254 INFO process_modis - Wrote /sat_data/modis/processed/2024/06/09/20240609T1010_modis_terra_bt_ir_105_bt_wv_63_cloud_mask.nc
2026-06-03 13:06:05,695 INFO run_pipeline - [process] 2026-06-03 13:06:05,695 INFO process_modis - Step: keeping native L1 grid for ir_105
2026-06-03 13:06:05,725 INFO run_pipeline - [process] 2026-06-03 13:06:05,725 INFO process_modis - Step: keeping native L1 grid for ir_105
2026-06-03 13:06:05,927 INFO run_pipeline - [process] 2026-06-03 13:06:05,927 INFO process_modis - Step: keeping native L1 grid for wv_63
2026-06-03 13:06:06,027 INFO run_pipeline - [process] 2026-06-03 13:06:06,027 INFO process_modis - Step: keeping native L1 grid for wv_63
2026-06-03 13:06:06,511 INFO run_pipeline - [process] 2026-06-03 13:06:06,510 INFO process_modis - Step: loading/resampling cloud mask from MOD35_L2.A2024161.1935.061.2024162074222.hdf
2026-06-03 13:06:06,511 INFO run_pipeline - [process] 2026-06-03 13:06:06,511 INFO process_modis - Step: keeping native L1 grid for cloud mask
2026-06-03 13:06:06,515 INFO run_pipeline - [process] 2026-06-03 13:06:06,514 INFO process_modis - Step: prepared Dataset for MOD021KM.A2024161.1935.061.2024162074122.hdf with vars=bt_ir_105,bt_wv_63,cloud_mask coords=time,crs,latitude,longitude
2026-06-03 13:06:06,620 INFO run_pipeline - [process] 2026-06-03 13:06:06,620 INFO process_modis - Step: loading/resampling cloud mask from MOD35_L2.A2024161.0830.061.2024161191419.hdf
2026-06-03 13:06:06,620 INFO run_pipeline - [process] 2026-06-03 13:06:06,620 INFO process_modis - Step: keeping native L1 grid for cloud mask
2026-06-03 13:06:06,624 INFO run_pipeline - [process] 2026-06-03 13:06:06,623 INFO process_modis - Step: prepared Dataset for MOD021KM.A2024161.0830.061.2024161191227.hdf with vars=bt_ir_105,bt_wv_63,cloud_mask coords=time,crs,latitude,longitude
2026-06-03 13:06:08,149 INFO run_pipeline - [process] 2026-06-03 13:06:08,149 INFO process_modis - Wrote /sat_data/modis/processed/2024/06/09/20240609T1935_modis_terra_bt_ir_105_bt_wv_63_cloud_mask.nc
2026-06-03 13:06:09,470 INFO run_pipeline - [process] 2026-06-03 13:06:09,469 INFO process_modis - Wrote /sat_data/modis/processed/2024/06/09/20240609T0830_modis_terra_bt_ir_105_bt_wv_63_cloud_mask.nc
2026-06-03 13:06:30,651 INFO run_pipeline - [process] 2026-06-03 13:06:30,650 INFO process_modis - Step: keeping native L1 grid for ir_105
2026-06-03 13:06:30,903 INFO run_pipeline - [process] 2026-06-03 13:06:30,903 INFO process_modis - Step: keeping native L1 grid for wv_63
2026-06-03 13:06:31,353 INFO run_pipeline - [process] 2026-06-03 13:06:31,353 INFO process_modis - Step: loading/resampling cloud mask from MOD35_L2.A2024161.2120.061.2024162074221.hdf
2026-06-03 13:06:31,353 INFO run_pipeline - [process] 2026-06-03 13:06:31,353 INFO process_modis - Step: keeping native L1 grid for cloud mask
2026-06-03 13:06:31,357 INFO run_pipeline - [process] 2026-06-03 13:06:31,357 INFO process_modis - Step: prepared Dataset for MOD021KM.A2024161.2120.061.2024162074039.hdf with vars=bt_ir_105,bt_wv_63,cloud_mask coords=time,crs,latitude,longitude
2026-06-03 13:06:32,849 INFO run_pipeline - [process] 2026-06-03 13:06:32,849 INFO process_modis - Wrote /sat_data/modis/processed/2024/06/09/20240609T2120_modis_terra_bt_ir_105_bt_wv_63_cloud_mask.nc
2026-06-03 13:06:32,919 INFO run_pipeline - [process] 2026-06-03 13:06:32,919 INFO process_modis - Processed 6 files for terra in /sat_data/modis/raw/radiances/2024/06/09
2026-06-03 13:06:32,920 INFO run_pipeline - [process] 2026-06-03 13:06:32,920 INFO process_modis - Day aqua /sat_data/modis/raw/radiances/2024/06/09: found 5 L1 files and 5 L2 files (dir totals: 11 radiance, 11 cloud)
2026-06-03 13:06:32,920 INFO run_pipeline - [process] 2026-06-03 13:06:32,920 INFO process_modis - Processing 5 granules with 5 workers
2026-06-03 13:06:32,920 INFO run_pipeline - [process] 2026-06-03 13:06:32,920 INFO process_modis - Processing granule MYD021KM.A2024161.0205.061.2024161162747.hdf timestamp=20240609T0205 matched_L2=MYD35_L2.A2024161.0205.061.2024161162935.hdf
2026-06-03 13:06:32,921 INFO run_pipeline - [process] 2026-06-03 13:06:32,920 INFO process_modis - Step: loading BT datasets for MYD021KM.A2024161.0205.061.2024161162747.hdf
2026-06-03 13:06:32,921 INFO run_pipeline - [process] 2026-06-03 13:06:32,921 INFO process_modis - Processing granule MYD021KM.A2024161.0210.061.2024161160924.hdf timestamp=20240609T0210 matched_L2=MYD35_L2.A2024161.0210.061.2024161161016.hdf
2026-06-03 13:06:32,921 INFO run_pipeline - [process] 2026-06-03 13:06:32,921 INFO process_modis - Step: loading BT datasets for MYD021KM.A2024161.0210.061.2024161160924.hdf
2026-06-03 13:06:32,927 INFO run_pipeline - [process] 2026-06-03 13:06:32,927 INFO process_modis - Processing granule MYD021KM.A2024161.1135.061.2024162145329.hdf timestamp=20240609T1135 matched_L2=MYD35_L2.A2024161.1135.061.2024162145522.hdf
2026-06-03 13:06:32,927 INFO run_pipeline - [process] 2026-06-03 13:06:32,927 INFO process_modis - Step: loading BT datasets for MYD021KM.A2024161.1135.061.2024162145329.hdf
2026-06-03 13:06:32,943 INFO run_pipeline - [process] 2026-06-03 13:06:32,943 INFO process_modis - Processing granule MYD021KM.A2024161.1140.061.2024162145318.hdf timestamp=20240609T1140 matched_L2=MYD35_L2.A2024161.1140.061.2024162145515.hdf
2026-06-03 13:06:32,943 INFO run_pipeline - [process] 2026-06-03 13:06:32,943 INFO process_modis - Step: loading BT datasets for MYD021KM.A2024161.1140.061.2024162145318.hdf
2026-06-03 13:06:32,949 INFO run_pipeline - [process] 2026-06-03 13:06:32,949 INFO process_modis - Processing granule MYD021KM.A2024161.1315.061.2024162150906.hdf timestamp=20240609T1315 matched_L2=MYD35_L2.A2024161.1315.061.2024162151059.hdf
2026-06-03 13:06:32,949 INFO run_pipeline - [process] 2026-06-03 13:06:32,949 INFO process_modis - Step: loading BT datasets for MYD021KM.A2024161.1315.061.2024162150906.hdf
2026-06-03 13:06:34,206 INFO run_pipeline - [process] 2026-06-03 13:06:34,206 INFO process_modis - Step: loaded BT datasets for MYD021KM.A2024161.0205.061.2024161162747.hdf: bt_ir_105,bt_wv_63
2026-06-03 13:06:34,275 INFO run_pipeline - [process] 2026-06-03 13:06:34,274 INFO process_modis - Step: loaded BT datasets for MYD021KM.A2024161.1140.061.2024162145318.hdf: bt_ir_105,bt_wv_63
2026-06-03 13:06:34,297 INFO run_pipeline - [process] 2026-06-03 13:06:34,297 INFO process_modis - Step: loaded BT datasets for MYD021KM.A2024161.1315.061.2024162150906.hdf: bt_ir_105,bt_wv_63
2026-06-03 13:06:34,334 INFO run_pipeline - [process] 2026-06-03 13:06:34,334 INFO process_modis - Step: loaded BT datasets for MYD021KM.A2024161.1135.061.2024162145329.hdf: bt_ir_105,bt_wv_63
2026-06-03 13:06:34,421 INFO run_pipeline - [process] 2026-06-03 13:06:34,421 INFO process_modis - Step: loaded BT datasets for MYD021KM.A2024161.0210.061.2024161160924.hdf: bt_ir_105,bt_wv_63
2026-06-03 13:10:42,054 INFO run_pipeline - [process] 2026-06-03 13:10:42,054 INFO process_modis - Step: keeping native L1 grid for ir_105
2026-06-03 13:10:42,319 INFO run_pipeline - [process] 2026-06-03 13:10:42,319 INFO process_modis - Step: keeping native L1 grid for wv_63
2026-06-03 13:10:42,999 INFO run_pipeline - [process] 2026-06-03 13:10:42,999 INFO process_modis - Step: loading/resampling cloud mask from MYD35_L2.A2024161.1315.061.2024162151059.hdf
2026-06-03 13:10:42,999 INFO run_pipeline - [process] 2026-06-03 13:10:42,999 INFO process_modis - Step: keeping native L1 grid for cloud mask
2026-06-03 13:10:43,003 INFO run_pipeline - [process] 2026-06-03 13:10:43,003 INFO process_modis - Step: prepared Dataset for MYD021KM.A2024161.1315.061.2024162150906.hdf with vars=bt_ir_105,bt_wv_63,cloud_mask coords=time,crs,latitude,longitude
2026-06-03 13:10:44,525 INFO run_pipeline - [process] 2026-06-03 13:10:44,524 INFO process_modis - Wrote /sat_data/modis/processed/2024/06/09/20240609T1315_modis_aqua_bt_ir_105_bt_wv_63_cloud_mask.nc
2026-06-03 13:10:45,332 INFO run_pipeline - [process] 2026-06-03 13:10:45,332 INFO process_modis - Step: keeping native L1 grid for ir_105
2026-06-03 13:10:45,570 INFO run_pipeline - [process] 2026-06-03 13:10:45,570 INFO process_modis - Step: keeping native L1 grid for wv_63
2026-06-03 13:10:45,994 INFO run_pipeline - [process] 2026-06-03 13:10:45,994 INFO process_modis - Step: loading/resampling cloud mask from MYD35_L2.A2024161.0205.061.2024161162935.hdf
2026-06-03 13:10:45,994 INFO run_pipeline - [process] 2026-06-03 13:10:45,994 INFO process_modis - Step: keeping native L1 grid for cloud mask
2026-06-03 13:10:46,001 INFO run_pipeline - [process] 2026-06-03 13:10:46,001 INFO process_modis - Step: prepared Dataset for MYD021KM.A2024161.0205.061.2024161162747.hdf with vars=bt_ir_105,bt_wv_63,cloud_mask coords=time,crs,latitude,longitude
2026-06-03 13:10:47,467 INFO run_pipeline - [process] 2026-06-03 13:10:47,467 INFO process_modis - Wrote /sat_data/modis/processed/2024/06/09/20240609T0205_modis_aqua_bt_ir_105_bt_wv_63_cloud_mask.nc
2026-06-03 13:10:49,224 INFO run_pipeline - [process] 2026-06-03 13:10:49,224 INFO process_modis - Step: keeping native L1 grid for ir_105
2026-06-03 13:10:49,500 INFO run_pipeline - [process] 2026-06-03 13:10:49,500 INFO process_modis - Step: keeping native L1 grid for wv_63
2026-06-03 13:10:49,949 INFO run_pipeline - [process] 2026-06-03 13:10:49,948 INFO process_modis - Step: loading/resampling cloud mask from MYD35_L2.A2024161.1135.061.2024162145522.hdf
2026-06-03 13:10:49,949 INFO run_pipeline - [process] 2026-06-03 13:10:49,949 INFO process_modis - Step: keeping native L1 grid for cloud mask
2026-06-03 13:10:49,953 INFO run_pipeline - [process] 2026-06-03 13:10:49,953 INFO process_modis - Step: prepared Dataset for MYD021KM.A2024161.1135.061.2024162145329.hdf with vars=bt_ir_105,bt_wv_63,cloud_mask coords=time,crs,latitude,longitude
2026-06-03 13:10:51,410 INFO run_pipeline - [process] 2026-06-03 13:10:51,409 INFO process_modis - Wrote /sat_data/modis/processed/2024/06/09/20240609T1135_modis_aqua_bt_ir_105_bt_wv_63_cloud_mask.nc
2026-06-03 13:10:51,839 INFO run_pipeline - [process] 2026-06-03 13:10:51,839 INFO process_modis - Step: keeping native L1 grid for ir_105
2026-06-03 13:10:52,094 INFO run_pipeline - [process] 2026-06-03 13:10:52,094 INFO process_modis - Step: keeping native L1 grid for wv_63
2026-06-03 13:10:52,572 INFO run_pipeline - [process] 2026-06-03 13:10:52,572 INFO process_modis - Step: loading/resampling cloud mask from MYD35_L2.A2024161.0210.061.2024161161016.hdf
2026-06-03 13:10:52,572 INFO run_pipeline - [process] 2026-06-03 13:10:52,572 INFO process_modis - Step: keeping native L1 grid for cloud mask
2026-06-03 13:10:52,578 INFO run_pipeline - [process] 2026-06-03 13:10:52,578 INFO process_modis - Step: prepared Dataset for MYD021KM.A2024161.0210.061.2024161160924.hdf with vars=bt_ir_105,bt_wv_63,cloud_mask coords=time,crs,latitude,longitude
2026-06-03 13:10:52,939 INFO run_pipeline - [process] 2026-06-03 13:10:52,939 INFO process_modis - Step: keeping native L1 grid for ir_105
2026-06-03 13:10:53,239 INFO run_pipeline - [process] 2026-06-03 13:10:53,239 INFO process_modis - Step: keeping native L1 grid for wv_63
2026-06-03 13:10:53,755 INFO run_pipeline - [process] 2026-06-03 13:10:53,754 INFO process_modis - Step: loading/resampling cloud mask from MYD35_L2.A2024161.1140.061.2024162145515.hdf
2026-06-03 13:10:53,755 INFO run_pipeline - [process] 2026-06-03 13:10:53,754 INFO process_modis - Step: keeping native L1 grid for cloud mask
2026-06-03 13:10:53,758 INFO run_pipeline - [process] 2026-06-03 13:10:53,758 INFO process_modis - Step: prepared Dataset for MYD021KM.A2024161.1140.061.2024162145318.hdf with vars=bt_ir_105,bt_wv_63,cloud_mask coords=time,crs,latitude,longitude
2026-06-03 13:10:54,072 INFO run_pipeline - [process] 2026-06-03 13:10:54,072 INFO process_modis - Wrote /sat_data/modis/processed/2024/06/09/20240609T0210_modis_aqua_bt_ir_105_bt_wv_63_cloud_mask.nc
2026-06-03 13:10:55,583 INFO run_pipeline - [process] 2026-06-03 13:10:55,583 INFO process_modis - Wrote /sat_data/modis/processed/2024/06/09/20240609T1140_modis_aqua_bt_ir_105_bt_wv_63_cloud_mask.nc
2026-06-03 13:10:55,754 INFO run_pipeline - [process] 2026-06-03 13:10:55,753 INFO process_modis - Processed 5 files for aqua in /sat_data/modis/raw/radiances/2024/06/09
2026-06-03 13:10:56,426 INFO run_pipeline - Finished process in 550.97s with return code 0
2026-06-03 13:10:56,426 INFO run_pipeline - Starting upload: /home/Daniele/miniforge3/envs/satpy/bin/python /home/Daniele/codes/MODIS-processing/scripts/2_upload_s3.py --config /home/Daniele/codes/MODIS-processing/config/pipeline_config.yaml --credentials /home/Daniele/codes/MODIS-processing/s3_credentials.py --date 2024-06-09 --log-level INFO --verify
2026-06-03 13:11:05,008 INFO run_pipeline - [upload] 2026-06-03 13:11:05,008 INFO upload_s3 - Uploaded 11 files
2026-06-03 13:11:05,254 INFO run_pipeline - Finished upload in 8.83s with return code 0
2026-06-03 13:11:05,254 INFO run_pipeline - Batch 2024-06-09 finished in download=29.99s process=550.97s upload=8.83s | L1=11 L2=11 processed=11 uploaded=11 errors=0 failed_stage=none
2026-06-03 13:11:05,254 INFO run_pipeline - === Batch 2024-06-10 ===
2026-06-03 13:11:05,254 INFO run_pipeline - Starting download: /home/Daniele/miniforge3/envs/satpy/bin/python /home/Daniele/codes/MODIS-processing/scripts/0_download_modis.py --config /home/Daniele/codes/MODIS-processing/config/pipeline_config.yaml --date 2024-06-10 --log-level INFO
2026-06-03 13:11:06,350 INFO run_pipeline - [download] 2026-06-03 13:11:06,349 INFO download_modis - Searching CMR for MOD021KM between 2024-06-10 00:00:00 and 2024-06-11 00:00:00
2026-06-03 13:11:06,722 INFO run_pipeline - [download] 2026-06-03 13:11:06,722 INFO download_modis - Downloading 5 granules with 6 workers for MOD021KM
2026-06-03 13:11:17,219 INFO run_pipeline - [download] 2026-06-03 13:11:17,219 INFO download_modis - Searching CMR for MOD35_L2 between 2024-06-10 00:00:00 and 2024-06-11 00:00:00
2026-06-03 13:11:17,538 INFO run_pipeline - [download] 2026-06-03 13:11:17,538 INFO download_modis - Downloading 5 granules with 6 workers for MOD35_L2
2026-06-03 13:11:21,809 INFO run_pipeline - [download] 2026-06-03 13:11:21,809 INFO download_modis - terra [2024-06-10 - 2024-06-11] L1 downloaded=5 skipped=5 | L2 downloaded=5 skipped=0
2026-06-03 13:11:21,809 INFO run_pipeline - [download] 2026-06-03 13:11:21,809 INFO download_modis - Searching CMR for MYD021KM between 2024-06-10 00:00:00 and 2024-06-11 00:00:00
2026-06-03 13:11:22,065 INFO run_pipeline - [download] 2026-06-03 13:11:22,065 INFO download_modis - Downloading 7 granules with 6 workers for MYD021KM
2026-06-03 13:11:36,261 INFO run_pipeline - [download] 2026-06-03 13:11:36,260 INFO download_modis - Searching CMR for MYD35_L2 between 2024-06-10 00:00:00 and 2024-06-11 00:00:00
2026-06-03 13:11:36,541 INFO run_pipeline - [download] 2026-06-03 13:11:36,541 INFO download_modis - Downloading 7 granules with 6 workers for MYD35_L2
2026-06-03 13:11:42,142 INFO run_pipeline - [download] 2026-06-03 13:11:42,142 INFO download_modis - aqua [2024-06-10 - 2024-06-11] L1 downloaded=7 skipped=7 | L2 downloaded=7 skipped=0
2026-06-03 13:11:42,333 INFO run_pipeline - Finished download in 37.08s with return code 0
2026-06-03 13:11:42,333 INFO run_pipeline - Starting process: /home/Daniele/miniforge3/envs/satpy/bin/python /home/Daniele/codes/MODIS-processing/scripts/1_process_modis.py --config /home/Daniele/codes/MODIS-processing/config/pipeline_config.yaml --date 2024-06-10 --log-level INFO
2026-06-03 13:11:43,430 INFO run_pipeline - [process] 2026-06-03 13:11:43,429 INFO process_modis - Day terra /sat_data/modis/raw/radiances/2024/06/10: found 5 L1 files and 5 L2 files (dir totals: 12 radiance, 12 cloud)
2026-06-03 13:11:43,430 INFO run_pipeline - [process] 2026-06-03 13:11:43,429 INFO process_modis - Processing 5 granules with 5 workers
2026-06-03 13:11:43,431 INFO run_pipeline - [process] 2026-06-03 13:11:43,430 INFO process_modis - Processing granule MOD021KM.A2024162.0910.061.2024162192204.hdf timestamp=20240610T0910 matched_L2=MOD35_L2.A2024162.0910.061.2024162192426.hdf
2026-06-03 13:11:43,431 INFO run_pipeline - [process] 2026-06-03 13:11:43,431 INFO process_modis - Processing granule MOD021KM.A2024162.0915.061.2024162192224.hdf timestamp=20240610T0915 matched_L2=MOD35_L2.A2024162.0915.061.2024162192436.hdf
2026-06-03 13:11:43,432 INFO run_pipeline - [process] 2026-06-03 13:11:43,431 INFO process_modis - Step: loading BT datasets for MOD021KM.A2024162.0910.061.2024162192204.hdf
2026-06-03 13:11:43,432 INFO run_pipeline - [process] 2026-06-03 13:11:43,431 INFO process_modis - Step: loading BT datasets for MOD021KM.A2024162.0915.061.2024162192224.hdf
2026-06-03 13:11:43,432 INFO run_pipeline - [process] 2026-06-03 13:11:43,431 INFO process_modis - Processing granule MOD021KM.A2024162.1050.061.2024162192018.hdf timestamp=20240610T1050 matched_L2=MOD35_L2.A2024162.1050.061.2024162192226.hdf
2026-06-03 13:11:43,434 INFO run_pipeline - [process] 2026-06-03 13:11:43,432 INFO process_modis - Processing granule MOD021KM.A2024162.2015.061.2024163073921.hdf timestamp=20240610T2015 matched_L2=MOD35_L2.A2024162.2015.061.2024163074012.hdf
2026-06-03 13:11:43,434 INFO run_pipeline - [process] 2026-06-03 13:11:43,432 INFO process_modis - Step: loading BT datasets for MOD021KM.A2024162.1050.061.2024162192018.hdf
2026-06-03 13:11:43,434 INFO run_pipeline - [process] 2026-06-03 13:11:43,433 INFO process_modis - Processing granule MOD021KM.A2024162.2020.061.2024163073934.hdf timestamp=20240610T2020 matched_L2=MOD35_L2.A2024162.2020.061.2024163074043.hdf
2026-06-03 13:11:43,436 INFO run_pipeline - [process] 2026-06-03 13:11:43,434 INFO process_modis - Step: loading BT datasets for MOD021KM.A2024162.2015.061.2024163073921.hdf
2026-06-03 13:11:43,436 INFO run_pipeline - [process] 2026-06-03 13:11:43,434 INFO process_modis - Step: loading BT datasets for MOD021KM.A2024162.2020.061.2024163073934.hdf
2026-06-03 13:11:45,706 INFO run_pipeline - [process] 2026-06-03 13:11:45,706 INFO process_modis - Step: loaded BT datasets for MOD021KM.A2024162.0910.061.2024162192204.hdf: bt_ir_105,bt_wv_63
2026-06-03 13:11:45,741 INFO run_pipeline - [process] 2026-06-03 13:11:45,741 INFO process_modis - Step: loaded BT datasets for MOD021KM.A2024162.2020.061.2024163073934.hdf: bt_ir_105,bt_wv_63
2026-06-03 13:11:45,773 INFO run_pipeline - [process] 2026-06-03 13:11:45,772 INFO process_modis - Step: loaded BT datasets for MOD021KM.A2024162.2015.061.2024163073921.hdf: bt_ir_105,bt_wv_63
2026-06-03 13:11:45,809 INFO run_pipeline - [process] 2026-06-03 13:11:45,809 INFO process_modis - Step: loaded BT datasets for MOD021KM.A2024162.1050.061.2024162192018.hdf: bt_ir_105,bt_wv_63
2026-06-03 13:11:45,873 INFO run_pipeline - [process] 2026-06-03 13:11:45,873 INFO process_modis - Step: loaded BT datasets for MOD021KM.A2024162.0915.061.2024162192224.hdf: bt_ir_105,bt_wv_63
2026-06-03 13:16:03,443 INFO run_pipeline - [process] 2026-06-03 13:16:03,442 INFO process_modis - Step: keeping native L1 grid for ir_105
2026-06-03 13:16:03,796 INFO run_pipeline - [process] 2026-06-03 13:16:03,795 INFO process_modis - Step: keeping native L1 grid for wv_63
2026-06-03 13:16:04,398 INFO run_pipeline - [process] 2026-06-03 13:16:04,397 INFO process_modis - Step: loading/resampling cloud mask from MOD35_L2.A2024162.2020.061.2024163074043.hdf
2026-06-03 13:16:04,398 INFO run_pipeline - [process] 2026-06-03 13:16:04,398 INFO process_modis - Step: keeping native L1 grid for cloud mask
2026-06-03 13:16:04,403 INFO run_pipeline - [process] 2026-06-03 13:16:04,403 INFO process_modis - Step: prepared Dataset for MOD021KM.A2024162.2020.061.2024163073934.hdf with vars=bt_ir_105,bt_wv_63,cloud_mask coords=time,crs,latitude,longitude
2026-06-03 13:16:04,587 INFO run_pipeline - [process] 2026-06-03 13:16:04,586 INFO process_modis - Step: keeping native L1 grid for ir_105
2026-06-03 13:16:04,987 INFO run_pipeline - [process] 2026-06-03 13:16:04,987 INFO process_modis - Step: keeping native L1 grid for wv_63
2026-06-03 13:16:05,574 INFO run_pipeline - [process] 2026-06-03 13:16:05,574 INFO process_modis - Step: loading/resampling cloud mask from MOD35_L2.A2024162.0910.061.2024162192426.hdf
2026-06-03 13:16:05,574 INFO run_pipeline - [process] 2026-06-03 13:16:05,574 INFO process_modis - Step: keeping native L1 grid for cloud mask
2026-06-03 13:16:05,581 INFO run_pipeline - [process] 2026-06-03 13:16:05,581 INFO process_modis - Step: prepared Dataset for MOD021KM.A2024162.0910.061.2024162192204.hdf with vars=bt_ir_105,bt_wv_63,cloud_mask coords=time,crs,latitude,longitude
2026-06-03 13:16:06,456 INFO run_pipeline - [process] 2026-06-03 13:16:06,452 INFO process_modis - Wrote /sat_data/modis/processed/2024/06/10/20240610T2020_modis_terra_bt_ir_105_bt_wv_63_cloud_mask.nc
2026-06-03 13:16:08,381 INFO run_pipeline - [process] 2026-06-03 13:16:08,381 INFO process_modis - Wrote /sat_data/modis/processed/2024/06/10/20240610T0910_modis_terra_bt_ir_105_bt_wv_63_cloud_mask.nc
2026-06-03 13:16:11,156 INFO run_pipeline - [process] 2026-06-03 13:16:11,156 INFO process_modis - Step: keeping native L1 grid for ir_105
2026-06-03 13:16:11,408 INFO run_pipeline - [process] 2026-06-03 13:16:11,407 INFO process_modis - Step: keeping native L1 grid for wv_63
2026-06-03 13:16:11,856 INFO run_pipeline - [process] 2026-06-03 13:16:11,856 INFO process_modis - Step: loading/resampling cloud mask from MOD35_L2.A2024162.1050.061.2024162192226.hdf
2026-06-03 13:16:11,857 INFO run_pipeline - [process] 2026-06-03 13:16:11,856 INFO process_modis - Step: keeping native L1 grid for cloud mask
2026-06-03 13:16:11,866 INFO run_pipeline - [process] 2026-06-03 13:16:11,866 INFO process_modis - Step: prepared Dataset for MOD021KM.A2024162.1050.061.2024162192018.hdf with vars=bt_ir_105,bt_wv_63,cloud_mask coords=time,crs,latitude,longitude
2026-06-03 13:16:12,658 INFO run_pipeline - [process] 2026-06-03 13:16:12,658 INFO process_modis - Step: keeping native L1 grid for ir_105
2026-06-03 13:16:12,897 INFO run_pipeline - [process] 2026-06-03 13:16:12,897 INFO process_modis - Step: keeping native L1 grid for wv_63
2026-06-03 13:16:13,346 INFO run_pipeline - [process] 2026-06-03 13:16:13,346 INFO process_modis - Step: loading/resampling cloud mask from MOD35_L2.A2024162.2015.061.2024163074012.hdf
2026-06-03 13:16:13,346 INFO run_pipeline - [process] 2026-06-03 13:16:13,346 INFO process_modis - Step: keeping native L1 grid for cloud mask
2026-06-03 13:16:13,351 INFO run_pipeline - [process] 2026-06-03 13:16:13,351 INFO process_modis - Step: prepared Dataset for MOD021KM.A2024162.2015.061.2024163073921.hdf with vars=bt_ir_105,bt_wv_63,cloud_mask coords=time,crs,latitude,longitude
2026-06-03 13:16:13,438 INFO run_pipeline - [process] 2026-06-03 13:16:13,437 INFO process_modis - Wrote /sat_data/modis/processed/2024/06/10/20240610T1050_modis_terra_bt_ir_105_bt_wv_63_cloud_mask.nc
2026-06-03 13:16:15,207 INFO run_pipeline - [process] 2026-06-03 13:16:15,206 INFO process_modis - Step: keeping native L1 grid for ir_105
2026-06-03 13:16:15,260 INFO run_pipeline - [process] 2026-06-03 13:16:15,260 INFO process_modis - Wrote /sat_data/modis/processed/2024/06/10/20240610T2015_modis_terra_bt_ir_105_bt_wv_63_cloud_mask.nc
2026-06-03 13:16:15,456 INFO run_pipeline - [process] 2026-06-03 13:16:15,455 INFO process_modis - Step: keeping native L1 grid for wv_63
2026-06-03 13:16:15,889 INFO run_pipeline - [process] 2026-06-03 13:16:15,889 INFO process_modis - Step: loading/resampling cloud mask from MOD35_L2.A2024162.0915.061.2024162192436.hdf
2026-06-03 13:16:15,889 INFO run_pipeline - [process] 2026-06-03 13:16:15,889 INFO process_modis - Step: keeping native L1 grid for cloud mask
2026-06-03 13:16:15,896 INFO run_pipeline - [process] 2026-06-03 13:16:15,896 INFO process_modis - Step: prepared Dataset for MOD021KM.A2024162.0915.061.2024162192224.hdf with vars=bt_ir_105,bt_wv_63,cloud_mask coords=time,crs,latitude,longitude
2026-06-03 13:16:17,418 INFO run_pipeline - [process] 2026-06-03 13:16:17,417 INFO process_modis - Wrote /sat_data/modis/processed/2024/06/10/20240610T0915_modis_terra_bt_ir_105_bt_wv_63_cloud_mask.nc
2026-06-03 13:16:17,558 INFO run_pipeline - [process] 2026-06-03 13:16:17,558 INFO process_modis - Processed 5 files for terra in /sat_data/modis/raw/radiances/2024/06/10
2026-06-03 13:16:17,566 INFO run_pipeline - [process] 2026-06-03 13:16:17,566 INFO process_modis - Day aqua /sat_data/modis/raw/radiances/2024/06/10: found 7 L1 files and 7 L2 files (dir totals: 12 radiance, 12 cloud)
2026-06-03 13:16:17,567 INFO run_pipeline - [process] 2026-06-03 13:16:17,567 INFO process_modis - Processing 7 granules with 5 workers
2026-06-03 13:16:17,568 INFO run_pipeline - [process] 2026-06-03 13:16:17,567 INFO process_modis - Processing granule MYD021KM.A2024162.0110.061.2024162183959.hdf timestamp=20240610T0110 matched_L2=MYD35_L2.A2024162.0110.061.2024162184112.hdf
2026-06-03 13:16:17,568 INFO run_pipeline - [process] 2026-06-03 13:16:17,568 INFO process_modis - Step: loading BT datasets for MYD021KM.A2024162.0110.061.2024162183959.hdf
2026-06-03 13:16:17,628 INFO run_pipeline - [process] 2026-06-03 13:16:17,628 INFO process_modis - Processing granule MYD021KM.A2024162.0245.061.2024162184919.hdf timestamp=20240610T0245 matched_L2=MYD35_L2.A2024162.0245.061.2024162185120.hdf
2026-06-03 13:16:17,628 INFO run_pipeline - [process] 2026-06-03 13:16:17,628 INFO process_modis - Step: loading BT datasets for MYD021KM.A2024162.0245.061.2024162184919.hdf
2026-06-03 13:16:17,672 INFO run_pipeline - [process] 2026-06-03 13:16:17,672 INFO process_modis - Processing granule MYD021KM.A2024162.0250.061.2024162185233.hdf timestamp=20240610T0250 matched_L2=MYD35_L2.A2024162.0250.061.2024162185326.hdf
2026-06-03 13:16:17,672 INFO run_pipeline - [process] 2026-06-03 13:16:17,672 INFO process_modis - Step: loading BT datasets for MYD021KM.A2024162.0250.061.2024162185233.hdf
2026-06-03 13:16:17,733 INFO run_pipeline - [process] 2026-06-03 13:16:17,732 INFO process_modis - Processing granule MYD021KM.A2024162.1215.061.2024163161355.hdf timestamp=20240610T1215 matched_L2=MYD35_L2.A2024162.1215.061.2024163161554.hdf
2026-06-03 13:16:17,733 INFO run_pipeline - [process] 2026-06-03 13:16:17,733 INFO process_modis - Step: loading BT datasets for MYD021KM.A2024162.1215.061.2024163161355.hdf
2026-06-03 13:16:17,867 INFO run_pipeline - [process] 2026-06-03 13:16:17,867 INFO process_modis - Processing granule MYD021KM.A2024162.1220.061.2024163162658.hdf timestamp=20240610T1220 matched_L2=MYD35_L2.A2024162.1220.061.2024163162911.hdf
2026-06-03 13:16:17,867 INFO run_pipeline - [process] 2026-06-03 13:16:17,867 INFO process_modis - Step: loading BT datasets for MYD021KM.A2024162.1220.061.2024163162658.hdf
2026-06-03 13:16:19,130 INFO run_pipeline - [process] 2026-06-03 13:16:19,130 INFO process_modis - Step: loaded BT datasets for MYD021KM.A2024162.0110.061.2024162183959.hdf: bt_ir_105,bt_wv_63
2026-06-03 13:16:19,196 INFO run_pipeline - [process] 2026-06-03 13:16:19,196 INFO process_modis - Step: loaded BT datasets for MYD021KM.A2024162.1215.061.2024163161355.hdf: bt_ir_105,bt_wv_63
2026-06-03 13:16:19,206 INFO run_pipeline - [process] 2026-06-03 13:16:19,206 INFO process_modis - Step: loaded BT datasets for MYD021KM.A2024162.1220.061.2024163162658.hdf: bt_ir_105,bt_wv_63
2026-06-03 13:16:19,211 INFO run_pipeline - [process] 2026-06-03 13:16:19,211 INFO process_modis - Step: loaded BT datasets for MYD021KM.A2024162.0245.061.2024162184919.hdf: bt_ir_105,bt_wv_63
2026-06-03 13:16:19,252 INFO run_pipeline - [process] 2026-06-03 13:16:19,252 INFO process_modis - Step: loaded BT datasets for MYD021KM.A2024162.0250.061.2024162185233.hdf: bt_ir_105,bt_wv_63
2026-06-03 13:19:54,863 INFO run_pipeline - [process] 2026-06-03 13:19:54,862 INFO process_modis - Step: keeping native L1 grid for ir_105
2026-06-03 13:19:55,112 INFO run_pipeline - [process] 2026-06-03 13:19:55,112 INFO process_modis - Step: keeping native L1 grid for wv_63
2026-06-03 13:19:55,579 INFO run_pipeline - [process] 2026-06-03 13:19:55,579 INFO process_modis - Step: loading/resampling cloud mask from MYD35_L2.A2024162.1220.061.2024163162911.hdf
2026-06-03 13:19:55,580 INFO run_pipeline - [process] 2026-06-03 13:19:55,579 INFO process_modis - Step: keeping native L1 grid for cloud mask
2026-06-03 13:19:55,584 INFO run_pipeline - [process] 2026-06-03 13:19:55,584 INFO process_modis - Step: prepared Dataset for MYD021KM.A2024162.1220.061.2024163162658.hdf with vars=bt_ir_105,bt_wv_63,cloud_mask coords=time,crs,latitude,longitude
2026-06-03 13:19:57,118 INFO run_pipeline - [process] 2026-06-03 13:19:57,117 INFO process_modis - Wrote /sat_data/modis/processed/2024/06/10/20240610T1220_modis_aqua_bt_ir_105_bt_wv_63_cloud_mask.nc
2026-06-03 13:19:57,129 INFO run_pipeline - [process] 2026-06-03 13:19:57,128 INFO process_modis - Processing granule MYD021KM.A2024162.1355.061.2024163162242.hdf timestamp=20240610T1355 matched_L2=MYD35_L2.A2024162.1355.061.2024163162440.hdf
2026-06-03 13:19:57,129 INFO run_pipeline - [process] 2026-06-03 13:19:57,128 INFO process_modis - Step: loading BT datasets for MYD021KM.A2024162.1355.061.2024163162242.hdf
2026-06-03 13:19:57,617 INFO run_pipeline - [process] 2026-06-03 13:19:57,617 INFO process_modis - Step: loaded BT datasets for MYD021KM.A2024162.1355.061.2024163162242.hdf: bt_ir_105,bt_wv_63
2026-06-03 13:20:02,438 INFO run_pipeline - [process] 2026-06-03 13:20:02,437 INFO process_modis - Step: keeping native L1 grid for ir_105
2026-06-03 13:20:02,783 INFO run_pipeline - [process] 2026-06-03 13:20:02,782 INFO process_modis - Step: keeping native L1 grid for wv_63
2026-06-03 13:20:03,321 INFO run_pipeline - [process] 2026-06-03 13:20:03,321 INFO process_modis - Step: loading/resampling cloud mask from MYD35_L2.A2024162.1215.061.2024163161554.hdf
2026-06-03 13:20:03,322 INFO run_pipeline - [process] 2026-06-03 13:20:03,321 INFO process_modis - Step: keeping native L1 grid for cloud mask
2026-06-03 13:20:03,326 INFO run_pipeline - [process] 2026-06-03 13:20:03,326 INFO process_modis - Step: prepared Dataset for MYD021KM.A2024162.1215.061.2024163161355.hdf with vars=bt_ir_105,bt_wv_63,cloud_mask coords=time,crs,latitude,longitude
2026-06-03 13:20:04,827 INFO run_pipeline - [process] 2026-06-03 13:20:04,826 INFO process_modis - Wrote /sat_data/modis/processed/2024/06/10/20240610T1215_modis_aqua_bt_ir_105_bt_wv_63_cloud_mask.nc
2026-06-03 13:20:04,967 INFO run_pipeline - [process] 2026-06-03 13:20:04,967 INFO process_modis - Processing granule MYD021KM.A2024162.1400.061.2024163163008.hdf timestamp=20240610T1400 matched_L2=MYD35_L2.A2024162.1400.061.2024163163223.hdf
2026-06-03 13:20:04,967 INFO run_pipeline - [process] 2026-06-03 13:20:04,967 INFO process_modis - Step: loading BT datasets for MYD021KM.A2024162.1400.061.2024163163008.hdf
2026-06-03 13:20:05,703 INFO run_pipeline - [process] 2026-06-03 13:20:05,703 INFO process_modis - Step: loaded BT datasets for MYD021KM.A2024162.1400.061.2024163163008.hdf: bt_ir_105,bt_wv_63
2026-06-03 13:20:07,761 INFO run_pipeline - [process] 2026-06-03 13:20:07,761 INFO process_modis - Step: keeping native L1 grid for ir_105
2026-06-03 13:20:08,026 INFO run_pipeline - [process] 2026-06-03 13:20:08,026 INFO process_modis - Step: keeping native L1 grid for wv_63
2026-06-03 13:20:08,479 INFO run_pipeline - [process] 2026-06-03 13:20:08,478 INFO process_modis - Step: loading/resampling cloud mask from MYD35_L2.A2024162.0245.061.2024162185120.hdf
2026-06-03 13:20:08,479 INFO run_pipeline - [process] 2026-06-03 13:20:08,478 INFO process_modis - Step: keeping native L1 grid for cloud mask
2026-06-03 13:20:08,484 INFO run_pipeline - [process] 2026-06-03 13:20:08,484 INFO process_modis - Step: prepared Dataset for MYD021KM.A2024162.0245.061.2024162184919.hdf with vars=bt_ir_105,bt_wv_63,cloud_mask coords=time,crs,latitude,longitude
2026-06-03 13:20:10,009 INFO run_pipeline - [process] 2026-06-03 13:20:10,008 INFO process_modis - Wrote /sat_data/modis/processed/2024/06/10/20240610T0245_modis_aqua_bt_ir_105_bt_wv_63_cloud_mask.nc
2026-06-03 13:20:10,443 INFO run_pipeline - [process] 2026-06-03 13:20:10,443 INFO process_modis - Step: keeping native L1 grid for ir_105
2026-06-03 13:20:10,766 INFO run_pipeline - [process] 2026-06-03 13:20:10,766 INFO process_modis - Step: keeping native L1 grid for wv_63
2026-06-03 13:20:11,364 INFO run_pipeline - [process] 2026-06-03 13:20:11,364 INFO process_modis - Step: loading/resampling cloud mask from MYD35_L2.A2024162.0250.061.2024162185326.hdf
2026-06-03 13:20:11,364 INFO run_pipeline - [process] 2026-06-03 13:20:11,364 INFO process_modis - Step: keeping native L1 grid for cloud mask
2026-06-03 13:20:11,368 INFO run_pipeline - [process] 2026-06-03 13:20:11,368 INFO process_modis - Step: prepared Dataset for MYD021KM.A2024162.0250.061.2024162185233.hdf with vars=bt_ir_105,bt_wv_63,cloud_mask coords=time,crs,latitude,longitude
2026-06-03 13:20:12,899 INFO run_pipeline - [process] 2026-06-03 13:20:12,898 INFO process_modis - Wrote /sat_data/modis/processed/2024/06/10/20240610T0250_modis_aqua_bt_ir_105_bt_wv_63_cloud_mask.nc
2026-06-03 13:20:13,537 INFO run_pipeline - [process] 2026-06-03 13:20:13,537 INFO process_modis - Step: keeping native L1 grid for ir_105
2026-06-03 13:20:13,784 INFO run_pipeline - [process] 2026-06-03 13:20:13,784 INFO process_modis - Step: keeping native L1 grid for wv_63
2026-06-03 13:20:14,276 INFO run_pipeline - [process] 2026-06-03 13:20:14,276 INFO process_modis - Step: loading/resampling cloud mask from MYD35_L2.A2024162.0110.061.2024162184112.hdf
2026-06-03 13:20:14,276 INFO run_pipeline - [process] 2026-06-03 13:20:14,276 INFO process_modis - Step: keeping native L1 grid for cloud mask
2026-06-03 13:20:14,280 INFO run_pipeline - [process] 2026-06-03 13:20:14,280 INFO process_modis - Step: prepared Dataset for MYD021KM.A2024162.0110.061.2024162183959.hdf with vars=bt_ir_105,bt_wv_63,cloud_mask coords=time,crs,latitude,longitude
2026-06-03 13:20:15,751 INFO run_pipeline - [process] 2026-06-03 13:20:15,750 INFO process_modis - Wrote /sat_data/modis/processed/2024/06/10/20240610T0110_modis_aqua_bt_ir_105_bt_wv_63_cloud_mask.nc
2026-06-03 13:21:03,521 INFO run_pipeline - [process] 2026-06-03 13:21:03,521 INFO process_modis - Step: keeping native L1 grid for ir_105
2026-06-03 13:21:03,781 INFO run_pipeline - [process] 2026-06-03 13:21:03,780 INFO process_modis - Step: keeping native L1 grid for wv_63
2026-06-03 13:21:04,242 INFO run_pipeline - [process] 2026-06-03 13:21:04,241 INFO process_modis - Step: loading/resampling cloud mask from MYD35_L2.A2024162.1355.061.2024163162440.hdf
2026-06-03 13:21:04,242 INFO run_pipeline - [process] 2026-06-03 13:21:04,241 INFO process_modis - Step: keeping native L1 grid for cloud mask
2026-06-03 13:21:04,246 INFO run_pipeline - [process] 2026-06-03 13:21:04,246 INFO process_modis - Step: prepared Dataset for MYD021KM.A2024162.1355.061.2024163162242.hdf with vars=bt_ir_105,bt_wv_63,cloud_mask coords=time,crs,latitude,longitude
2026-06-03 13:21:05,732 INFO run_pipeline - [process] 2026-06-03 13:21:05,731 INFO process_modis - Wrote /sat_data/modis/processed/2024/06/10/20240610T1355_modis_aqua_bt_ir_105_bt_wv_63_cloud_mask.nc
2026-06-03 13:21:21,910 INFO run_pipeline - [process] 2026-06-03 13:21:21,909 INFO process_modis - Step: keeping native L1 grid for ir_105
2026-06-03 13:21:22,162 INFO run_pipeline - [process] 2026-06-03 13:21:22,161 INFO process_modis - Step: keeping native L1 grid for wv_63
2026-06-03 13:21:22,600 INFO run_pipeline - [process] 2026-06-03 13:21:22,600 INFO process_modis - Step: loading/resampling cloud mask from MYD35_L2.A2024162.1400.061.2024163163223.hdf
2026-06-03 13:21:22,600 INFO run_pipeline - [process] 2026-06-03 13:21:22,600 INFO process_modis - Step: keeping native L1 grid for cloud mask
2026-06-03 13:21:22,605 INFO run_pipeline - [process] 2026-06-03 13:21:22,604 INFO process_modis - Step: prepared Dataset for MYD021KM.A2024162.1400.061.2024163163008.hdf with vars=bt_ir_105,bt_wv_63,cloud_mask coords=time,crs,latitude,longitude
2026-06-03 13:21:24,102 INFO run_pipeline - [process] 2026-06-03 13:21:24,102 INFO process_modis - Wrote /sat_data/modis/processed/2024/06/10/20240610T1400_modis_aqua_bt_ir_105_bt_wv_63_cloud_mask.nc
2026-06-03 13:21:24,111 INFO run_pipeline - [process] 2026-06-03 13:21:24,111 INFO process_modis - Processed 7 files for aqua in /sat_data/modis/raw/radiances/2024/06/10
2026-06-03 13:21:24,857 INFO run_pipeline - Finished process in 582.52s with return code 0
2026-06-03 13:21:24,857 INFO run_pipeline - Starting upload: /home/Daniele/miniforge3/envs/satpy/bin/python /home/Daniele/codes/MODIS-processing/scripts/2_upload_s3.py --config /home/Daniele/codes/MODIS-processing/config/pipeline_config.yaml --credentials /home/Daniele/codes/MODIS-processing/s3_credentials.py --date 2024-06-10 --log-level INFO --verify
2026-06-03 13:21:32,640 INFO run_pipeline - [upload] 2026-06-03 13:21:32,640 INFO upload_s3 - Uploaded 12 files
2026-06-03 13:21:32,896 INFO run_pipeline - Finished upload in 8.04s with return code 0
2026-06-03 13:21:32,896 INFO run_pipeline - Batch 2024-06-10 finished in download=37.08s process=582.52s upload=8.04s | L1=12 L2=12 processed=12 uploaded=12 errors=0 failed_stage=none
2026-06-03 13:21:32,896 INFO run_pipeline - === Batch 2024-06-11 ===
2026-06-03 13:21:32,897 INFO run_pipeline - Starting download: /home/Daniele/miniforge3/envs/satpy/bin/python /home/Daniele/codes/MODIS-processing/scripts/0_download_modis.py --config /home/Daniele/codes/MODIS-processing/config/pipeline_config.yaml --date 2024-06-11 --log-level INFO
2026-06-03 13:21:33,983 INFO run_pipeline - [download] 2026-06-03 13:21:33,983 INFO download_modis - Searching CMR for MOD021KM between 2024-06-11 00:00:00 and 2024-06-12 00:00:00
2026-06-03 13:21:34,363 INFO run_pipeline - [download] 2026-06-03 13:21:34,362 INFO download_modis - Downloading 6 granules with 6 workers for MOD021KM
2026-06-03 13:21:48,337 INFO run_pipeline - [download] 2026-06-03 13:21:48,337 INFO download_modis - Searching CMR for MOD35_L2 between 2024-06-11 00:00:00 and 2024-06-12 00:00:00
2026-06-03 13:21:48,611 INFO run_pipeline - [download] 2026-06-03 13:21:48,611 INFO download_modis - Downloading 6 granules with 6 workers for MOD35_L2
2026-06-03 13:21:52,517 INFO run_pipeline - [download] 2026-06-03 13:21:52,516 INFO download_modis - terra [2024-06-11 - 2024-06-12] L1 downloaded=6 skipped=6 | L2 downloaded=6 skipped=0
2026-06-03 13:21:52,517 INFO run_pipeline - [download] 2026-06-03 13:21:52,517 INFO download_modis - Searching CMR for MYD021KM between 2024-06-11 00:00:00 and 2024-06-12 00:00:00
2026-06-03 13:21:52,776 INFO run_pipeline - [download] 2026-06-03 13:21:52,776 INFO download_modis - Downloading 6 granules with 6 workers for MYD021KM
2026-06-03 13:22:01,889 INFO run_pipeline - [download] 2026-06-03 13:22:01,889 INFO download_modis - Searching CMR for MYD35_L2 between 2024-06-11 00:00:00 and 2024-06-12 00:00:00
2026-06-03 13:22:02,163 INFO run_pipeline - [download] 2026-06-03 13:22:02,163 INFO download_modis - Downloading 6 granules with 6 workers for MYD35_L2
2026-06-03 13:22:05,428 INFO run_pipeline - [download] 2026-06-03 13:22:05,427 INFO download_modis - aqua [2024-06-11 - 2024-06-12] L1 downloaded=6 skipped=6 | L2 downloaded=6 skipped=0
2026-06-03 13:22:05,619 INFO run_pipeline - Finished download in 32.72s with return code 0
2026-06-03 13:22:05,620 INFO run_pipeline - Starting process: /home/Daniele/miniforge3/envs/satpy/bin/python /home/Daniele/codes/MODIS-processing/scripts/1_process_modis.py --config /home/Daniele/codes/MODIS-processing/config/pipeline_config.yaml --date 2024-06-11 --log-level INFO
2026-06-03 13:22:06,706 INFO run_pipeline - [process] 2026-06-03 13:22:06,705 INFO process_modis - Day terra /sat_data/modis/raw/radiances/2024/06/11: found 6 L1 files and 6 L2 files (dir totals: 12 radiance, 12 cloud)
2026-06-03 13:22:06,706 INFO run_pipeline - [process] 2026-06-03 13:22:06,705 INFO process_modis - Processing 6 granules with 5 workers
2026-06-03 13:22:06,706 INFO run_pipeline - [process] 2026-06-03 13:22:06,706 INFO process_modis - Processing granule MOD021KM.A2024163.0815.061.2024166140111.hdf timestamp=20240611T0815 matched_L2=MOD35_L2.A2024163.0815.061.2024166140433.hdf
2026-06-03 13:22:06,706 INFO run_pipeline - [process] 2026-06-03 13:22:06,706 INFO process_modis - Step: loading BT datasets for MOD021KM.A2024163.0815.061.2024166140111.hdf
2026-06-03 13:22:06,707 INFO run_pipeline - [process] 2026-06-03 13:22:06,706 INFO process_modis - Processing granule MOD021KM.A2024163.0950.061.2024166135701.hdf timestamp=20240611T0950 matched_L2=MOD35_L2.A2024163.0950.061.2024166135906.hdf
2026-06-03 13:22:06,707 INFO run_pipeline - [process] 2026-06-03 13:22:06,707 INFO process_modis - Step: loading BT datasets for MOD021KM.A2024163.0950.061.2024166135701.hdf
2026-06-03 13:22:06,707 INFO run_pipeline - [process] 2026-06-03 13:22:06,707 INFO process_modis - Processing granule MOD021KM.A2024163.0955.061.2024166135701.hdf timestamp=20240611T0955 matched_L2=MOD35_L2.A2024163.0955.061.2024166135906.hdf
2026-06-03 13:22:06,707 INFO run_pipeline - [process] 2026-06-03 13:22:06,707 INFO process_modis - Step: loading BT datasets for MOD021KM.A2024163.0955.061.2024166135701.hdf
2026-06-03 13:22:06,708 INFO run_pipeline - [process] 2026-06-03 13:22:06,708 INFO process_modis - Processing granule MOD021KM.A2024163.1920.061.2024166135634.hdf timestamp=20240611T1920 matched_L2=MOD35_L2.A2024163.1920.061.2024166135731.hdf
2026-06-03 13:22:06,708 INFO run_pipeline - [process] 2026-06-03 13:22:06,708 INFO process_modis - Step: loading BT datasets for MOD021KM.A2024163.1920.061.2024166135634.hdf
2026-06-03 13:22:06,709 INFO run_pipeline - [process] 2026-06-03 13:22:06,708 INFO process_modis - Processing granule MOD021KM.A2024163.1925.061.2024166140040.hdf timestamp=20240611T1925 matched_L2=MOD35_L2.A2024163.1925.061.2024166140348.hdf
2026-06-03 13:22:06,709 INFO run_pipeline - [process] 2026-06-03 13:22:06,709 INFO process_modis - Step: loading BT datasets for MOD021KM.A2024163.1925.061.2024166140040.hdf
2026-06-03 13:22:08,850 INFO run_pipeline - [process] 2026-06-03 13:22:08,849 INFO process_modis - Step: loaded BT datasets for MOD021KM.A2024163.0815.061.2024166140111.hdf: bt_ir_105,bt_wv_63
2026-06-03 13:22:08,895 INFO run_pipeline - [process] 2026-06-03 13:22:08,895 INFO process_modis - Step: loaded BT datasets for MOD021KM.A2024163.1925.061.2024166140040.hdf: bt_ir_105,bt_wv_63
2026-06-03 13:22:08,935 INFO run_pipeline - [process] 2026-06-03 13:22:08,934 INFO process_modis - Step: loaded BT datasets for MOD021KM.A2024163.1920.061.2024166135634.hdf: bt_ir_105,bt_wv_63
2026-06-03 13:22:08,960 INFO run_pipeline - [process] 2026-06-03 13:22:08,959 INFO process_modis - Step: loaded BT datasets for MOD021KM.A2024163.0950.061.2024166135701.hdf: bt_ir_105,bt_wv_63
2026-06-03 13:22:09,025 INFO run_pipeline - [process] 2026-06-03 13:22:09,025 INFO process_modis - Step: loaded BT datasets for MOD021KM.A2024163.0955.061.2024166135701.hdf: bt_ir_105,bt_wv_63
2026-06-03 13:25:49,029 INFO run_pipeline - [process] 2026-06-03 13:25:49,028 INFO process_modis - Step: keeping native L1 grid for ir_105
2026-06-03 13:25:49,279 INFO run_pipeline - [process] 2026-06-03 13:25:49,279 INFO process_modis - Step: keeping native L1 grid for wv_63
2026-06-03 13:25:49,822 INFO run_pipeline - [process] 2026-06-03 13:25:49,821 INFO process_modis - Step: loading/resampling cloud mask from MOD35_L2.A2024163.0950.061.2024166135906.hdf
2026-06-03 13:25:49,822 INFO run_pipeline - [process] 2026-06-03 13:25:49,822 INFO process_modis - Step: keeping native L1 grid for cloud mask
2026-06-03 13:25:49,828 INFO run_pipeline - [process] 2026-06-03 13:25:49,828 INFO process_modis - Step: prepared Dataset for MOD021KM.A2024163.0950.061.2024166135701.hdf with vars=bt_ir_105,bt_wv_63,cloud_mask coords=time,crs,latitude,longitude
2026-06-03 13:25:51,541 INFO run_pipeline - [process] 2026-06-03 13:25:51,541 INFO process_modis - Wrote /sat_data/modis/processed/2024/06/11/20240611T0950_modis_terra_bt_ir_105_bt_wv_63_cloud_mask.nc
2026-06-03 13:25:51,729 INFO run_pipeline - [process] 2026-06-03 13:25:51,729 INFO process_modis - Processing granule MOD021KM.A2024163.2100.061.2024166135544.hdf timestamp=20240611T2100 matched_L2=MOD35_L2.A2024163.2100.061.2024166135643.hdf
2026-06-03 13:25:51,729 INFO run_pipeline - [process] 2026-06-03 13:25:51,729 INFO process_modis - Step: loading BT datasets for MOD021KM.A2024163.2100.061.2024166135544.hdf
2026-06-03 13:25:52,339 INFO run_pipeline - [process] 2026-06-03 13:25:52,339 INFO process_modis - Step: loaded BT datasets for MOD021KM.A2024163.2100.061.2024166135544.hdf: bt_ir_105,bt_wv_63
2026-06-03 13:26:05,555 INFO run_pipeline - [process] 2026-06-03 13:26:05,555 INFO process_modis - Step: keeping native L1 grid for ir_105
2026-06-03 13:26:05,893 INFO run_pipeline - [process] 2026-06-03 13:26:05,893 INFO process_modis - Step: keeping native L1 grid for wv_63
2026-06-03 13:26:06,511 INFO run_pipeline - [process] 2026-06-03 13:26:06,511 INFO process_modis - Step: loading/resampling cloud mask from MOD35_L2.A2024163.0815.061.2024166140433.hdf
2026-06-03 13:26:06,511 INFO run_pipeline - [process] 2026-06-03 13:26:06,511 INFO process_modis - Step: keeping native L1 grid for cloud mask
2026-06-03 13:26:06,515 INFO run_pipeline - [process] 2026-06-03 13:26:06,515 INFO process_modis - Step: prepared Dataset for MOD021KM.A2024163.0815.061.2024166140111.hdf with vars=bt_ir_105,bt_wv_63,cloud_mask coords=time,crs,latitude,longitude
2026-06-03 13:26:07,978 INFO run_pipeline - [process] 2026-06-03 13:26:07,978 INFO process_modis - Wrote /sat_data/modis/processed/2024/06/11/20240611T0815_modis_terra_bt_ir_105_bt_wv_63_cloud_mask.nc
2026-06-03 13:26:17,088 INFO run_pipeline - [process] 2026-06-03 13:26:17,088 INFO process_modis - Step: keeping native L1 grid for ir_105
2026-06-03 13:26:17,382 INFO run_pipeline - [process] 2026-06-03 13:26:17,382 INFO process_modis - Step: keeping native L1 grid for wv_63
2026-06-03 13:26:17,807 INFO run_pipeline - [process] 2026-06-03 13:26:17,806 INFO process_modis - Step: loading/resampling cloud mask from MOD35_L2.A2024163.1920.061.2024166135731.hdf
2026-06-03 13:26:17,807 INFO run_pipeline - [process] 2026-06-03 13:26:17,806 INFO process_modis - Step: keeping native L1 grid for cloud mask
2026-06-03 13:26:17,811 INFO run_pipeline - [process] 2026-06-03 13:26:17,811 INFO process_modis - Step: prepared Dataset for MOD021KM.A2024163.1920.061.2024166135634.hdf with vars=bt_ir_105,bt_wv_63,cloud_mask coords=time,crs,latitude,longitude
2026-06-03 13:26:19,559 INFO run_pipeline - [process] 2026-06-03 13:26:19,559 INFO process_modis - Wrote /sat_data/modis/processed/2024/06/11/20240611T1920_modis_terra_bt_ir_105_bt_wv_63_cloud_mask.nc
2026-06-03 13:26:21,250 INFO run_pipeline - [process] 2026-06-03 13:26:21,249 INFO process_modis - Step: keeping native L1 grid for ir_105
2026-06-03 13:26:21,621 INFO run_pipeline - [process] 2026-06-03 13:26:21,621 INFO process_modis - Step: keeping native L1 grid for wv_63
2026-06-03 13:26:24,983 INFO run_pipeline - [process] 2026-06-03 13:26:24,983 INFO process_modis - Step: keeping native L1 grid for ir_105
2026-06-03 13:26:25,021 INFO run_pipeline - [process] 2026-06-03 13:26:25,020 INFO process_modis - Step: loading/resampling cloud mask from MOD35_L2.A2024163.1925.061.2024166140348.hdf
2026-06-03 13:26:25,021 INFO run_pipeline - [process] 2026-06-03 13:26:25,020 INFO process_modis - Step: keeping native L1 grid for cloud mask
2026-06-03 13:26:25,029 INFO run_pipeline - [process] 2026-06-03 13:26:25,029 INFO process_modis - Step: prepared Dataset for MOD021KM.A2024163.1925.061.2024166140040.hdf with vars=bt_ir_105,bt_wv_63,cloud_mask coords=time,crs,latitude,longitude
2026-06-03 13:26:25,238 INFO run_pipeline - [process] 2026-06-03 13:26:25,238 INFO process_modis - Step: keeping native L1 grid for wv_63
2026-06-03 13:26:25,854 INFO run_pipeline - [process] 2026-06-03 13:26:25,854 INFO process_modis - Step: loading/resampling cloud mask from MOD35_L2.A2024163.0955.061.2024166135906.hdf
2026-06-03 13:26:25,855 INFO run_pipeline - [process] 2026-06-03 13:26:25,854 INFO process_modis - Step: keeping native L1 grid for cloud mask
2026-06-03 13:26:25,861 INFO run_pipeline - [process] 2026-06-03 13:26:25,861 INFO process_modis - Step: prepared Dataset for MOD021KM.A2024163.0955.061.2024166135701.hdf with vars=bt_ir_105,bt_wv_63,cloud_mask coords=time,crs,latitude,longitude
2026-06-03 13:26:26,540 INFO run_pipeline - [process] 2026-06-03 13:26:26,540 INFO process_modis - Wrote /sat_data/modis/processed/2024/06/11/20240611T1925_modis_terra_bt_ir_105_bt_wv_63_cloud_mask.nc
2026-06-03 13:26:28,210 INFO run_pipeline - [process] 2026-06-03 13:26:28,210 INFO process_modis - Wrote /sat_data/modis/processed/2024/06/11/20240611T0955_modis_terra_bt_ir_105_bt_wv_63_cloud_mask.nc
2026-06-03 13:26:49,920 INFO run_pipeline - [process] 2026-06-03 13:26:49,919 INFO process_modis - Step: keeping native L1 grid for ir_105
2026-06-03 13:26:50,305 INFO run_pipeline - [process] 2026-06-03 13:26:50,305 INFO process_modis - Step: keeping native L1 grid for wv_63
2026-06-03 13:26:50,818 INFO run_pipeline - [process] 2026-06-03 13:26:50,818 INFO process_modis - Step: loading/resampling cloud mask from MOD35_L2.A2024163.2100.061.2024166135643.hdf
2026-06-03 13:26:50,819 INFO run_pipeline - [process] 2026-06-03 13:26:50,818 INFO process_modis - Step: keeping native L1 grid for cloud mask
2026-06-03 13:26:50,822 INFO run_pipeline - [process] 2026-06-03 13:26:50,822 INFO process_modis - Step: prepared Dataset for MOD021KM.A2024163.2100.061.2024166135544.hdf with vars=bt_ir_105,bt_wv_63,cloud_mask coords=time,crs,latitude,longitude
2026-06-03 13:26:52,380 INFO run_pipeline - [process] 2026-06-03 13:26:52,380 INFO process_modis - Wrote /sat_data/modis/processed/2024/06/11/20240611T2100_modis_terra_bt_ir_105_bt_wv_63_cloud_mask.nc
2026-06-03 13:26:52,577 INFO run_pipeline - [process] 2026-06-03 13:26:52,577 INFO process_modis - Processed 6 files for terra in /sat_data/modis/raw/radiances/2024/06/11
2026-06-03 13:26:52,594 INFO run_pipeline - [process] 2026-06-03 13:26:52,594 INFO process_modis - Day aqua /sat_data/modis/raw/radiances/2024/06/11: found 6 L1 files and 6 L2 files (dir totals: 12 radiance, 12 cloud)
2026-06-03 13:26:52,594 INFO run_pipeline - [process] 2026-06-03 13:26:52,594 INFO process_modis - Processing 6 granules with 5 workers
2026-06-03 13:26:52,595 INFO run_pipeline - [process] 2026-06-03 13:26:52,595 INFO process_modis - Processing granule MYD021KM.A2024163.0150.061.2024163163616.hdf timestamp=20240611T0150 matched_L2=MYD35_L2.A2024163.0150.061.2024163163821.hdf
2026-06-03 13:26:52,595 INFO run_pipeline - [process] 2026-06-03 13:26:52,595 INFO process_modis - Step: loading BT datasets for MYD021KM.A2024163.0150.061.2024163163616.hdf
2026-06-03 13:26:52,646 INFO run_pipeline - [process] 2026-06-03 13:26:52,646 INFO process_modis - Processing granule MYD021KM.A2024163.0155.061.2024163163652.hdf timestamp=20240611T0155 matched_L2=MYD35_L2.A2024163.0155.061.2024163163757.hdf
2026-06-03 13:26:52,646 INFO run_pipeline - [process] 2026-06-03 13:26:52,646 INFO process_modis - Step: loading BT datasets for MYD021KM.A2024163.0155.061.2024163163652.hdf
2026-06-03 13:26:52,697 INFO run_pipeline - [process] 2026-06-03 13:26:52,697 INFO process_modis - Processing granule MYD021KM.A2024163.0330.061.2024163163559.hdf timestamp=20240611T0330 matched_L2=MYD35_L2.A2024163.0330.061.2024163163734.hdf
2026-06-03 13:26:52,697 INFO run_pipeline - [process] 2026-06-03 13:26:52,697 INFO process_modis - Step: loading BT datasets for MYD021KM.A2024163.0330.061.2024163163559.hdf
2026-06-03 13:26:52,749 INFO run_pipeline - [process] 2026-06-03 13:26:52,749 INFO process_modis - Processing granule MYD021KM.A2024163.1120.061.2024164145847.hdf timestamp=20240611T1120 matched_L2=MYD35_L2.A2024163.1120.061.2024164150102.hdf
2026-06-03 13:26:52,749 INFO run_pipeline - [process] 2026-06-03 13:26:52,749 INFO process_modis - Step: loading BT datasets for MYD021KM.A2024163.1120.061.2024164145847.hdf
2026-06-03 13:26:52,761 INFO run_pipeline - [process] 2026-06-03 13:26:52,761 INFO process_modis - Processing granule MYD021KM.A2024163.1125.061.2024164150510.hdf timestamp=20240611T1125 matched_L2=MYD35_L2.A2024163.1125.061.2024164150744.hdf
2026-06-03 13:26:52,761 INFO run_pipeline - [process] 2026-06-03 13:26:52,761 INFO process_modis - Step: loading BT datasets for MYD021KM.A2024163.1125.061.2024164150510.hdf
2026-06-03 13:26:54,077 INFO run_pipeline - [process] 2026-06-03 13:26:54,076 INFO process_modis - Step: loaded BT datasets for MYD021KM.A2024163.1120.061.2024164145847.hdf: bt_ir_105,bt_wv_63
2026-06-03 13:26:54,121 INFO run_pipeline - [process] 2026-06-03 13:26:54,121 INFO process_modis - Step: loaded BT datasets for MYD021KM.A2024163.0155.061.2024163163652.hdf: bt_ir_105,bt_wv_63
2026-06-03 13:26:54,132 INFO run_pipeline - [process] 2026-06-03 13:26:54,132 INFO process_modis - Step: loaded BT datasets for MYD021KM.A2024163.0150.061.2024163163616.hdf: bt_ir_105,bt_wv_63
2026-06-03 13:26:54,181 INFO run_pipeline - [process] 2026-06-03 13:26:54,181 INFO process_modis - Step: loaded BT datasets for MYD021KM.A2024163.1125.061.2024164150510.hdf: bt_ir_105,bt_wv_63
2026-06-03 13:26:54,222 INFO run_pipeline - [process] 2026-06-03 13:26:54,221 INFO process_modis - Step: loaded BT datasets for MYD021KM.A2024163.0330.061.2024163163559.hdf: bt_ir_105,bt_wv_63
2026-06-03 13:30:26,735 INFO run_pipeline - [process] 2026-06-03 13:30:26,735 INFO process_modis - Step: keeping native L1 grid for ir_105
2026-06-03 13:30:26,996 INFO run_pipeline - [process] 2026-06-03 13:30:26,996 INFO process_modis - Step: keeping native L1 grid for wv_63
2026-06-03 13:30:27,580 INFO run_pipeline - [process] 2026-06-03 13:30:27,579 INFO process_modis - Step: loading/resampling cloud mask from MYD35_L2.A2024163.0330.061.2024163163734.hdf
2026-06-03 13:30:27,580 INFO run_pipeline - [process] 2026-06-03 13:30:27,580 INFO process_modis - Step: keeping native L1 grid for cloud mask
2026-06-03 13:30:27,587 INFO run_pipeline - [process] 2026-06-03 13:30:27,586 INFO process_modis - Step: prepared Dataset for MYD021KM.A2024163.0330.061.2024163163559.hdf with vars=bt_ir_105,bt_wv_63,cloud_mask coords=time,crs,latitude,longitude
2026-06-03 13:30:29,260 INFO run_pipeline - [process] 2026-06-03 13:30:29,260 INFO process_modis - Wrote /sat_data/modis/processed/2024/06/11/20240611T0330_modis_aqua_bt_ir_105_bt_wv_63_cloud_mask.nc
2026-06-03 13:30:29,464 INFO run_pipeline - [process] 2026-06-03 13:30:29,464 INFO process_modis - Processing granule MYD021KM.A2024163.1300.061.2024164150547.hdf timestamp=20240611T1300 matched_L2=MYD35_L2.A2024163.1300.061.2024164150920.hdf
2026-06-03 13:30:29,464 INFO run_pipeline - [process] 2026-06-03 13:30:29,464 INFO process_modis - Step: loading BT datasets for MYD021KM.A2024163.1300.061.2024164150547.hdf
2026-06-03 13:30:30,194 INFO run_pipeline - [process] 2026-06-03 13:30:30,194 INFO process_modis - Step: loaded BT datasets for MYD021KM.A2024163.1300.061.2024164150547.hdf: bt_ir_105,bt_wv_63
2026-06-03 13:31:12,252 INFO run_pipeline - [process] 2026-06-03 13:31:12,252 INFO process_modis - Step: keeping native L1 grid for ir_105
2026-06-03 13:31:12,556 INFO run_pipeline - [process] 2026-06-03 13:31:12,555 INFO process_modis - Step: keeping native L1 grid for wv_63
2026-06-03 13:31:13,011 INFO run_pipeline - [process] 2026-06-03 13:31:13,011 INFO process_modis - Step: loading/resampling cloud mask from MYD35_L2.A2024163.1120.061.2024164150102.hdf
2026-06-03 13:31:13,011 INFO run_pipeline - [process] 2026-06-03 13:31:13,011 INFO process_modis - Step: keeping native L1 grid for cloud mask
2026-06-03 13:31:13,017 INFO run_pipeline - [process] 2026-06-03 13:31:13,017 INFO process_modis - Step: prepared Dataset for MYD021KM.A2024163.1120.061.2024164145847.hdf with vars=bt_ir_105,bt_wv_63,cloud_mask coords=time,crs,latitude,longitude
2026-06-03 13:31:14,582 INFO run_pipeline - [process] 2026-06-03 13:31:14,581 INFO process_modis - Wrote /sat_data/modis/processed/2024/06/11/20240611T1120_modis_aqua_bt_ir_105_bt_wv_63_cloud_mask.nc
2026-06-03 13:31:15,307 INFO run_pipeline - [process] 2026-06-03 13:31:15,307 INFO process_modis - Step: keeping native L1 grid for ir_105
2026-06-03 13:31:15,662 INFO run_pipeline - [process] 2026-06-03 13:31:15,662 INFO process_modis - Step: keeping native L1 grid for wv_63
2026-06-03 13:31:16,230 INFO run_pipeline - [process] 2026-06-03 13:31:16,230 INFO process_modis - Step: loading/resampling cloud mask from MYD35_L2.A2024163.0150.061.2024163163821.hdf
2026-06-03 13:31:16,230 INFO run_pipeline - [process] 2026-06-03 13:31:16,230 INFO process_modis - Step: keeping native L1 grid for cloud mask
2026-06-03 13:31:16,234 INFO run_pipeline - [process] 2026-06-03 13:31:16,234 INFO process_modis - Step: prepared Dataset for MYD021KM.A2024163.0150.061.2024163163616.hdf with vars=bt_ir_105,bt_wv_63,cloud_mask coords=time,crs,latitude,longitude
2026-06-03 13:31:17,781 INFO run_pipeline - [process] 2026-06-03 13:31:17,781 INFO process_modis - Wrote /sat_data/modis/processed/2024/06/11/20240611T0150_modis_aqua_bt_ir_105_bt_wv_63_cloud_mask.nc
2026-06-03 13:31:18,233 INFO run_pipeline - [process] 2026-06-03 13:31:18,232 INFO process_modis - Step: keeping native L1 grid for ir_105
2026-06-03 13:31:18,471 INFO run_pipeline - [process] 2026-06-03 13:31:18,471 INFO process_modis - Step: keeping native L1 grid for wv_63
2026-06-03 13:31:18,911 INFO run_pipeline - [process] 2026-06-03 13:31:18,910 INFO process_modis - Step: loading/resampling cloud mask from MYD35_L2.A2024163.1125.061.2024164150744.hdf
2026-06-03 13:31:18,911 INFO run_pipeline - [process] 2026-06-03 13:31:18,911 INFO process_modis - Step: keeping native L1 grid for cloud mask
2026-06-03 13:31:18,914 INFO run_pipeline - [process] 2026-06-03 13:31:18,914 INFO process_modis - Step: prepared Dataset for MYD021KM.A2024163.1125.061.2024164150510.hdf with vars=bt_ir_105,bt_wv_63,cloud_mask coords=time,crs,latitude,longitude
2026-06-03 13:31:20,420 INFO run_pipeline - [process] 2026-06-03 13:31:20,420 INFO process_modis - Wrote /sat_data/modis/processed/2024/06/11/20240611T1125_modis_aqua_bt_ir_105_bt_wv_63_cloud_mask.nc
2026-06-03 13:31:26,124 INFO run_pipeline - [process] 2026-06-03 13:31:26,124 INFO process_modis - Step: keeping native L1 grid for ir_105
2026-06-03 13:31:26,375 INFO run_pipeline - [process] 2026-06-03 13:31:26,374 INFO process_modis - Step: keeping native L1 grid for wv_63
2026-06-03 13:31:26,879 INFO run_pipeline - [process] 2026-06-03 13:31:26,878 INFO process_modis - Step: loading/resampling cloud mask from MYD35_L2.A2024163.0155.061.2024163163757.hdf
2026-06-03 13:31:26,879 INFO run_pipeline - [process] 2026-06-03 13:31:26,879 INFO process_modis - Step: keeping native L1 grid for cloud mask
2026-06-03 13:31:26,882 INFO run_pipeline - [process] 2026-06-03 13:31:26,882 INFO process_modis - Step: prepared Dataset for MYD021KM.A2024163.0155.061.2024163163652.hdf with vars=bt_ir_105,bt_wv_63,cloud_mask coords=time,crs,latitude,longitude
2026-06-03 13:31:28,350 INFO run_pipeline - [process] 2026-06-03 13:31:28,350 INFO process_modis - Wrote /sat_data/modis/processed/2024/06/11/20240611T0155_modis_aqua_bt_ir_105_bt_wv_63_cloud_mask.nc
2026-06-03 13:31:41,700 INFO run_pipeline - [process] 2026-06-03 13:31:41,700 INFO process_modis - Step: keeping native L1 grid for ir_105
2026-06-03 13:31:41,950 INFO run_pipeline - [process] 2026-06-03 13:31:41,949 INFO process_modis - Step: keeping native L1 grid for wv_63
2026-06-03 13:31:42,437 INFO run_pipeline - [process] 2026-06-03 13:31:42,436 INFO process_modis - Step: loading/resampling cloud mask from MYD35_L2.A2024163.1300.061.2024164150920.hdf
2026-06-03 13:31:42,437 INFO run_pipeline - [process] 2026-06-03 13:31:42,437 INFO process_modis - Step: keeping native L1 grid for cloud mask
2026-06-03 13:31:42,441 INFO run_pipeline - [process] 2026-06-03 13:31:42,441 INFO process_modis - Step: prepared Dataset for MYD021KM.A2024163.1300.061.2024164150547.hdf with vars=bt_ir_105,bt_wv_63,cloud_mask coords=time,crs,latitude,longitude
2026-06-03 13:31:43,937 INFO run_pipeline - [process] 2026-06-03 13:31:43,937 INFO process_modis - Wrote /sat_data/modis/processed/2024/06/11/20240611T1300_modis_aqua_bt_ir_105_bt_wv_63_cloud_mask.nc
2026-06-03 13:31:44,090 INFO run_pipeline - [process] 2026-06-03 13:31:44,089 INFO process_modis - Processed 6 files for aqua in /sat_data/modis/raw/radiances/2024/06/11
2026-06-03 13:31:44,473 INFO run_pipeline - Finished process in 578.85s with return code 0
2026-06-03 13:31:44,473 INFO run_pipeline - Starting upload: /home/Daniele/miniforge3/envs/satpy/bin/python /home/Daniele/codes/MODIS-processing/scripts/2_upload_s3.py --config /home/Daniele/codes/MODIS-processing/config/pipeline_config.yaml --credentials /home/Daniele/codes/MODIS-processing/s3_credentials.py --date 2024-06-11 --log-level INFO --verify
2026-06-03 13:31:53,035 INFO run_pipeline - [upload] 2026-06-03 13:31:53,035 INFO upload_s3 - Uploaded 12 files
2026-06-03 13:31:53,291 INFO run_pipeline - Finished upload in 8.82s with return code 0
2026-06-03 13:31:53,291 INFO run_pipeline - Batch 2024-06-11 finished in download=32.72s process=578.85s upload=8.82s | L1=12 L2=12 processed=12 uploaded=12 errors=0 failed_stage=none
2026-06-03 13:31:53,291 INFO run_pipeline - === Batch 2024-06-12 ===
2026-06-03 13:31:53,291 INFO run_pipeline - Starting download: /home/Daniele/miniforge3/envs/satpy/bin/python /home/Daniele/codes/MODIS-processing/scripts/0_download_modis.py --config /home/Daniele/codes/MODIS-processing/config/pipeline_config.yaml --date 2024-06-12 --log-level INFO
2026-06-03 13:31:54,378 INFO run_pipeline - [download] 2026-06-03 13:31:54,377 INFO download_modis - Searching CMR for MOD021KM between 2024-06-12 00:00:00 and 2024-06-13 00:00:00
2026-06-03 13:31:54,852 INFO run_pipeline - [download] 2026-06-03 13:31:54,852 INFO download_modis - Downloading 6 granules with 6 workers for MOD021KM
2026-06-03 13:32:05,606 INFO run_pipeline - [download] 2026-06-03 13:32:05,606 INFO download_modis - Searching CMR for MOD35_L2 between 2024-06-12 00:00:00 and 2024-06-13 00:00:00
2026-06-03 13:32:05,873 INFO run_pipeline - [download] 2026-06-03 13:32:05,873 INFO download_modis - Downloading 6 granules with 6 workers for MOD35_L2
2026-06-03 13:32:09,844 INFO run_pipeline - [download] 2026-06-03 13:32:09,844 INFO download_modis - terra [2024-06-12 - 2024-06-13] L1 downloaded=6 skipped=6 | L2 downloaded=6 skipped=0
2026-06-03 13:32:09,844 INFO run_pipeline - [download] 2026-06-03 13:32:09,844 INFO download_modis - Searching CMR for MYD021KM between 2024-06-12 00:00:00 and 2024-06-13 00:00:00
2026-06-03 13:32:10,118 INFO run_pipeline - [download] 2026-06-03 13:32:10,118 INFO download_modis - Downloading 6 granules with 6 workers for MYD021KM
2026-06-03 13:32:19,294 INFO run_pipeline - [download] 2026-06-03 13:32:19,294 INFO download_modis - Searching CMR for MYD35_L2 between 2024-06-12 00:00:00 and 2024-06-13 00:00:00
2026-06-03 13:32:19,553 INFO run_pipeline - [download] 2026-06-03 13:32:19,553 INFO download_modis - Downloading 6 granules with 6 workers for MYD35_L2
2026-06-03 13:32:22,664 INFO run_pipeline - [download] 2026-06-03 13:32:22,664 INFO download_modis - aqua [2024-06-12 - 2024-06-13] L1 downloaded=6 skipped=6 | L2 downloaded=6 skipped=0
2026-06-03 13:32:22,874 INFO run_pipeline - Finished download in 29.58s with return code 0
2026-06-03 13:32:22,874 INFO run_pipeline - Starting process: /home/Daniele/miniforge3/envs/satpy/bin/python /home/Daniele/codes/MODIS-processing/scripts/1_process_modis.py --config /home/Daniele/codes/MODIS-processing/config/pipeline_config.yaml --date 2024-06-12 --log-level INFO
2026-06-03 13:32:23,965 INFO run_pipeline - [process] 2026-06-03 13:32:23,965 INFO process_modis - Day terra /sat_data/modis/raw/radiances/2024/06/12: found 6 L1 files and 6 L2 files (dir totals: 12 radiance, 12 cloud)
2026-06-03 13:32:23,965 INFO run_pipeline - [process] 2026-06-03 13:32:23,965 INFO process_modis - Processing 6 granules with 5 workers
2026-06-03 13:32:23,966 INFO run_pipeline - [process] 2026-06-03 13:32:23,966 INFO process_modis - Processing granule MOD021KM.A2024164.0855.061.2024164191731.hdf timestamp=20240612T0855 matched_L2=MOD35_L2.A2024164.0855.061.2024164191923.hdf
2026-06-03 13:32:23,966 INFO run_pipeline - [process] 2026-06-03 13:32:23,966 INFO process_modis - Step: loading BT datasets for MOD021KM.A2024164.0855.061.2024164191731.hdf
2026-06-03 13:32:23,967 INFO run_pipeline - [process] 2026-06-03 13:32:23,967 INFO process_modis - Processing granule MOD021KM.A2024164.1030.061.2024164191738.hdf timestamp=20240612T1030 matched_L2=MOD35_L2.A2024164.1030.061.2024164191937.hdf
2026-06-03 13:32:23,967 INFO run_pipeline - [process] 2026-06-03 13:32:23,967 INFO process_modis - Step: loading BT datasets for MOD021KM.A2024164.1030.061.2024164191738.hdf
2026-06-03 13:32:23,968 INFO run_pipeline - [process] 2026-06-03 13:32:23,968 INFO process_modis - Processing granule MOD021KM.A2024164.1035.061.2024164191718.hdf timestamp=20240612T1035 matched_L2=MOD35_L2.A2024164.1035.061.2024164191909.hdf
2026-06-03 13:32:23,968 INFO run_pipeline - [process] 2026-06-03 13:32:23,968 INFO process_modis - Step: loading BT datasets for MOD021KM.A2024164.1035.061.2024164191718.hdf
2026-06-03 13:32:23,968 INFO run_pipeline - [process] 2026-06-03 13:32:23,968 INFO process_modis - Processing granule MOD021KM.A2024164.2000.061.2024165073110.hdf timestamp=20240612T2000 matched_L2=MOD35_L2.A2024164.2000.061.2024165073213.hdf
2026-06-03 13:32:23,969 INFO run_pipeline - [process] 2026-06-03 13:32:23,969 INFO process_modis - Step: loading BT datasets for MOD021KM.A2024164.2000.061.2024165073110.hdf
2026-06-03 13:32:23,969 INFO run_pipeline - [process] 2026-06-03 13:32:23,969 INFO process_modis - Processing granule MOD021KM.A2024164.2005.061.2024165073133.hdf timestamp=20240612T2005 matched_L2=MOD35_L2.A2024164.2005.061.2024165073319.hdf
2026-06-03 13:32:23,969 INFO run_pipeline - [process] 2026-06-03 13:32:23,969 INFO process_modis - Step: loading BT datasets for MOD021KM.A2024164.2005.061.2024165073133.hdf
2026-06-03 13:32:26,150 INFO run_pipeline - [process] 2026-06-03 13:32:26,149 INFO process_modis - Step: loaded BT datasets for MOD021KM.A2024164.2000.061.2024165073110.hdf: bt_ir_105,bt_wv_63
2026-06-03 13:32:26,176 INFO run_pipeline - [process] 2026-06-03 13:32:26,175 INFO process_modis - Step: loaded BT datasets for MOD021KM.A2024164.2005.061.2024165073133.hdf: bt_ir_105,bt_wv_63
2026-06-03 13:32:26,203 INFO run_pipeline - [process] 2026-06-03 13:32:26,203 INFO process_modis - Step: loaded BT datasets for MOD021KM.A2024164.0855.061.2024164191731.hdf: bt_ir_105,bt_wv_63
2026-06-03 13:32:26,226 INFO run_pipeline - [process] 2026-06-03 13:32:26,226 INFO process_modis - Step: loaded BT datasets for MOD021KM.A2024164.1030.061.2024164191738.hdf: bt_ir_105,bt_wv_63
2026-06-03 13:32:26,264 INFO run_pipeline - [process] 2026-06-03 13:32:26,263 INFO process_modis - Step: loaded BT datasets for MOD021KM.A2024164.1035.061.2024164191718.hdf: bt_ir_105,bt_wv_63
2026-06-03 13:36:00,934 INFO run_pipeline - [process] 2026-06-03 13:36:00,932 INFO process_modis - Step: keeping native L1 grid for ir_105
2026-06-03 13:36:01,174 INFO run_pipeline - [process] 2026-06-03 13:36:01,174 INFO process_modis - Step: keeping native L1 grid for wv_63
2026-06-03 13:36:01,636 INFO run_pipeline - [process] 2026-06-03 13:36:01,636 INFO process_modis - Step: loading/resampling cloud mask from MOD35_L2.A2024164.2000.061.2024165073213.hdf
2026-06-03 13:36:01,636 INFO run_pipeline - [process] 2026-06-03 13:36:01,636 INFO process_modis - Step: keeping native L1 grid for cloud mask
2026-06-03 13:36:01,643 INFO run_pipeline - [process] 2026-06-03 13:36:01,643 INFO process_modis - Step: prepared Dataset for MOD021KM.A2024164.2000.061.2024165073110.hdf with vars=bt_ir_105,bt_wv_63,cloud_mask coords=time,crs,latitude,longitude
2026-06-03 13:36:03,376 INFO run_pipeline - [process] 2026-06-03 13:36:03,375 INFO process_modis - Wrote /sat_data/modis/processed/2024/06/12/20240612T2000_modis_terra_bt_ir_105_bt_wv_63_cloud_mask.nc
2026-06-03 13:36:03,543 INFO run_pipeline - [process] 2026-06-03 13:36:03,543 INFO process_modis - Processing granule MOD021KM.A2024164.2140.061.2024165073148.hdf timestamp=20240612T2140 matched_L2=MOD35_L2.A2024164.2140.061.2024165073234.hdf
2026-06-03 13:36:03,544 INFO run_pipeline - [process] 2026-06-03 13:36:03,543 INFO process_modis - Step: loading BT datasets for MOD021KM.A2024164.2140.061.2024165073148.hdf
2026-06-03 13:36:04,166 INFO run_pipeline - [process] 2026-06-03 13:36:04,165 INFO process_modis - Step: loaded BT datasets for MOD021KM.A2024164.2140.061.2024165073148.hdf: bt_ir_105,bt_wv_63
2026-06-03 13:36:34,521 INFO run_pipeline - [process] 2026-06-03 13:36:34,520 INFO process_modis - Step: keeping native L1 grid for ir_105
2026-06-03 13:36:34,905 INFO run_pipeline - [process] 2026-06-03 13:36:34,905 INFO process_modis - Step: keeping native L1 grid for wv_63
2026-06-03 13:36:35,630 INFO run_pipeline - [process] 2026-06-03 13:36:35,629 INFO process_modis - Step: loading/resampling cloud mask from MOD35_L2.A2024164.1035.061.2024164191909.hdf
2026-06-03 13:36:35,630 INFO run_pipeline - [process] 2026-06-03 13:36:35,629 INFO process_modis - Step: keeping native L1 grid for cloud mask
2026-06-03 13:36:35,633 INFO run_pipeline - [process] 2026-06-03 13:36:35,633 INFO process_modis - Step: prepared Dataset for MOD021KM.A2024164.1035.061.2024164191718.hdf with vars=bt_ir_105,bt_wv_63,cloud_mask coords=time,crs,latitude,longitude
2026-06-03 13:36:37,182 INFO run_pipeline - [process] 2026-06-03 13:36:37,181 INFO process_modis - Wrote /sat_data/modis/processed/2024/06/12/20240612T1035_modis_terra_bt_ir_105_bt_wv_63_cloud_mask.nc
2026-06-03 13:36:40,814 INFO run_pipeline - [process] 2026-06-03 13:36:40,814 INFO process_modis - Step: keeping native L1 grid for ir_105
2026-06-03 13:36:41,103 INFO run_pipeline - [process] 2026-06-03 13:36:41,103 INFO process_modis - Step: keeping native L1 grid for wv_63
2026-06-03 13:36:41,574 INFO run_pipeline - [process] 2026-06-03 13:36:41,573 INFO process_modis - Step: loading/resampling cloud mask from MOD35_L2.A2024164.2005.061.2024165073319.hdf
2026-06-03 13:36:41,574 INFO run_pipeline - [process] 2026-06-03 13:36:41,573 INFO process_modis - Step: keeping native L1 grid for cloud mask
2026-06-03 13:36:41,579 INFO run_pipeline - [process] 2026-06-03 13:36:41,578 INFO process_modis - Step: prepared Dataset for MOD021KM.A2024164.2005.061.2024165073133.hdf with vars=bt_ir_105,bt_wv_63,cloud_mask coords=time,crs,latitude,longitude
2026-06-03 13:36:43,074 INFO run_pipeline - [process] 2026-06-03 13:36:43,073 INFO process_modis - Wrote /sat_data/modis/processed/2024/06/12/20240612T2005_modis_terra_bt_ir_105_bt_wv_63_cloud_mask.nc
2026-06-03 13:36:44,385 INFO run_pipeline - [process] 2026-06-03 13:36:44,384 INFO process_modis - Step: keeping native L1 grid for ir_105
2026-06-03 13:36:44,642 INFO run_pipeline - [process] 2026-06-03 13:36:44,641 INFO process_modis - Step: keeping native L1 grid for wv_63
2026-06-03 13:36:45,094 INFO run_pipeline - [process] 2026-06-03 13:36:45,093 INFO process_modis - Step: loading/resampling cloud mask from MOD35_L2.A2024164.1030.061.2024164191937.hdf
2026-06-03 13:36:45,094 INFO run_pipeline - [process] 2026-06-03 13:36:45,093 INFO process_modis - Step: keeping native L1 grid for cloud mask
2026-06-03 13:36:45,098 INFO run_pipeline - [process] 2026-06-03 13:36:45,098 INFO process_modis - Step: prepared Dataset for MOD021KM.A2024164.1030.061.2024164191738.hdf with vars=bt_ir_105,bt_wv_63,cloud_mask coords=time,crs,latitude,longitude
2026-06-03 13:36:46,639 INFO run_pipeline - [process] 2026-06-03 13:36:46,639 INFO process_modis - Wrote /sat_data/modis/processed/2024/06/12/20240612T1030_modis_terra_bt_ir_105_bt_wv_63_cloud_mask.nc
2026-06-03 13:36:49,114 INFO run_pipeline - [process] 2026-06-03 13:36:49,114 INFO process_modis - Step: keeping native L1 grid for ir_105
2026-06-03 13:36:49,356 INFO run_pipeline - [process] 2026-06-03 13:36:49,355 INFO process_modis - Step: keeping native L1 grid for wv_63
2026-06-03 13:36:49,847 INFO run_pipeline - [process] 2026-06-03 13:36:49,847 INFO process_modis - Step: loading/resampling cloud mask from MOD35_L2.A2024164.0855.061.2024164191923.hdf
2026-06-03 13:36:49,848 INFO run_pipeline - [process] 2026-06-03 13:36:49,847 INFO process_modis - Step: keeping native L1 grid for cloud mask
2026-06-03 13:36:49,851 INFO run_pipeline - [process] 2026-06-03 13:36:49,851 INFO process_modis - Step: prepared Dataset for MOD021KM.A2024164.0855.061.2024164191731.hdf with vars=bt_ir_105,bt_wv_63,cloud_mask coords=time,crs,latitude,longitude
2026-06-03 13:36:51,321 INFO run_pipeline - [process] 2026-06-03 13:36:51,321 INFO process_modis - Wrote /sat_data/modis/processed/2024/06/12/20240612T0855_modis_terra_bt_ir_105_bt_wv_63_cloud_mask.nc
2026-06-03 13:37:08,903 INFO run_pipeline - [process] 2026-06-03 13:37:08,902 INFO process_modis - Step: keeping native L1 grid for ir_105
2026-06-03 13:37:09,153 INFO run_pipeline - [process] 2026-06-03 13:37:09,153 INFO process_modis - Step: keeping native L1 grid for wv_63
2026-06-03 13:37:09,585 INFO run_pipeline - [process] 2026-06-03 13:37:09,584 INFO process_modis - Step: loading/resampling cloud mask from MOD35_L2.A2024164.2140.061.2024165073234.hdf
2026-06-03 13:37:09,585 INFO run_pipeline - [process] 2026-06-03 13:37:09,585 INFO process_modis - Step: keeping native L1 grid for cloud mask
2026-06-03 13:37:09,589 INFO run_pipeline - [process] 2026-06-03 13:37:09,589 INFO process_modis - Step: prepared Dataset for MOD021KM.A2024164.2140.061.2024165073148.hdf with vars=bt_ir_105,bt_wv_63,cloud_mask coords=time,crs,latitude,longitude
2026-06-03 13:37:11,106 INFO run_pipeline - [process] 2026-06-03 13:37:11,105 INFO process_modis - Wrote /sat_data/modis/processed/2024/06/12/20240612T2140_modis_terra_bt_ir_105_bt_wv_63_cloud_mask.nc
2026-06-03 13:37:11,255 INFO run_pipeline - [process] 2026-06-03 13:37:11,254 INFO process_modis - Processed 6 files for terra in /sat_data/modis/raw/radiances/2024/06/12
2026-06-03 13:37:11,282 INFO run_pipeline - [process] 2026-06-03 13:37:11,281 INFO process_modis - Day aqua /sat_data/modis/raw/radiances/2024/06/12: found 6 L1 files and 6 L2 files (dir totals: 12 radiance, 12 cloud)
2026-06-03 13:37:11,282 INFO run_pipeline - [process] 2026-06-03 13:37:11,282 INFO process_modis - Processing 6 granules with 5 workers
2026-06-03 13:37:11,282 INFO run_pipeline - [process] 2026-06-03 13:37:11,282 INFO process_modis - Processing granule MYD021KM.A2024164.0055.061.2024164152129.hdf timestamp=20240612T0055 matched_L2=MYD35_L2.A2024164.0055.061.2024164152221.hdf
2026-06-03 13:37:11,282 INFO run_pipeline - [process] 2026-06-03 13:37:11,282 INFO process_modis - Step: loading BT datasets for MYD021KM.A2024164.0055.061.2024164152129.hdf
2026-06-03 13:37:11,315 INFO run_pipeline - [process] 2026-06-03 13:37:11,315 INFO process_modis - Processing granule MYD021KM.A2024164.0230.061.2024164152154.hdf timestamp=20240612T0230 matched_L2=MYD35_L2.A2024164.0230.061.2024164152338.hdf
2026-06-03 13:37:11,315 INFO run_pipeline - [process] 2026-06-03 13:37:11,315 INFO process_modis - Step: loading BT datasets for MYD021KM.A2024164.0230.061.2024164152154.hdf
2026-06-03 13:37:11,378 INFO run_pipeline - [process] 2026-06-03 13:37:11,378 INFO process_modis - Processing granule MYD021KM.A2024164.0235.061.2024164152122.hdf timestamp=20240612T0235 matched_L2=MYD35_L2.A2024164.0235.061.2024164152232.hdf
2026-06-03 13:37:11,378 INFO run_pipeline - [process] 2026-06-03 13:37:11,378 INFO process_modis - Step: loading BT datasets for MYD021KM.A2024164.0235.061.2024164152122.hdf
2026-06-03 13:37:11,438 INFO run_pipeline - [process] 2026-06-03 13:37:11,438 INFO process_modis - Processing granule MYD021KM.A2024164.1200.061.2024165150759.hdf timestamp=20240612T1200 matched_L2=MYD35_L2.A2024164.1200.061.2024165151014.hdf
2026-06-03 13:37:11,438 INFO run_pipeline - [process] 2026-06-03 13:37:11,438 INFO process_modis - Step: loading BT datasets for MYD021KM.A2024164.1200.061.2024165150759.hdf
2026-06-03 13:37:11,460 INFO run_pipeline - [process] 2026-06-03 13:37:11,459 INFO process_modis - Processing granule MYD021KM.A2024164.1205.061.2024165150739.hdf timestamp=20240612T1205 matched_L2=MYD35_L2.A2024164.1205.061.2024165150924.hdf
2026-06-03 13:37:11,460 INFO run_pipeline - [process] 2026-06-03 13:37:11,460 INFO process_modis - Step: loading BT datasets for MYD021KM.A2024164.1205.061.2024165150739.hdf
2026-06-03 13:37:12,467 INFO run_pipeline - [process] 2026-06-03 13:37:12,467 INFO process_modis - Step: loaded BT datasets for MYD021KM.A2024164.0230.061.2024164152154.hdf: bt_ir_105,bt_wv_63
2026-06-03 13:37:12,572 INFO run_pipeline - [process] 2026-06-03 13:37:12,572 INFO process_modis - Step: loaded BT datasets for MYD021KM.A2024164.0055.061.2024164152129.hdf: bt_ir_105,bt_wv_63
2026-06-03 13:37:12,833 INFO run_pipeline - [process] 2026-06-03 13:37:12,833 INFO process_modis - Step: loaded BT datasets for MYD021KM.A2024164.1200.061.2024165150759.hdf: bt_ir_105,bt_wv_63
2026-06-03 13:37:12,895 INFO run_pipeline - [process] 2026-06-03 13:37:12,895 INFO process_modis - Step: loaded BT datasets for MYD021KM.A2024164.1205.061.2024165150739.hdf: bt_ir_105,bt_wv_63
2026-06-03 13:37:12,923 INFO run_pipeline - [process] 2026-06-03 13:37:12,922 INFO process_modis - Step: loaded BT datasets for MYD021KM.A2024164.0235.061.2024164152122.hdf: bt_ir_105,bt_wv_63
2026-06-03 13:40:27,582 INFO run_pipeline - [process] 2026-06-03 13:40:27,579 INFO process_modis - Step: keeping native L1 grid for ir_105
2026-06-03 13:40:27,823 INFO run_pipeline - [process] 2026-06-03 13:40:27,823 INFO process_modis - Step: keeping native L1 grid for wv_63
2026-06-03 13:40:28,333 INFO run_pipeline - [process] 2026-06-03 13:40:28,333 INFO process_modis - Step: loading/resampling cloud mask from MYD35_L2.A2024164.1200.061.2024165151014.hdf
2026-06-03 13:40:28,333 INFO run_pipeline - [process] 2026-06-03 13:40:28,333 INFO process_modis - Step: keeping native L1 grid for cloud mask
2026-06-03 13:40:28,337 INFO run_pipeline - [process] 2026-06-03 13:40:28,337 INFO process_modis - Step: prepared Dataset for MYD021KM.A2024164.1200.061.2024165150759.hdf with vars=bt_ir_105,bt_wv_63,cloud_mask coords=time,crs,latitude,longitude
2026-06-03 13:40:29,826 INFO run_pipeline - [process] 2026-06-03 13:40:29,825 INFO process_modis - Wrote /sat_data/modis/processed/2024/06/12/20240612T1200_modis_aqua_bt_ir_105_bt_wv_63_cloud_mask.nc
2026-06-03 13:40:30,004 INFO run_pipeline - [process] 2026-06-03 13:40:30,003 INFO process_modis - Processing granule MYD021KM.A2024164.1340.061.2024165150804.hdf timestamp=20240612T1340 matched_L2=MYD35_L2.A2024164.1340.061.2024165151015.hdf
2026-06-03 13:40:30,004 INFO run_pipeline - [process] 2026-06-03 13:40:30,003 INFO process_modis - Step: loading BT datasets for MYD021KM.A2024164.1340.061.2024165150804.hdf
2026-06-03 13:40:30,622 INFO run_pipeline - [process] 2026-06-03 13:40:30,621 INFO process_modis - Step: loaded BT datasets for MYD021KM.A2024164.1340.061.2024165150804.hdf: bt_ir_105,bt_wv_63
2026-06-03 13:41:32,884 INFO run_pipeline - [process] 2026-06-03 13:41:32,884 INFO process_modis - Step: keeping native L1 grid for ir_105
2026-06-03 13:41:33,139 INFO run_pipeline - [process] 2026-06-03 13:41:33,139 INFO process_modis - Step: keeping native L1 grid for wv_63
2026-06-03 13:41:33,651 INFO run_pipeline - [process] 2026-06-03 13:41:33,651 INFO process_modis - Step: loading/resampling cloud mask from MYD35_L2.A2024164.0235.061.2024164152232.hdf
2026-06-03 13:41:33,651 INFO run_pipeline - [process] 2026-06-03 13:41:33,651 INFO process_modis - Step: keeping native L1 grid for cloud mask
2026-06-03 13:41:33,656 INFO run_pipeline - [process] 2026-06-03 13:41:33,656 INFO process_modis - Step: prepared Dataset for MYD021KM.A2024164.0235.061.2024164152122.hdf with vars=bt_ir_105,bt_wv_63,cloud_mask coords=time,crs,latitude,longitude
2026-06-03 13:41:35,154 INFO run_pipeline - [process] 2026-06-03 13:41:35,154 INFO process_modis - Wrote /sat_data/modis/processed/2024/06/12/20240612T0235_modis_aqua_bt_ir_105_bt_wv_63_cloud_mask.nc
2026-06-03 13:41:43,622 INFO run_pipeline - [process] 2026-06-03 13:41:43,622 INFO process_modis - Step: keeping native L1 grid for ir_105
2026-06-03 13:41:43,869 INFO run_pipeline - [process] 2026-06-03 13:41:43,868 INFO process_modis - Step: keeping native L1 grid for wv_63
2026-06-03 13:41:44,340 INFO run_pipeline - [process] 2026-06-03 13:41:44,340 INFO process_modis - Step: loading/resampling cloud mask from MYD35_L2.A2024164.1205.061.2024165150924.hdf
2026-06-03 13:41:44,340 INFO run_pipeline - [process] 2026-06-03 13:41:44,340 INFO process_modis - Step: keeping native L1 grid for cloud mask
2026-06-03 13:41:44,346 INFO run_pipeline - [process] 2026-06-03 13:41:44,346 INFO process_modis - Step: prepared Dataset for MYD021KM.A2024164.1205.061.2024165150739.hdf with vars=bt_ir_105,bt_wv_63,cloud_mask coords=time,crs,latitude,longitude
2026-06-03 13:41:45,861 INFO run_pipeline - [process] 2026-06-03 13:41:45,859 INFO process_modis - Wrote /sat_data/modis/processed/2024/06/12/20240612T1205_modis_aqua_bt_ir_105_bt_wv_63_cloud_mask.nc
2026-06-03 13:41:46,708 INFO run_pipeline - [process] 2026-06-03 13:41:46,708 INFO process_modis - Step: keeping native L1 grid for ir_105
2026-06-03 13:41:47,007 INFO run_pipeline - [process] 2026-06-03 13:41:47,006 INFO process_modis - Step: keeping native L1 grid for wv_63
2026-06-03 13:41:47,577 INFO run_pipeline - [process] 2026-06-03 13:41:47,576 INFO process_modis - Step: loading/resampling cloud mask from MYD35_L2.A2024164.0230.061.2024164152338.hdf
2026-06-03 13:41:47,577 INFO run_pipeline - [process] 2026-06-03 13:41:47,577 INFO process_modis - Step: keeping native L1 grid for cloud mask
2026-06-03 13:41:47,581 INFO run_pipeline - [process] 2026-06-03 13:41:47,580 INFO process_modis - Step: prepared Dataset for MYD021KM.A2024164.0230.061.2024164152154.hdf with vars=bt_ir_105,bt_wv_63,cloud_mask coords=time,crs,latitude,longitude
2026-06-03 13:41:49,068 INFO run_pipeline - [process] 2026-06-03 13:41:49,067 INFO process_modis - Wrote /sat_data/modis/processed/2024/06/12/20240612T0230_modis_aqua_bt_ir_105_bt_wv_63_cloud_mask.nc
2026-06-03 13:41:51,321 INFO run_pipeline - [process] 2026-06-03 13:41:51,320 INFO process_modis - Step: keeping native L1 grid for ir_105
2026-06-03 13:41:51,560 INFO run_pipeline - [process] 2026-06-03 13:41:51,560 INFO process_modis - Step: keeping native L1 grid for wv_63
2026-06-03 13:41:52,044 INFO run_pipeline - [process] 2026-06-03 13:41:52,043 INFO process_modis - Step: loading/resampling cloud mask from MYD35_L2.A2024164.0055.061.2024164152221.hdf
2026-06-03 13:41:52,044 INFO run_pipeline - [process] 2026-06-03 13:41:52,044 INFO process_modis - Step: keeping native L1 grid for cloud mask
2026-06-03 13:41:52,052 INFO run_pipeline - [process] 2026-06-03 13:41:52,052 INFO process_modis - Step: prepared Dataset for MYD021KM.A2024164.0055.061.2024164152129.hdf with vars=bt_ir_105,bt_wv_63,cloud_mask coords=time,crs,latitude,longitude
2026-06-03 13:41:53,611 INFO run_pipeline - [process] 2026-06-03 13:41:53,611 INFO process_modis - Wrote /sat_data/modis/processed/2024/06/12/20240612T0055_modis_aqua_bt_ir_105_bt_wv_63_cloud_mask.nc
2026-06-03 13:42:04,103 INFO run_pipeline - [process] 2026-06-03 13:42:04,103 INFO process_modis - Step: keeping native L1 grid for ir_105
2026-06-03 13:42:04,365 INFO run_pipeline - [process] 2026-06-03 13:42:04,364 INFO process_modis - Step: keeping native L1 grid for wv_63
2026-06-03 13:42:04,809 INFO run_pipeline - [process] 2026-06-03 13:42:04,809 INFO process_modis - Step: loading/resampling cloud mask from MYD35_L2.A2024164.1340.061.2024165151015.hdf
2026-06-03 13:42:04,810 INFO run_pipeline - [process] 2026-06-03 13:42:04,809 INFO process_modis - Step: keeping native L1 grid for cloud mask
2026-06-03 13:42:04,813 INFO run_pipeline - [process] 2026-06-03 13:42:04,813 INFO process_modis - Step: prepared Dataset for MYD021KM.A2024164.1340.061.2024165150804.hdf with vars=bt_ir_105,bt_wv_63,cloud_mask coords=time,crs,latitude,longitude
2026-06-03 13:42:06,290 INFO run_pipeline - [process] 2026-06-03 13:42:06,290 INFO process_modis - Wrote /sat_data/modis/processed/2024/06/12/20240612T1340_modis_aqua_bt_ir_105_bt_wv_63_cloud_mask.nc
2026-06-03 13:42:06,464 INFO run_pipeline - [process] 2026-06-03 13:42:06,464 INFO process_modis - Processed 6 files for aqua in /sat_data/modis/raw/radiances/2024/06/12
2026-06-03 13:42:06,878 INFO run_pipeline - Finished process in 584.00s with return code 0
2026-06-03 13:42:06,878 INFO run_pipeline - Starting upload: /home/Daniele/miniforge3/envs/satpy/bin/python /home/Daniele/codes/MODIS-processing/scripts/2_upload_s3.py --config /home/Daniele/codes/MODIS-processing/config/pipeline_config.yaml --credentials /home/Daniele/codes/MODIS-processing/s3_credentials.py --date 2024-06-12 --log-level INFO --verify
2026-06-03 13:42:14,352 INFO run_pipeline - [upload] 2026-06-03 13:42:14,351 INFO upload_s3 - Uploaded 12 files
2026-06-03 13:42:14,605 INFO run_pipeline - Finished upload in 7.73s with return code 0
2026-06-03 13:42:14,606 INFO run_pipeline - Batch 2024-06-12 finished in download=29.58s process=584.00s upload=7.73s | L1=12 L2=12 processed=12 uploaded=12 errors=0 failed_stage=none
2026-06-03 13:42:14,606 INFO run_pipeline - === Batch 2024-06-13 ===
2026-06-03 13:42:14,606 INFO run_pipeline - Starting download: /home/Daniele/miniforge3/envs/satpy/bin/python /home/Daniele/codes/MODIS-processing/scripts/0_download_modis.py --config /home/Daniele/codes/MODIS-processing/config/pipeline_config.yaml --date 2024-06-13 --log-level INFO
2026-06-03 13:42:15,702 INFO run_pipeline - [download] 2026-06-03 13:42:15,702 INFO download_modis - Searching CMR for MOD021KM between 2024-06-13 00:00:00 and 2024-06-14 00:00:00
2026-06-03 13:42:16,127 INFO run_pipeline - [download] 2026-06-03 13:42:16,127 INFO download_modis - Downloading 5 granules with 6 workers for MOD021KM
2026-06-03 13:43:43,890 INFO run_pipeline - [download] 2026-06-03 13:43:43,890 INFO download_modis - Searching CMR for MOD35_L2 between 2024-06-13 00:00:00 and 2024-06-14 00:00:00
2026-06-03 13:43:44,195 INFO run_pipeline - [download] 2026-06-03 13:43:44,195 INFO download_modis - Downloading 5 granules with 6 workers for MOD35_L2
2026-06-03 13:43:48,301 INFO run_pipeline - [download] 2026-06-03 13:43:48,301 INFO download_modis - terra [2024-06-13 - 2024-06-14] L1 downloaded=5 skipped=5 | L2 downloaded=5 skipped=0
2026-06-03 13:43:48,301 INFO run_pipeline - [download] 2026-06-03 13:43:48,301 INFO download_modis - Searching CMR for MYD021KM between 2024-06-13 00:00:00 and 2024-06-14 00:00:00
2026-06-03 13:43:52,559 INFO run_pipeline - [download] 2026-06-03 13:43:52,559 INFO download_modis - Downloading 5 granules with 6 workers for MYD021KM
2026-06-03 13:44:01,718 INFO run_pipeline - [download] 2026-06-03 13:44:01,718 INFO download_modis - Searching CMR for MYD35_L2 between 2024-06-13 00:00:00 and 2024-06-14 00:00:00
2026-06-03 13:44:02,053 INFO run_pipeline - [download] 2026-06-03 13:44:02,053 INFO download_modis - Downloading 5 granules with 6 workers for MYD35_L2
2026-06-03 13:44:05,694 INFO run_pipeline - [download] 2026-06-03 13:44:05,694 INFO download_modis - aqua [2024-06-13 - 2024-06-14] L1 downloaded=5 skipped=5 | L2 downloaded=5 skipped=0
2026-06-03 13:44:05,914 INFO run_pipeline - Finished download in 111.31s with return code 0
2026-06-03 13:44:05,914 INFO run_pipeline - Starting process: /home/Daniele/miniforge3/envs/satpy/bin/python /home/Daniele/codes/MODIS-processing/scripts/1_process_modis.py --config /home/Daniele/codes/MODIS-processing/config/pipeline_config.yaml --date 2024-06-13 --log-level INFO
2026-06-03 13:44:07,011 INFO run_pipeline - [process] 2026-06-03 13:44:07,011 INFO process_modis - Day terra /sat_data/modis/raw/radiances/2024/06/13: found 5 L1 files and 5 L2 files (dir totals: 10 radiance, 10 cloud)
2026-06-03 13:44:07,012 INFO run_pipeline - [process] 2026-06-03 13:44:07,011 INFO process_modis - Processing 5 granules with 5 workers
2026-06-03 13:44:07,012 INFO run_pipeline - [process] 2026-06-03 13:44:07,012 INFO process_modis - Processing granule MOD021KM.A2024165.0935.061.2024165191906.hdf timestamp=20240613T0935 matched_L2=MOD35_L2.A2024165.0935.061.2024165192108.hdf
2026-06-03 13:44:07,013 INFO run_pipeline - [process] 2026-06-03 13:44:07,012 INFO process_modis - Step: loading BT datasets for MOD021KM.A2024165.0935.061.2024165191906.hdf
2026-06-03 13:44:07,013 INFO run_pipeline - [process] 2026-06-03 13:44:07,013 INFO process_modis - Processing granule MOD021KM.A2024165.1110.061.2024165191849.hdf timestamp=20240613T1110 matched_L2=MOD35_L2.A2024165.1110.061.2024165192029.hdf
2026-06-03 13:44:07,013 INFO run_pipeline - [process] 2026-06-03 13:44:07,013 INFO process_modis - Step: loading BT datasets for MOD021KM.A2024165.1110.061.2024165191849.hdf
2026-06-03 13:44:07,014 INFO run_pipeline - [process] 2026-06-03 13:44:07,014 INFO process_modis - Processing granule MOD021KM.A2024165.1905.061.2024166073032.hdf timestamp=20240613T1905 matched_L2=MOD35_L2.A2024165.1905.061.2024166073157.hdf
2026-06-03 13:44:07,014 INFO run_pipeline - [process] 2026-06-03 13:44:07,014 INFO process_modis - Step: loading BT datasets for MOD021KM.A2024165.1905.061.2024166073032.hdf
2026-06-03 13:44:07,015 INFO run_pipeline - [process] 2026-06-03 13:44:07,015 INFO process_modis - Processing granule MOD021KM.A2024165.2040.061.2024166073018.hdf timestamp=20240613T2040 matched_L2=MOD35_L2.A2024165.2040.061.2024166073109.hdf
2026-06-03 13:44:07,015 INFO run_pipeline - [process] 2026-06-03 13:44:07,015 INFO process_modis - Step: loading BT datasets for MOD021KM.A2024165.2040.061.2024166073018.hdf
2026-06-03 13:44:07,015 INFO run_pipeline - [process] 2026-06-03 13:44:07,015 INFO process_modis - Processing granule MOD021KM.A2024165.2045.061.2024166073040.hdf timestamp=20240613T2045 matched_L2=MOD35_L2.A2024165.2045.061.2024166073234.hdf
2026-06-03 13:44:07,015 INFO run_pipeline - [process] 2026-06-03 13:44:07,015 INFO process_modis - Step: loading BT datasets for MOD021KM.A2024165.2045.061.2024166073040.hdf
2026-06-03 13:44:10,381 INFO run_pipeline - [process] 2026-06-03 13:44:10,381 INFO process_modis - Step: loaded BT datasets for MOD021KM.A2024165.0935.061.2024165191906.hdf: bt_ir_105,bt_wv_63
2026-06-03 13:44:10,408 INFO run_pipeline - [process] 2026-06-03 13:44:10,408 INFO process_modis - Step: loaded BT datasets for MOD021KM.A2024165.2045.061.2024166073040.hdf: bt_ir_105,bt_wv_63
2026-06-03 13:44:10,434 INFO run_pipeline - [process] 2026-06-03 13:44:10,433 INFO process_modis - Step: loaded BT datasets for MOD021KM.A2024165.1905.061.2024166073032.hdf: bt_ir_105,bt_wv_63
2026-06-03 13:44:10,444 INFO run_pipeline - [process] 2026-06-03 13:44:10,436 INFO process_modis - Step: loaded BT datasets for MOD021KM.A2024165.2040.061.2024166073018.hdf: bt_ir_105,bt_wv_63
2026-06-03 13:44:10,472 INFO run_pipeline - [process] 2026-06-03 13:44:10,471 INFO process_modis - Step: loaded BT datasets for MOD021KM.A2024165.1110.061.2024165191849.hdf: bt_ir_105,bt_wv_63
2026-06-03 13:46:37,480 INFO run_pipeline - [process] 2026-06-03 13:46:37,479 INFO process_modis - Step: keeping native L1 grid for ir_105
2026-06-03 13:46:37,791 INFO run_pipeline - [process] 2026-06-03 13:46:37,790 INFO process_modis - Step: keeping native L1 grid for wv_63
2026-06-03 13:46:38,251 INFO run_pipeline - [process] 2026-06-03 13:46:38,251 INFO process_modis - Step: loading/resampling cloud mask from MOD35_L2.A2024165.1110.061.2024165192029.hdf
2026-06-03 13:46:38,251 INFO run_pipeline - [process] 2026-06-03 13:46:38,251 INFO process_modis - Step: keeping native L1 grid for cloud mask
2026-06-03 13:46:38,258 INFO run_pipeline - [process] 2026-06-03 13:46:38,258 INFO process_modis - Step: prepared Dataset for MOD021KM.A2024165.1110.061.2024165191849.hdf with vars=bt_ir_105,bt_wv_63,cloud_mask coords=time,crs,latitude,longitude
2026-06-03 13:46:39,786 INFO run_pipeline - [process] 2026-06-03 13:46:39,785 INFO process_modis - Wrote /sat_data/modis/processed/2024/06/13/20240613T1110_modis_terra_bt_ir_105_bt_wv_63_cloud_mask.nc
2026-06-03 13:47:23,191 INFO run_pipeline - [process] 2026-06-03 13:47:23,191 INFO process_modis - Step: keeping native L1 grid for ir_105
2026-06-03 13:47:23,514 INFO run_pipeline - [process] 2026-06-03 13:47:23,513 INFO process_modis - Step: keeping native L1 grid for wv_63
2026-06-03 13:47:24,202 INFO run_pipeline - [process] 2026-06-03 13:47:24,202 INFO process_modis - Step: loading/resampling cloud mask from MOD35_L2.A2024165.2045.061.2024166073234.hdf
2026-06-03 13:47:24,202 INFO run_pipeline - [process] 2026-06-03 13:47:24,202 INFO process_modis - Step: keeping native L1 grid for cloud mask
2026-06-03 13:47:24,206 INFO run_pipeline - [process] 2026-06-03 13:47:24,206 INFO process_modis - Step: prepared Dataset for MOD021KM.A2024165.2045.061.2024166073040.hdf with vars=bt_ir_105,bt_wv_63,cloud_mask coords=time,crs,latitude,longitude
2026-06-03 13:47:25,731 INFO run_pipeline - [process] 2026-06-03 13:47:25,730 INFO process_modis - Wrote /sat_data/modis/processed/2024/06/13/20240613T2045_modis_terra_bt_ir_105_bt_wv_63_cloud_mask.nc
2026-06-03 13:47:55,657 INFO run_pipeline - [process] 2026-06-03 13:47:55,656 INFO process_modis - Step: keeping native L1 grid for ir_105
2026-06-03 13:47:55,898 INFO run_pipeline - [process] 2026-06-03 13:47:55,897 INFO process_modis - Step: keeping native L1 grid for wv_63
2026-06-03 13:47:56,363 INFO run_pipeline - [process] 2026-06-03 13:47:56,362 INFO process_modis - Step: loading/resampling cloud mask from MOD35_L2.A2024165.1905.061.2024166073157.hdf
2026-06-03 13:47:56,363 INFO run_pipeline - [process] 2026-06-03 13:47:56,363 INFO process_modis - Step: keeping native L1 grid for cloud mask
2026-06-03 13:47:56,368 INFO run_pipeline - [process] 2026-06-03 13:47:56,367 INFO process_modis - Step: prepared Dataset for MOD021KM.A2024165.1905.061.2024166073032.hdf with vars=bt_ir_105,bt_wv_63,cloud_mask coords=time,crs,latitude,longitude
2026-06-03 13:47:58,075 INFO run_pipeline - [process] 2026-06-03 13:47:58,074 INFO process_modis - Wrote /sat_data/modis/processed/2024/06/13/20240613T1905_modis_terra_bt_ir_105_bt_wv_63_cloud_mask.nc
2026-06-03 13:48:07,182 INFO run_pipeline - [process] 2026-06-03 13:48:07,181 INFO process_modis - Step: keeping native L1 grid for ir_105
2026-06-03 13:48:07,434 INFO run_pipeline - [process] 2026-06-03 13:48:07,434 INFO process_modis - Step: keeping native L1 grid for wv_63
2026-06-03 13:48:07,672 INFO run_pipeline - [process] 2026-06-03 13:48:07,672 INFO process_modis - Step: keeping native L1 grid for ir_105
2026-06-03 13:48:07,909 INFO run_pipeline - [process] 2026-06-03 13:48:07,909 INFO process_modis - Step: loading/resampling cloud mask from MOD35_L2.A2024165.0935.061.2024165192108.hdf
2026-06-03 13:48:07,910 INFO run_pipeline - [process] 2026-06-03 13:48:07,909 INFO process_modis - Step: keeping native L1 grid for cloud mask
2026-06-03 13:48:07,914 INFO run_pipeline - [process] 2026-06-03 13:48:07,914 INFO process_modis - Step: prepared Dataset for MOD021KM.A2024165.0935.061.2024165191906.hdf with vars=bt_ir_105,bt_wv_63,cloud_mask coords=time,crs,latitude,longitude
2026-06-03 13:48:07,990 INFO run_pipeline - [process] 2026-06-03 13:48:07,990 INFO process_modis - Step: keeping native L1 grid for wv_63
2026-06-03 13:48:08,542 INFO run_pipeline - [process] 2026-06-03 13:48:08,541 INFO process_modis - Step: loading/resampling cloud mask from MOD35_L2.A2024165.2040.061.2024166073109.hdf
2026-06-03 13:48:08,542 INFO run_pipeline - [process] 2026-06-03 13:48:08,541 INFO process_modis - Step: keeping native L1 grid for cloud mask
2026-06-03 13:48:08,548 INFO run_pipeline - [process] 2026-06-03 13:48:08,548 INFO process_modis - Step: prepared Dataset for MOD021KM.A2024165.2040.061.2024166073018.hdf with vars=bt_ir_105,bt_wv_63,cloud_mask coords=time,crs,latitude,longitude
2026-06-03 13:48:09,490 INFO run_pipeline - [process] 2026-06-03 13:48:09,489 INFO process_modis - Wrote /sat_data/modis/processed/2024/06/13/20240613T0935_modis_terra_bt_ir_105_bt_wv_63_cloud_mask.nc
2026-06-03 13:48:11,127 INFO run_pipeline - [process] 2026-06-03 13:48:11,126 INFO process_modis - Wrote /sat_data/modis/processed/2024/06/13/20240613T2040_modis_terra_bt_ir_105_bt_wv_63_cloud_mask.nc
2026-06-03 13:48:11,296 INFO run_pipeline - [process] 2026-06-03 13:48:11,295 INFO process_modis - Processed 5 files for terra in /sat_data/modis/raw/radiances/2024/06/13
2026-06-03 13:48:11,296 INFO run_pipeline - [process] 2026-06-03 13:48:11,296 INFO process_modis - Day aqua /sat_data/modis/raw/radiances/2024/06/13: found 5 L1 files and 5 L2 files (dir totals: 10 radiance, 10 cloud)
2026-06-03 13:48:11,296 INFO run_pipeline - [process] 2026-06-03 13:48:11,296 INFO process_modis - Processing 5 granules with 5 workers
2026-06-03 13:48:11,297 INFO run_pipeline - [process] 2026-06-03 13:48:11,297 INFO process_modis - Processing granule MYD021KM.A2024165.0135.061.2024165152454.hdf timestamp=20240613T0135 matched_L2=MYD35_L2.A2024165.0135.061.2024165152556.hdf
2026-06-03 13:48:11,297 INFO run_pipeline - [process] 2026-06-03 13:48:11,297 INFO process_modis - Step: loading BT datasets for MYD021KM.A2024165.0135.061.2024165152454.hdf
2026-06-03 13:48:11,297 INFO run_pipeline - [process] 2026-06-03 13:48:11,297 INFO process_modis - Processing granule MYD021KM.A2024165.0310.061.2024165152537.hdf timestamp=20240613T0310 matched_L2=MYD35_L2.A2024165.0310.061.2024165152721.hdf
2026-06-03 13:48:11,297 INFO run_pipeline - [process] 2026-06-03 13:48:11,297 INFO process_modis - Step: loading BT datasets for MYD021KM.A2024165.0310.061.2024165152537.hdf
2026-06-03 13:48:11,303 INFO run_pipeline - [process] 2026-06-03 13:48:11,303 INFO process_modis - Processing granule MYD021KM.A2024165.0315.061.2024165152451.hdf timestamp=20240613T0315 matched_L2=MYD35_L2.A2024165.0315.061.2024165152559.hdf
2026-06-03 13:48:11,303 INFO run_pipeline - [process] 2026-06-03 13:48:11,303 INFO process_modis - Step: loading BT datasets for MYD021KM.A2024165.0315.061.2024165152451.hdf
2026-06-03 13:48:11,389 INFO run_pipeline - [process] 2026-06-03 13:48:11,389 INFO process_modis - Processing granule MYD021KM.A2024165.1240.061.2024166154142.hdf timestamp=20240613T1240 matched_L2=MYD35_L2.A2024165.1240.061.2024166154523.hdf
2026-06-03 13:48:11,389 INFO run_pipeline - [process] 2026-06-03 13:48:11,389 INFO process_modis - Step: loading BT datasets for MYD021KM.A2024165.1240.061.2024166154142.hdf
2026-06-03 13:48:11,446 INFO run_pipeline - [process] 2026-06-03 13:48:11,446 INFO process_modis - Processing granule MYD021KM.A2024165.1245.061.2024166152456.hdf timestamp=20240613T1245 matched_L2=MYD35_L2.A2024165.1245.061.2024166152730.hdf
2026-06-03 13:48:11,447 INFO run_pipeline - [process] 2026-06-03 13:48:11,446 INFO process_modis - Step: loading BT datasets for MYD021KM.A2024165.1245.061.2024166152456.hdf
2026-06-03 13:48:12,629 INFO run_pipeline - [process] 2026-06-03 13:48:12,628 INFO process_modis - Step: loaded BT datasets for MYD021KM.A2024165.0135.061.2024165152454.hdf: bt_ir_105,bt_wv_63
2026-06-03 13:48:12,696 INFO run_pipeline - [process] 2026-06-03 13:48:12,695 INFO process_modis - Step: loaded BT datasets for MYD021KM.A2024165.1240.061.2024166154142.hdf: bt_ir_105,bt_wv_63
2026-06-03 13:48:12,787 INFO run_pipeline - [process] 2026-06-03 13:48:12,786 INFO process_modis - Step: loaded BT datasets for MYD021KM.A2024165.0310.061.2024165152537.hdf: bt_ir_105,bt_wv_63
2026-06-03 13:48:12,792 INFO run_pipeline - [process] 2026-06-03 13:48:12,792 INFO process_modis - Step: loaded BT datasets for MYD021KM.A2024165.1245.061.2024166152456.hdf: bt_ir_105,bt_wv_63
2026-06-03 13:48:12,832 INFO run_pipeline - [process] 2026-06-03 13:48:12,832 INFO process_modis - Step: loaded BT datasets for MYD021KM.A2024165.0315.061.2024165152451.hdf: bt_ir_105,bt_wv_63
2026-06-03 13:52:08,479 INFO run_pipeline - [process] 2026-06-03 13:52:08,479 INFO process_modis - Step: keeping native L1 grid for ir_105
2026-06-03 13:52:08,823 INFO run_pipeline - [process] 2026-06-03 13:52:08,823 INFO process_modis - Step: keeping native L1 grid for wv_63
2026-06-03 13:52:09,353 INFO run_pipeline - [process] 2026-06-03 13:52:09,352 INFO process_modis - Step: loading/resampling cloud mask from MYD35_L2.A2024165.1240.061.2024166154523.hdf
2026-06-03 13:52:09,353 INFO run_pipeline - [process] 2026-06-03 13:52:09,353 INFO process_modis - Step: keeping native L1 grid for cloud mask
2026-06-03 13:52:09,357 INFO run_pipeline - [process] 2026-06-03 13:52:09,357 INFO process_modis - Step: prepared Dataset for MYD021KM.A2024165.1240.061.2024166154142.hdf with vars=bt_ir_105,bt_wv_63,cloud_mask coords=time,crs,latitude,longitude
2026-06-03 13:52:10,910 INFO run_pipeline - [process] 2026-06-03 13:52:10,910 INFO process_modis - Wrote /sat_data/modis/processed/2024/06/13/20240613T1240_modis_aqua_bt_ir_105_bt_wv_63_cloud_mask.nc
2026-06-03 13:52:27,579 INFO run_pipeline - [process] 2026-06-03 13:52:27,579 INFO process_modis - Step: keeping native L1 grid for ir_105
2026-06-03 13:52:27,836 INFO run_pipeline - [process] 2026-06-03 13:52:27,836 INFO process_modis - Step: keeping native L1 grid for wv_63
2026-06-03 13:52:28,308 INFO run_pipeline - [process] 2026-06-03 13:52:28,308 INFO process_modis - Step: loading/resampling cloud mask from MYD35_L2.A2024165.1245.061.2024166152730.hdf
2026-06-03 13:52:28,309 INFO run_pipeline - [process] 2026-06-03 13:52:28,308 INFO process_modis - Step: keeping native L1 grid for cloud mask
2026-06-03 13:52:28,313 INFO run_pipeline - [process] 2026-06-03 13:52:28,313 INFO process_modis - Step: prepared Dataset for MYD021KM.A2024165.1245.061.2024166152456.hdf with vars=bt_ir_105,bt_wv_63,cloud_mask coords=time,crs,latitude,longitude
2026-06-03 13:52:29,842 INFO run_pipeline - [process] 2026-06-03 13:52:29,842 INFO process_modis - Wrote /sat_data/modis/processed/2024/06/13/20240613T1245_modis_aqua_bt_ir_105_bt_wv_63_cloud_mask.nc
2026-06-03 13:52:30,503 INFO run_pipeline - [process] 2026-06-03 13:52:30,503 INFO process_modis - Step: keeping native L1 grid for ir_105
2026-06-03 13:52:30,760 INFO run_pipeline - [process] 2026-06-03 13:52:30,760 INFO process_modis - Step: keeping native L1 grid for wv_63
2026-06-03 13:52:31,201 INFO run_pipeline - [process] 2026-06-03 13:52:31,201 INFO process_modis - Step: loading/resampling cloud mask from MYD35_L2.A2024165.0310.061.2024165152721.hdf
2026-06-03 13:52:31,201 INFO run_pipeline - [process] 2026-06-03 13:52:31,201 INFO process_modis - Step: keeping native L1 grid for cloud mask
2026-06-03 13:52:31,205 INFO run_pipeline - [process] 2026-06-03 13:52:31,205 INFO process_modis - Step: prepared Dataset for MYD021KM.A2024165.0310.061.2024165152537.hdf with vars=bt_ir_105,bt_wv_63,cloud_mask coords=time,crs,latitude,longitude
2026-06-03 13:52:33,052 INFO run_pipeline - [process] 2026-06-03 13:52:33,051 INFO process_modis - Wrote /sat_data/modis/processed/2024/06/13/20240613T0310_modis_aqua_bt_ir_105_bt_wv_63_cloud_mask.nc
2026-06-03 13:52:34,183 INFO run_pipeline - [process] 2026-06-03 13:52:34,183 INFO process_modis - Step: keeping native L1 grid for ir_105
2026-06-03 13:52:34,443 INFO run_pipeline - [process] 2026-06-03 13:52:34,442 INFO process_modis - Step: keeping native L1 grid for wv_63
2026-06-03 13:52:34,866 INFO run_pipeline - [process] 2026-06-03 13:52:34,866 INFO process_modis - Step: loading/resampling cloud mask from MYD35_L2.A2024165.0315.061.2024165152559.hdf
2026-06-03 13:52:34,867 INFO run_pipeline - [process] 2026-06-03 13:52:34,866 INFO process_modis - Step: keeping native L1 grid for cloud mask
2026-06-03 13:52:34,871 INFO run_pipeline - [process] 2026-06-03 13:52:34,871 INFO process_modis - Step: prepared Dataset for MYD021KM.A2024165.0315.061.2024165152451.hdf with vars=bt_ir_105,bt_wv_63,cloud_mask coords=time,crs,latitude,longitude
2026-06-03 13:52:36,344 INFO run_pipeline - [process] 2026-06-03 13:52:36,344 INFO process_modis - Wrote /sat_data/modis/processed/2024/06/13/20240613T0315_modis_aqua_bt_ir_105_bt_wv_63_cloud_mask.nc
2026-06-03 13:52:36,643 INFO run_pipeline - [process] 2026-06-03 13:52:36,643 INFO process_modis - Step: keeping native L1 grid for ir_105
2026-06-03 13:52:36,951 INFO run_pipeline - [process] 2026-06-03 13:52:36,950 INFO process_modis - Step: keeping native L1 grid for wv_63
2026-06-03 13:52:37,535 INFO run_pipeline - [process] 2026-06-03 13:52:37,535 INFO process_modis - Step: loading/resampling cloud mask from MYD35_L2.A2024165.0135.061.2024165152556.hdf
2026-06-03 13:52:37,535 INFO run_pipeline - [process] 2026-06-03 13:52:37,535 INFO process_modis - Step: keeping native L1 grid for cloud mask
2026-06-03 13:52:37,541 INFO run_pipeline - [process] 2026-06-03 13:52:37,541 INFO process_modis - Step: prepared Dataset for MYD021KM.A2024165.0135.061.2024165152454.hdf with vars=bt_ir_105,bt_wv_63,cloud_mask coords=time,crs,latitude,longitude
2026-06-03 13:52:39,035 INFO run_pipeline - [process] 2026-06-03 13:52:39,035 INFO process_modis - Wrote /sat_data/modis/processed/2024/06/13/20240613T0135_modis_aqua_bt_ir_105_bt_wv_63_cloud_mask.nc
2026-06-03 13:52:39,198 INFO run_pipeline - [process] 2026-06-03 13:52:39,198 INFO process_modis - Processed 5 files for aqua in /sat_data/modis/raw/radiances/2024/06/13
2026-06-03 13:52:39,751 INFO run_pipeline - Finished process in 513.84s with return code 0
2026-06-03 13:52:39,751 INFO run_pipeline - Starting upload: /home/Daniele/miniforge3/envs/satpy/bin/python /home/Daniele/codes/MODIS-processing/scripts/2_upload_s3.py --config /home/Daniele/codes/MODIS-processing/config/pipeline_config.yaml --credentials /home/Daniele/codes/MODIS-processing/s3_credentials.py --date 2024-06-13 --log-level INFO --verify
2026-06-03 13:52:53,881 INFO run_pipeline - [upload] 2026-06-03 13:52:53,881 INFO upload_s3 - Uploaded 10 files
2026-06-03 13:52:54,130 INFO run_pipeline - Finished upload in 14.38s with return code 0
2026-06-03 13:52:54,130 INFO run_pipeline - Batch 2024-06-13 finished in download=111.31s process=513.84s upload=14.38s | L1=10 L2=10 processed=10 uploaded=10 errors=0 failed_stage=none
2026-06-03 13:52:54,130 INFO run_pipeline - === Batch 2024-06-14 ===
2026-06-03 13:52:54,130 INFO run_pipeline - Starting download: /home/Daniele/miniforge3/envs/satpy/bin/python /home/Daniele/codes/MODIS-processing/scripts/0_download_modis.py --config /home/Daniele/codes/MODIS-processing/config/pipeline_config.yaml --date 2024-06-14 --log-level INFO
2026-06-03 13:52:55,219 INFO run_pipeline - [download] 2026-06-03 13:52:55,218 INFO download_modis - Searching CMR for MOD021KM between 2024-06-14 00:00:00 and 2024-06-15 00:00:00
2026-06-03 13:52:55,583 INFO run_pipeline - [download] 2026-06-03 13:52:55,583 INFO download_modis - Downloading 6 granules with 6 workers for MOD021KM
2026-06-03 13:53:05,255 INFO run_pipeline - [download] 2026-06-03 13:53:05,255 INFO download_modis - Searching CMR for MOD35_L2 between 2024-06-14 00:00:00 and 2024-06-15 00:00:00
2026-06-03 13:53:05,514 INFO run_pipeline - [download] 2026-06-03 13:53:05,514 INFO download_modis - Downloading 6 granules with 6 workers for MOD35_L2
2026-06-03 13:53:09,504 INFO run_pipeline - [download] 2026-06-03 13:53:09,503 INFO download_modis - terra [2024-06-14 - 2024-06-15] L1 downloaded=6 skipped=6 | L2 downloaded=6 skipped=0
2026-06-03 13:53:09,504 INFO run_pipeline - [download] 2026-06-03 13:53:09,504 INFO download_modis - Searching CMR for MYD021KM between 2024-06-14 00:00:00 and 2024-06-15 00:00:00
2026-06-03 13:53:09,758 INFO run_pipeline - [download] 2026-06-03 13:53:09,757 INFO download_modis - Downloading 5 granules with 6 workers for MYD021KM
2026-06-03 13:53:18,139 INFO run_pipeline - [download] 2026-06-03 13:53:18,139 INFO download_modis - Searching CMR for MYD35_L2 between 2024-06-14 00:00:00 and 2024-06-15 00:00:00
2026-06-03 13:53:18,403 INFO run_pipeline - [download] 2026-06-03 13:53:18,403 INFO download_modis - Downloading 5 granules with 6 workers for MYD35_L2
2026-06-03 13:53:22,097 INFO run_pipeline - [download] 2026-06-03 13:53:22,097 INFO download_modis - aqua [2024-06-14 - 2024-06-15] L1 downloaded=5 skipped=5 | L2 downloaded=5 skipped=0
2026-06-03 13:53:22,316 INFO run_pipeline - Finished download in 28.19s with return code 0
2026-06-03 13:53:22,317 INFO run_pipeline - Starting process: /home/Daniele/miniforge3/envs/satpy/bin/python /home/Daniele/codes/MODIS-processing/scripts/1_process_modis.py --config /home/Daniele/codes/MODIS-processing/config/pipeline_config.yaml --date 2024-06-14 --log-level INFO
2026-06-03 13:53:23,398 INFO run_pipeline - [process] 2026-06-03 13:53:23,398 INFO process_modis - Day terra /sat_data/modis/raw/radiances/2024/06/14: found 6 L1 files and 6 L2 files (dir totals: 11 radiance, 11 cloud)
2026-06-03 13:53:23,399 INFO run_pipeline - [process] 2026-06-03 13:53:23,398 INFO process_modis - Processing 6 granules with 5 workers
2026-06-03 13:53:23,399 INFO run_pipeline - [process] 2026-06-03 13:53:23,399 INFO process_modis - Processing granule MOD021KM.A2024166.0835.061.2024166200608.hdf timestamp=20240614T0835 matched_L2=MOD35_L2.A2024166.0835.061.2024166201008.hdf
2026-06-03 13:53:23,400 INFO run_pipeline - [process] 2026-06-03 13:53:23,399 INFO process_modis - Step: loading BT datasets for MOD021KM.A2024166.0835.061.2024166200608.hdf
2026-06-03 13:53:23,400 INFO run_pipeline - [process] 2026-06-03 13:53:23,400 INFO process_modis - Processing granule MOD021KM.A2024166.0840.061.2024166193400.hdf timestamp=20240614T0840 matched_L2=MOD35_L2.A2024166.0840.061.2024166193811.hdf
2026-06-03 13:53:23,400 INFO run_pipeline - [process] 2026-06-03 13:53:23,400 INFO process_modis - Step: loading BT datasets for MOD021KM.A2024166.0840.061.2024166193400.hdf
2026-06-03 13:53:23,401 INFO run_pipeline - [process] 2026-06-03 13:53:23,401 INFO process_modis - Processing granule MOD021KM.A2024166.1015.061.2024166193029.hdf timestamp=20240614T1015 matched_L2=MOD35_L2.A2024166.1015.061.2024166193250.hdf
2026-06-03 13:53:23,401 INFO run_pipeline - [process] 2026-06-03 13:53:23,401 INFO process_modis - Step: loading BT datasets for MOD021KM.A2024166.1015.061.2024166193029.hdf
2026-06-03 13:53:23,402 INFO run_pipeline - [process] 2026-06-03 13:53:23,402 INFO process_modis - Processing granule MOD021KM.A2024166.1945.061.2024167073240.hdf timestamp=20240614T1945 matched_L2=MOD35_L2.A2024166.1945.061.2024167073422.hdf
2026-06-03 13:53:23,402 INFO run_pipeline - [process] 2026-06-03 13:53:23,402 INFO process_modis - Step: loading BT datasets for MOD021KM.A2024166.1945.061.2024167073240.hdf
2026-06-03 13:53:23,402 INFO run_pipeline - [process] 2026-06-03 13:53:23,402 INFO process_modis - Processing granule MOD021KM.A2024166.2120.061.2024167073229.hdf timestamp=20240614T2120 matched_L2=MOD35_L2.A2024166.2120.061.2024167073340.hdf
2026-06-03 13:53:23,403 INFO run_pipeline - [process] 2026-06-03 13:53:23,402 INFO process_modis - Step: loading BT datasets for MOD021KM.A2024166.2120.061.2024167073229.hdf
2026-06-03 13:53:25,636 INFO run_pipeline - [process] 2026-06-03 13:53:25,636 INFO process_modis - Step: loaded BT datasets for MOD021KM.A2024166.0835.061.2024166200608.hdf: bt_ir_105,bt_wv_63
2026-06-03 13:53:25,664 INFO run_pipeline - [process] 2026-06-03 13:53:25,663 INFO process_modis - Step: loaded BT datasets for MOD021KM.A2024166.2120.061.2024167073229.hdf: bt_ir_105,bt_wv_63
2026-06-03 13:53:25,724 INFO run_pipeline - [process] 2026-06-03 13:53:25,724 INFO process_modis - Step: loaded BT datasets for MOD021KM.A2024166.0840.061.2024166193400.hdf: bt_ir_105,bt_wv_63
2026-06-03 13:53:25,746 INFO run_pipeline - [process] 2026-06-03 13:53:25,746 INFO process_modis - Step: loaded BT datasets for MOD021KM.A2024166.1015.061.2024166193029.hdf: bt_ir_105,bt_wv_63
2026-06-03 13:53:25,794 INFO run_pipeline - [process] 2026-06-03 13:53:25,793 INFO process_modis - Step: loaded BT datasets for MOD021KM.A2024166.1945.061.2024167073240.hdf: bt_ir_105,bt_wv_63
2026-06-03 13:57:22,508 INFO run_pipeline - [process] 2026-06-03 13:57:22,506 INFO process_modis - Step: keeping native L1 grid for ir_105
2026-06-03 13:57:22,858 INFO run_pipeline - [process] 2026-06-03 13:57:22,858 INFO process_modis - Step: keeping native L1 grid for wv_63
2026-06-03 13:57:23,399 INFO run_pipeline - [process] 2026-06-03 13:57:23,399 INFO process_modis - Step: loading/resampling cloud mask from MOD35_L2.A2024166.1015.061.2024166193250.hdf
2026-06-03 13:57:23,399 INFO run_pipeline - [process] 2026-06-03 13:57:23,399 INFO process_modis - Step: keeping native L1 grid for cloud mask
2026-06-03 13:57:23,405 INFO run_pipeline - [process] 2026-06-03 13:57:23,405 INFO process_modis - Step: prepared Dataset for MOD021KM.A2024166.1015.061.2024166193029.hdf with vars=bt_ir_105,bt_wv_63,cloud_mask coords=time,crs,latitude,longitude
2026-06-03 13:57:25,145 INFO run_pipeline - [process] 2026-06-03 13:57:25,144 INFO process_modis - Wrote /sat_data/modis/processed/2024/06/14/20240614T1015_modis_terra_bt_ir_105_bt_wv_63_cloud_mask.nc
2026-06-03 13:57:25,297 INFO run_pipeline - [process] 2026-06-03 13:57:25,297 INFO process_modis - Processing granule MOD021KM.A2024166.2125.061.2024167073237.hdf timestamp=20240614T2125 matched_L2=MOD35_L2.A2024166.2125.061.2024167073441.hdf
2026-06-03 13:57:25,297 INFO run_pipeline - [process] 2026-06-03 13:57:25,297 INFO process_modis - Step: loading BT datasets for MOD021KM.A2024166.2125.061.2024167073237.hdf
2026-06-03 13:57:25,810 INFO run_pipeline - [process] 2026-06-03 13:57:25,809 INFO process_modis - Step: loaded BT datasets for MOD021KM.A2024166.2125.061.2024167073237.hdf: bt_ir_105,bt_wv_63
2026-06-03 13:57:38,058 INFO run_pipeline - [process] 2026-06-03 13:57:38,058 INFO process_modis - Step: keeping native L1 grid for ir_105
2026-06-03 13:57:38,449 INFO run_pipeline - [process] 2026-06-03 13:57:38,449 INFO process_modis - Step: keeping native L1 grid for wv_63
2026-06-03 13:57:38,994 INFO run_pipeline - [process] 2026-06-03 13:57:38,993 INFO process_modis - Step: loading/resampling cloud mask from MOD35_L2.A2024166.2120.061.2024167073340.hdf
2026-06-03 13:57:38,994 INFO run_pipeline - [process] 2026-06-03 13:57:38,993 INFO process_modis - Step: keeping native L1 grid for cloud mask
2026-06-03 13:57:38,998 INFO run_pipeline - [process] 2026-06-03 13:57:38,997 INFO process_modis - Step: prepared Dataset for MOD021KM.A2024166.2120.061.2024167073229.hdf with vars=bt_ir_105,bt_wv_63,cloud_mask coords=time,crs,latitude,longitude
2026-06-03 13:57:40,504 INFO run_pipeline - [process] 2026-06-03 13:57:40,504 INFO process_modis - Wrote /sat_data/modis/processed/2024/06/14/20240614T2120_modis_terra_bt_ir_105_bt_wv_63_cloud_mask.nc
2026-06-03 13:57:42,269 INFO run_pipeline - [process] 2026-06-03 13:57:42,269 INFO process_modis - Step: keeping native L1 grid for ir_105
2026-06-03 13:57:42,544 INFO run_pipeline - [process] 2026-06-03 13:57:42,543 INFO process_modis - Step: keeping native L1 grid for wv_63
2026-06-03 13:57:43,010 INFO run_pipeline - [process] 2026-06-03 13:57:43,010 INFO process_modis - Step: loading/resampling cloud mask from MOD35_L2.A2024166.1945.061.2024167073422.hdf
2026-06-03 13:57:43,010 INFO run_pipeline - [process] 2026-06-03 13:57:43,010 INFO process_modis - Step: keeping native L1 grid for cloud mask
2026-06-03 13:57:43,014 INFO run_pipeline - [process] 2026-06-03 13:57:43,014 INFO process_modis - Step: prepared Dataset for MOD021KM.A2024166.1945.061.2024167073240.hdf with vars=bt_ir_105,bt_wv_63,cloud_mask coords=time,crs,latitude,longitude
2026-06-03 13:57:44,680 INFO run_pipeline - [process] 2026-06-03 13:57:44,680 INFO process_modis - Wrote /sat_data/modis/processed/2024/06/14/20240614T1945_modis_terra_bt_ir_105_bt_wv_63_cloud_mask.nc
2026-06-03 13:57:48,760 INFO run_pipeline - [process] 2026-06-03 13:57:48,759 INFO process_modis - Step: keeping native L1 grid for ir_105
2026-06-03 13:57:48,779 INFO run_pipeline - [process] 2026-06-03 13:57:48,779 INFO process_modis - Step: keeping native L1 grid for ir_105
2026-06-03 13:57:49,006 INFO run_pipeline - [process] 2026-06-03 13:57:49,006 INFO process_modis - Step: keeping native L1 grid for wv_63
2026-06-03 13:57:49,114 INFO run_pipeline - [process] 2026-06-03 13:57:49,114 INFO process_modis - Step: keeping native L1 grid for wv_63
2026-06-03 13:57:49,460 INFO run_pipeline - [process] 2026-06-03 13:57:49,460 INFO process_modis - Step: loading/resampling cloud mask from MOD35_L2.A2024166.0835.061.2024166201008.hdf
2026-06-03 13:57:49,461 INFO run_pipeline - [process] 2026-06-03 13:57:49,460 INFO process_modis - Step: keeping native L1 grid for cloud mask
2026-06-03 13:57:49,465 INFO run_pipeline - [process] 2026-06-03 13:57:49,465 INFO process_modis - Step: prepared Dataset for MOD021KM.A2024166.0835.061.2024166200608.hdf with vars=bt_ir_105,bt_wv_63,cloud_mask coords=time,crs,latitude,longitude
2026-06-03 13:57:49,624 INFO run_pipeline - [process] 2026-06-03 13:57:49,624 INFO process_modis - Step: loading/resampling cloud mask from MOD35_L2.A2024166.0840.061.2024166193811.hdf
2026-06-03 13:57:49,624 INFO run_pipeline - [process] 2026-06-03 13:57:49,624 INFO process_modis - Step: keeping native L1 grid for cloud mask
2026-06-03 13:57:49,628 INFO run_pipeline - [process] 2026-06-03 13:57:49,628 INFO process_modis - Step: prepared Dataset for MOD021KM.A2024166.0840.061.2024166193400.hdf with vars=bt_ir_105,bt_wv_63,cloud_mask coords=time,crs,latitude,longitude
2026-06-03 13:57:51,328 INFO run_pipeline - [process] 2026-06-03 13:57:51,328 INFO process_modis - Wrote /sat_data/modis/processed/2024/06/14/20240614T0835_modis_terra_bt_ir_105_bt_wv_63_cloud_mask.nc
2026-06-03 13:57:52,413 INFO run_pipeline - [process] 2026-06-03 13:57:52,413 INFO process_modis - Wrote /sat_data/modis/processed/2024/06/14/20240614T0840_modis_terra_bt_ir_105_bt_wv_63_cloud_mask.nc
2026-06-03 13:58:14,267 INFO run_pipeline - [process] 2026-06-03 13:58:14,266 INFO process_modis - Step: keeping native L1 grid for ir_105
2026-06-03 13:58:14,545 INFO run_pipeline - [process] 2026-06-03 13:58:14,545 INFO process_modis - Step: keeping native L1 grid for wv_63
2026-06-03 13:58:15,075 INFO run_pipeline - [process] 2026-06-03 13:58:15,075 INFO process_modis - Step: loading/resampling cloud mask from MOD35_L2.A2024166.2125.061.2024167073441.hdf
2026-06-03 13:58:15,075 INFO run_pipeline - [process] 2026-06-03 13:58:15,075 INFO process_modis - Step: keeping native L1 grid for cloud mask
2026-06-03 13:58:15,079 INFO run_pipeline - [process] 2026-06-03 13:58:15,079 INFO process_modis - Step: prepared Dataset for MOD021KM.A2024166.2125.061.2024167073237.hdf with vars=bt_ir_105,bt_wv_63,cloud_mask coords=time,crs,latitude,longitude
2026-06-03 13:58:16,565 INFO run_pipeline - [process] 2026-06-03 13:58:16,565 INFO process_modis - Wrote /sat_data/modis/processed/2024/06/14/20240614T2125_modis_terra_bt_ir_105_bt_wv_63_cloud_mask.nc
2026-06-03 13:58:16,745 INFO run_pipeline - [process] 2026-06-03 13:58:16,736 INFO process_modis - Processed 6 files for terra in /sat_data/modis/raw/radiances/2024/06/14
2026-06-03 13:58:16,746 INFO run_pipeline - [process] 2026-06-03 13:58:16,745 INFO process_modis - Day aqua /sat_data/modis/raw/radiances/2024/06/14: found 5 L1 files and 5 L2 files (dir totals: 11 radiance, 11 cloud)
2026-06-03 13:58:16,746 INFO run_pipeline - [process] 2026-06-03 13:58:16,746 INFO process_modis - Processing 5 granules with 5 workers
2026-06-03 13:58:16,973 INFO run_pipeline - [process] 2026-06-03 13:58:16,959 INFO process_modis - Processing granule MYD021KM.A2024166.0040.061.2024166170935.hdf timestamp=20240614T0040 matched_L2=MYD35_L2.A2024166.0040.061.2024166171029.hdf
2026-06-03 13:58:16,974 INFO run_pipeline - [process] 2026-06-03 13:58:16,973 INFO process_modis - Step: loading BT datasets for MYD021KM.A2024166.0040.061.2024166170935.hdf
2026-06-03 13:58:17,003 INFO run_pipeline - [process] 2026-06-03 13:58:17,003 INFO process_modis - Processing granule MYD021KM.A2024166.0215.061.2024166155527.hdf timestamp=20240614T0215 matched_L2=MYD35_L2.A2024166.0215.061.2024166155739.hdf
2026-06-03 13:58:17,003 INFO run_pipeline - [process] 2026-06-03 13:58:17,003 INFO process_modis - Step: loading BT datasets for MYD021KM.A2024166.0215.061.2024166155527.hdf
2026-06-03 13:58:17,016 INFO run_pipeline - [process] 2026-06-03 13:58:17,016 INFO process_modis - Processing granule MYD021KM.A2024166.1145.061.2024167150016.hdf timestamp=20240614T1145 matched_L2=MYD35_L2.A2024166.1145.061.2024167150201.hdf
2026-06-03 13:58:17,017 INFO run_pipeline - [process] 2026-06-03 13:58:17,017 INFO process_modis - Step: loading BT datasets for MYD021KM.A2024166.1145.061.2024167150016.hdf
2026-06-03 13:58:17,023 INFO run_pipeline - [process] 2026-06-03 13:58:17,022 INFO process_modis - Processing granule MYD021KM.A2024166.1320.061.2024167150909.hdf timestamp=20240614T1320 matched_L2=MYD35_L2.A2024166.1320.061.2024167151205.hdf
2026-06-03 13:58:17,023 INFO run_pipeline - [process] 2026-06-03 13:58:17,023 INFO process_modis - Step: loading BT datasets for MYD021KM.A2024166.1320.061.2024167150909.hdf
2026-06-03 13:58:17,034 INFO run_pipeline - [process] 2026-06-03 13:58:17,033 INFO process_modis - Processing granule MYD021KM.A2024166.1325.061.2024167151126.hdf timestamp=20240614T1325 matched_L2=MYD35_L2.A2024166.1325.061.2024167151349.hdf
2026-06-03 13:58:17,034 INFO run_pipeline - [process] 2026-06-03 13:58:17,034 INFO process_modis - Step: loading BT datasets for MYD021KM.A2024166.1325.061.2024167151126.hdf
2026-06-03 13:58:18,348 INFO run_pipeline - [process] 2026-06-03 13:58:18,347 INFO process_modis - Step: loaded BT datasets for MYD021KM.A2024166.0215.061.2024166155527.hdf: bt_ir_105,bt_wv_63
2026-06-03 13:58:18,437 INFO run_pipeline - [process] 2026-06-03 13:58:18,436 INFO process_modis - Step: loaded BT datasets for MYD021KM.A2024166.1320.061.2024167150909.hdf: bt_ir_105,bt_wv_63
2026-06-03 13:58:18,498 INFO run_pipeline - [process] 2026-06-03 13:58:18,498 INFO process_modis - Step: loaded BT datasets for MYD021KM.A2024166.0040.061.2024166170935.hdf: bt_ir_105,bt_wv_63
2026-06-03 13:58:18,532 INFO run_pipeline - [process] 2026-06-03 13:58:18,532 INFO process_modis - Step: loaded BT datasets for MYD021KM.A2024166.1325.061.2024167151126.hdf: bt_ir_105,bt_wv_63
2026-06-03 13:58:18,564 INFO run_pipeline - [process] 2026-06-03 13:58:18,564 INFO process_modis - Step: loaded BT datasets for MYD021KM.A2024166.1145.061.2024167150016.hdf: bt_ir_105,bt_wv_63
2026-06-03 14:01:43,983 INFO run_pipeline - [process] 2026-06-03 14:01:43,983 INFO process_modis - Step: keeping native L1 grid for ir_105
2026-06-03 14:01:44,349 INFO run_pipeline - [process] 2026-06-03 14:01:44,349 INFO process_modis - Step: keeping native L1 grid for wv_63
2026-06-03 14:01:44,905 INFO run_pipeline - [process] 2026-06-03 14:01:44,905 INFO process_modis - Step: loading/resampling cloud mask from MYD35_L2.A2024166.0215.061.2024166155739.hdf
2026-06-03 14:01:44,905 INFO run_pipeline - [process] 2026-06-03 14:01:44,905 INFO process_modis - Step: keeping native L1 grid for cloud mask
2026-06-03 14:01:44,910 INFO run_pipeline - [process] 2026-06-03 14:01:44,910 INFO process_modis - Step: prepared Dataset for MYD021KM.A2024166.0215.061.2024166155527.hdf with vars=bt_ir_105,bt_wv_63,cloud_mask coords=time,crs,latitude,longitude
2026-06-03 14:01:46,515 INFO run_pipeline - [process] 2026-06-03 14:01:46,515 INFO process_modis - Wrote /sat_data/modis/processed/2024/06/14/20240614T0215_modis_aqua_bt_ir_105_bt_wv_63_cloud_mask.nc
2026-06-03 14:02:23,831 INFO run_pipeline - [process] 2026-06-03 14:02:23,830 INFO process_modis - Step: keeping native L1 grid for ir_105
2026-06-03 14:02:24,142 INFO run_pipeline - [process] 2026-06-03 14:02:24,142 INFO process_modis - Step: keeping native L1 grid for wv_63
2026-06-03 14:02:24,785 INFO run_pipeline - [process] 2026-06-03 14:02:24,784 INFO process_modis - Step: loading/resampling cloud mask from MYD35_L2.A2024166.1320.061.2024167151205.hdf
2026-06-03 14:02:24,785 INFO run_pipeline - [process] 2026-06-03 14:02:24,785 INFO process_modis - Step: keeping native L1 grid for cloud mask
2026-06-03 14:02:24,794 INFO run_pipeline - [process] 2026-06-03 14:02:24,794 INFO process_modis - Step: prepared Dataset for MYD021KM.A2024166.1320.061.2024167150909.hdf with vars=bt_ir_105,bt_wv_63,cloud_mask coords=time,crs,latitude,longitude
2026-06-03 14:02:26,338 INFO run_pipeline - [process] 2026-06-03 14:02:26,338 INFO process_modis - Wrote /sat_data/modis/processed/2024/06/14/20240614T1320_modis_aqua_bt_ir_105_bt_wv_63_cloud_mask.nc
2026-06-03 14:02:31,140 INFO run_pipeline - [process] 2026-06-03 14:02:31,139 INFO process_modis - Step: keeping native L1 grid for ir_105
2026-06-03 14:02:31,433 INFO run_pipeline - [process] 2026-06-03 14:02:31,433 INFO process_modis - Step: keeping native L1 grid for wv_63
2026-06-03 14:02:31,880 INFO run_pipeline - [process] 2026-06-03 14:02:31,880 INFO process_modis - Step: loading/resampling cloud mask from MYD35_L2.A2024166.1145.061.2024167150201.hdf
2026-06-03 14:02:31,880 INFO run_pipeline - [process] 2026-06-03 14:02:31,880 INFO process_modis - Step: keeping native L1 grid for cloud mask
2026-06-03 14:02:31,885 INFO run_pipeline - [process] 2026-06-03 14:02:31,884 INFO process_modis - Step: prepared Dataset for MYD021KM.A2024166.1145.061.2024167150016.hdf with vars=bt_ir_105,bt_wv_63,cloud_mask coords=time,crs,latitude,longitude
2026-06-03 14:02:33,392 INFO run_pipeline - [process] 2026-06-03 14:02:33,392 INFO process_modis - Wrote /sat_data/modis/processed/2024/06/14/20240614T1145_modis_aqua_bt_ir_105_bt_wv_63_cloud_mask.nc
2026-06-03 14:02:34,047 INFO run_pipeline - [process] 2026-06-03 14:02:34,047 INFO process_modis - Step: keeping native L1 grid for ir_105
2026-06-03 14:02:34,372 INFO run_pipeline - [process] 2026-06-03 14:02:34,372 INFO process_modis - Step: keeping native L1 grid for wv_63
2026-06-03 14:02:34,592 INFO run_pipeline - [process] 2026-06-03 14:02:34,592 INFO process_modis - Step: keeping native L1 grid for ir_105
2026-06-03 14:02:34,828 INFO run_pipeline - [process] 2026-06-03 14:02:34,828 INFO process_modis - Step: keeping native L1 grid for wv_63
2026-06-03 14:02:35,025 INFO run_pipeline - [process] 2026-06-03 14:02:35,025 INFO process_modis - Step: loading/resampling cloud mask from MYD35_L2.A2024166.1325.061.2024167151349.hdf
2026-06-03 14:02:35,025 INFO run_pipeline - [process] 2026-06-03 14:02:35,025 INFO process_modis - Step: keeping native L1 grid for cloud mask
2026-06-03 14:02:35,029 INFO run_pipeline - [process] 2026-06-03 14:02:35,029 INFO process_modis - Step: prepared Dataset for MYD021KM.A2024166.1325.061.2024167151126.hdf with vars=bt_ir_105,bt_wv_63,cloud_mask coords=time,crs,latitude,longitude
2026-06-03 14:02:35,302 INFO run_pipeline - [process] 2026-06-03 14:02:35,302 INFO process_modis - Step: loading/resampling cloud mask from MYD35_L2.A2024166.0040.061.2024166171029.hdf
2026-06-03 14:02:35,302 INFO run_pipeline - [process] 2026-06-03 14:02:35,302 INFO process_modis - Step: keeping native L1 grid for cloud mask
2026-06-03 14:02:35,306 INFO run_pipeline - [process] 2026-06-03 14:02:35,306 INFO process_modis - Step: prepared Dataset for MYD021KM.A2024166.0040.061.2024166170935.hdf with vars=bt_ir_105,bt_wv_63,cloud_mask coords=time,crs,latitude,longitude
2026-06-03 14:02:36,994 INFO run_pipeline - [process] 2026-06-03 14:02:36,994 INFO process_modis - Wrote /sat_data/modis/processed/2024/06/14/20240614T1325_modis_aqua_bt_ir_105_bt_wv_63_cloud_mask.nc
2026-06-03 14:02:38,058 INFO run_pipeline - [process] 2026-06-03 14:02:38,058 INFO process_modis - Wrote /sat_data/modis/processed/2024/06/14/20240614T0040_modis_aqua_bt_ir_105_bt_wv_63_cloud_mask.nc
2026-06-03 14:02:38,234 INFO run_pipeline - [process] 2026-06-03 14:02:38,234 INFO process_modis - Processed 5 files for aqua in /sat_data/modis/raw/radiances/2024/06/14
2026-06-03 14:02:38,637 INFO run_pipeline - Finished process in 556.32s with return code 0
2026-06-03 14:02:38,637 INFO run_pipeline - Starting upload: /home/Daniele/miniforge3/envs/satpy/bin/python /home/Daniele/codes/MODIS-processing/scripts/2_upload_s3.py --config /home/Daniele/codes/MODIS-processing/config/pipeline_config.yaml --credentials /home/Daniele/codes/MODIS-processing/s3_credentials.py --date 2024-06-14 --log-level INFO --verify
2026-06-03 14:02:46,882 INFO run_pipeline - [upload] 2026-06-03 14:02:46,882 INFO upload_s3 - Uploaded 11 files
2026-06-03 14:02:47,126 INFO run_pipeline - Finished upload in 8.49s with return code 0
2026-06-03 14:02:47,126 INFO run_pipeline - Batch 2024-06-14 finished in download=28.19s process=556.32s upload=8.49s | L1=11 L2=11 processed=11 uploaded=11 errors=0 failed_stage=none
2026-06-03 14:02:47,126 INFO run_pipeline - === Batch 2024-06-15 ===
2026-06-03 14:02:47,126 INFO run_pipeline - Starting download: /home/Daniele/miniforge3/envs/satpy/bin/python /home/Daniele/codes/MODIS-processing/scripts/0_download_modis.py --config /home/Daniele/codes/MODIS-processing/config/pipeline_config.yaml --date 2024-06-15 --log-level INFO
2026-06-03 14:02:48,215 INFO run_pipeline - [download] 2026-06-03 14:02:48,214 INFO download_modis - Searching CMR for MOD021KM between 2024-06-15 00:00:00 and 2024-06-16 00:00:00
2026-06-03 14:02:48,588 INFO run_pipeline - [download] 2026-06-03 14:02:48,588 INFO download_modis - Downloading 4 granules with 6 workers for MOD021KM
2026-06-03 14:02:58,425 INFO run_pipeline - [download] 2026-06-03 14:02:58,425 INFO download_modis - Searching CMR for MOD35_L2 between 2024-06-15 00:00:00 and 2024-06-16 00:00:00
2026-06-03 14:02:58,719 INFO run_pipeline - [download] 2026-06-03 14:02:58,719 INFO download_modis - Downloading 4 granules with 6 workers for MOD35_L2
2026-06-03 14:03:02,841 INFO run_pipeline - [download] 2026-06-03 14:03:02,841 INFO download_modis - terra [2024-06-15 - 2024-06-16] L1 downloaded=4 skipped=4 | L2 downloaded=4 skipped=0
2026-06-03 14:03:02,841 INFO run_pipeline - [download] 2026-06-03 14:03:02,841 INFO download_modis - Searching CMR for MYD021KM between 2024-06-15 00:00:00 and 2024-06-16 00:00:00
2026-06-03 14:03:03,105 INFO run_pipeline - [download] 2026-06-03 14:03:03,105 INFO download_modis - Downloading 7 granules with 6 workers for MYD021KM
2026-06-03 14:03:16,453 INFO run_pipeline - [download] 2026-06-03 14:03:16,453 INFO download_modis - Searching CMR for MYD35_L2 between 2024-06-15 00:00:00 and 2024-06-16 00:00:00
2026-06-03 14:03:16,683 INFO run_pipeline - [download] 2026-06-03 14:03:16,682 INFO download_modis - Downloading 7 granules with 6 workers for MYD35_L2
2026-06-03 14:03:22,317 INFO run_pipeline - [download] 2026-06-03 14:03:22,316 INFO download_modis - aqua [2024-06-15 - 2024-06-16] L1 downloaded=7 skipped=7 | L2 downloaded=7 skipped=0
2026-06-03 14:03:22,525 INFO run_pipeline - Finished download in 35.40s with return code 0
2026-06-03 14:03:22,526 INFO run_pipeline - Starting process: /home/Daniele/miniforge3/envs/satpy/bin/python /home/Daniele/codes/MODIS-processing/scripts/1_process_modis.py --config /home/Daniele/codes/MODIS-processing/config/pipeline_config.yaml --date 2024-06-15 --log-level INFO
2026-06-03 14:03:23,620 INFO run_pipeline - [process] 2026-06-03 14:03:23,619 INFO process_modis - Day terra /sat_data/modis/raw/radiances/2024/06/15: found 4 L1 files and 4 L2 files (dir totals: 11 radiance, 11 cloud)
2026-06-03 14:03:23,620 INFO run_pipeline - [process] 2026-06-03 14:03:23,619 INFO process_modis - Processing 4 granules with 5 workers
2026-06-03 14:03:23,621 INFO run_pipeline - [process] 2026-06-03 14:03:23,620 INFO process_modis - Processing granule MOD021KM.A2024167.0915.061.2024167191443.hdf timestamp=20240615T0915 matched_L2=MOD35_L2.A2024167.0915.061.2024167191823.hdf
2026-06-03 14:03:23,621 INFO run_pipeline - [process] 2026-06-03 14:03:23,621 INFO process_modis - Step: loading BT datasets for MOD021KM.A2024167.0915.061.2024167191443.hdf
2026-06-03 14:03:23,621 INFO run_pipeline - [process] 2026-06-03 14:03:23,621 INFO process_modis - Processing granule MOD021KM.A2024167.0920.061.2024167191450.hdf timestamp=20240615T0920 matched_L2=MOD35_L2.A2024167.0920.061.2024167191737.hdf
2026-06-03 14:03:23,622 INFO run_pipeline - [process] 2026-06-03 14:03:23,621 INFO process_modis - Step: loading BT datasets for MOD021KM.A2024167.0920.061.2024167191450.hdf
2026-06-03 14:03:23,622 INFO run_pipeline - [process] 2026-06-03 14:03:23,622 INFO process_modis - Processing granule MOD021KM.A2024167.1055.061.2024167191458.hdf timestamp=20240615T1055 matched_L2=MOD35_L2.A2024167.1055.061.2024167191642.hdf
2026-06-03 14:03:23,622 INFO run_pipeline - [process] 2026-06-03 14:03:23,622 INFO process_modis - Step: loading BT datasets for MOD021KM.A2024167.1055.061.2024167191458.hdf
2026-06-03 14:03:23,623 INFO run_pipeline - [process] 2026-06-03 14:03:23,623 INFO process_modis - Processing granule MOD021KM.A2024167.2025.061.2024168073613.hdf timestamp=20240615T2025 matched_L2=MOD35_L2.A2024167.2025.061.2024168073729.hdf
2026-06-03 14:03:23,623 INFO run_pipeline - [process] 2026-06-03 14:03:23,623 INFO process_modis - Step: loading BT datasets for MOD021KM.A2024167.2025.061.2024168073613.hdf
2026-06-03 14:03:25,839 INFO run_pipeline - [process] 2026-06-03 14:03:25,838 INFO process_modis - Step: loaded BT datasets for MOD021KM.A2024167.0915.061.2024167191443.hdf: bt_ir_105,bt_wv_63
2026-06-03 14:03:25,894 INFO run_pipeline - [process] 2026-06-03 14:03:25,893 INFO process_modis - Step: loaded BT datasets for MOD021KM.A2024167.1055.061.2024167191458.hdf: bt_ir_105,bt_wv_63
2026-06-03 14:03:25,933 INFO run_pipeline - [process] 2026-06-03 14:03:25,933 INFO process_modis - Step: loaded BT datasets for MOD021KM.A2024167.2025.061.2024168073613.hdf: bt_ir_105,bt_wv_63
2026-06-03 14:03:26,051 INFO run_pipeline - [process] 2026-06-03 14:03:26,051 INFO process_modis - Step: loaded BT datasets for MOD021KM.A2024167.0920.061.2024167191450.hdf: bt_ir_105,bt_wv_63
2026-06-03 14:06:11,939 INFO run_pipeline - [process] 2026-06-03 14:06:11,937 INFO process_modis - Step: keeping native L1 grid for ir_105
2026-06-03 14:06:12,185 INFO run_pipeline - [process] 2026-06-03 14:06:12,185 INFO process_modis - Step: keeping native L1 grid for wv_63
2026-06-03 14:06:12,617 INFO run_pipeline - [process] 2026-06-03 14:06:12,616 INFO process_modis - Step: loading/resampling cloud mask from MOD35_L2.A2024167.0915.061.2024167191823.hdf
2026-06-03 14:06:12,617 INFO run_pipeline - [process] 2026-06-03 14:06:12,616 INFO process_modis - Step: keeping native L1 grid for cloud mask
2026-06-03 14:06:12,622 INFO run_pipeline - [process] 2026-06-03 14:06:12,622 INFO process_modis - Step: prepared Dataset for MOD021KM.A2024167.0915.061.2024167191443.hdf with vars=bt_ir_105,bt_wv_63,cloud_mask coords=time,crs,latitude,longitude
2026-06-03 14:06:14,104 INFO run_pipeline - [process] 2026-06-03 14:06:14,103 INFO process_modis - Wrote /sat_data/modis/processed/2024/06/15/20240615T0915_modis_terra_bt_ir_105_bt_wv_63_cloud_mask.nc
2026-06-03 14:06:28,792 INFO run_pipeline - [process] 2026-06-03 14:06:28,792 INFO process_modis - Step: keeping native L1 grid for ir_105
2026-06-03 14:06:29,060 INFO run_pipeline - [process] 2026-06-03 14:06:29,060 INFO process_modis - Step: keeping native L1 grid for wv_63
2026-06-03 14:06:29,491 INFO run_pipeline - [process] 2026-06-03 14:06:29,491 INFO process_modis - Step: loading/resampling cloud mask from MOD35_L2.A2024167.2025.061.2024168073729.hdf
2026-06-03 14:06:29,491 INFO run_pipeline - [process] 2026-06-03 14:06:29,491 INFO process_modis - Step: keeping native L1 grid for cloud mask
2026-06-03 14:06:29,496 INFO run_pipeline - [process] 2026-06-03 14:06:29,496 INFO process_modis - Step: prepared Dataset for MOD021KM.A2024167.2025.061.2024168073613.hdf with vars=bt_ir_105,bt_wv_63,cloud_mask coords=time,crs,latitude,longitude
2026-06-03 14:06:30,991 INFO run_pipeline - [process] 2026-06-03 14:06:30,990 INFO process_modis - Wrote /sat_data/modis/processed/2024/06/15/20240615T2025_modis_terra_bt_ir_105_bt_wv_63_cloud_mask.nc
2026-06-03 14:06:37,692 INFO run_pipeline - [process] 2026-06-03 14:06:37,692 INFO process_modis - Step: keeping native L1 grid for ir_105
2026-06-03 14:06:37,948 INFO run_pipeline - [process] 2026-06-03 14:06:37,948 INFO process_modis - Step: keeping native L1 grid for wv_63
2026-06-03 14:06:38,385 INFO run_pipeline - [process] 2026-06-03 14:06:38,385 INFO process_modis - Step: loading/resampling cloud mask from MOD35_L2.A2024167.1055.061.2024167191642.hdf
2026-06-03 14:06:38,385 INFO run_pipeline - [process] 2026-06-03 14:06:38,385 INFO process_modis - Step: keeping native L1 grid for cloud mask
2026-06-03 14:06:38,390 INFO run_pipeline - [process] 2026-06-03 14:06:38,389 INFO process_modis - Step: prepared Dataset for MOD021KM.A2024167.1055.061.2024167191458.hdf with vars=bt_ir_105,bt_wv_63,cloud_mask coords=time,crs,latitude,longitude
2026-06-03 14:06:39,862 INFO run_pipeline - [process] 2026-06-03 14:06:39,862 INFO process_modis - Wrote /sat_data/modis/processed/2024/06/15/20240615T1055_modis_terra_bt_ir_105_bt_wv_63_cloud_mask.nc
2026-06-03 14:06:40,784 INFO run_pipeline - [process] 2026-06-03 14:06:40,784 INFO process_modis - Step: keeping native L1 grid for ir_105
2026-06-03 14:06:41,031 INFO run_pipeline - [process] 2026-06-03 14:06:41,031 INFO process_modis - Step: keeping native L1 grid for wv_63
2026-06-03 14:06:41,530 INFO run_pipeline - [process] 2026-06-03 14:06:41,529 INFO process_modis - Step: loading/resampling cloud mask from MOD35_L2.A2024167.0920.061.2024167191737.hdf
2026-06-03 14:06:41,530 INFO run_pipeline - [process] 2026-06-03 14:06:41,529 INFO process_modis - Step: keeping native L1 grid for cloud mask
2026-06-03 14:06:41,533 INFO run_pipeline - [process] 2026-06-03 14:06:41,533 INFO process_modis - Step: prepared Dataset for MOD021KM.A2024167.0920.061.2024167191450.hdf with vars=bt_ir_105,bt_wv_63,cloud_mask coords=time,crs,latitude,longitude
2026-06-03 14:06:42,956 INFO run_pipeline - [process] 2026-06-03 14:06:42,955 INFO process_modis - Wrote /sat_data/modis/processed/2024/06/15/20240615T0920_modis_terra_bt_ir_105_bt_wv_63_cloud_mask.nc
2026-06-03 14:06:43,089 INFO run_pipeline - [process] 2026-06-03 14:06:43,089 INFO process_modis - Processed 4 files for terra in /sat_data/modis/raw/radiances/2024/06/15
2026-06-03 14:06:43,090 INFO run_pipeline - [process] 2026-06-03 14:06:43,090 INFO process_modis - Day aqua /sat_data/modis/raw/radiances/2024/06/15: found 7 L1 files and 7 L2 files (dir totals: 11 radiance, 11 cloud)
2026-06-03 14:06:43,090 INFO run_pipeline - [process] 2026-06-03 14:06:43,090 INFO process_modis - Processing 7 granules with 5 workers
2026-06-03 14:06:43,090 INFO run_pipeline - [process] 2026-06-03 14:06:43,090 INFO process_modis - Processing granule MYD021KM.A2024167.0115.061.2024167152147.hdf timestamp=20240615T0115 matched_L2=MYD35_L2.A2024167.0115.061.2024167152438.hdf
2026-06-03 14:06:43,090 INFO run_pipeline - [process] 2026-06-03 14:06:43,090 INFO process_modis - Step: loading BT datasets for MYD021KM.A2024167.0115.061.2024167152147.hdf
2026-06-03 14:06:43,091 INFO run_pipeline - [process] 2026-06-03 14:06:43,091 INFO process_modis - Processing granule MYD021KM.A2024167.0120.061.2024167152138.hdf timestamp=20240615T0120 matched_L2=MYD35_L2.A2024167.0120.061.2024167152241.hdf
2026-06-03 14:06:43,091 INFO run_pipeline - [process] 2026-06-03 14:06:43,091 INFO process_modis - Step: loading BT datasets for MYD021KM.A2024167.0120.061.2024167152138.hdf
2026-06-03 14:06:43,091 INFO run_pipeline - [process] 2026-06-03 14:06:43,091 INFO process_modis - Processing granule MYD021KM.A2024167.0255.061.2024167152233.hdf timestamp=20240615T0255 matched_L2=MYD35_L2.A2024167.0255.061.2024167152439.hdf
2026-06-03 14:06:43,092 INFO run_pipeline - [process] 2026-06-03 14:06:43,091 INFO process_modis - Step: loading BT datasets for MYD021KM.A2024167.0255.061.2024167152233.hdf
2026-06-03 14:06:43,102 INFO run_pipeline - [process] 2026-06-03 14:06:43,102 INFO process_modis - Processing granule MYD021KM.A2024167.0300.061.2024167152144.hdf timestamp=20240615T0300 matched_L2=MYD35_L2.A2024167.0300.061.2024167152239.hdf
2026-06-03 14:06:43,103 INFO run_pipeline - [process] 2026-06-03 14:06:43,102 INFO process_modis - Step: loading BT datasets for MYD021KM.A2024167.0300.061.2024167152144.hdf
2026-06-03 14:06:43,165 INFO run_pipeline - [process] 2026-06-03 14:06:43,165 INFO process_modis - Processing granule MYD021KM.A2024167.1225.061.2024168152125.hdf timestamp=20240615T1225 matched_L2=MYD35_L2.A2024167.1225.061.2024168152303.hdf
2026-06-03 14:06:43,165 INFO run_pipeline - [process] 2026-06-03 14:06:43,165 INFO process_modis - Step: loading BT datasets for MYD021KM.A2024167.1225.061.2024168152125.hdf
2026-06-03 14:06:44,308 INFO run_pipeline - [process] 2026-06-03 14:06:44,308 INFO process_modis - Step: loaded BT datasets for MYD021KM.A2024167.0115.061.2024167152147.hdf: bt_ir_105,bt_wv_63
2026-06-03 14:06:44,369 INFO run_pipeline - [process] 2026-06-03 14:06:44,369 INFO process_modis - Step: loaded BT datasets for MYD021KM.A2024167.1225.061.2024168152125.hdf: bt_ir_105,bt_wv_63
2026-06-03 14:06:44,380 INFO run_pipeline - [process] 2026-06-03 14:06:44,380 INFO process_modis - Step: loaded BT datasets for MYD021KM.A2024167.0120.061.2024167152138.hdf: bt_ir_105,bt_wv_63
2026-06-03 14:06:44,485 INFO run_pipeline - [process] 2026-06-03 14:06:44,484 INFO process_modis - Step: loaded BT datasets for MYD021KM.A2024167.0255.061.2024167152233.hdf: bt_ir_105,bt_wv_63
2026-06-03 14:06:44,528 INFO run_pipeline - [process] 2026-06-03 14:06:44,528 INFO process_modis - Step: loaded BT datasets for MYD021KM.A2024167.0300.061.2024167152144.hdf: bt_ir_105,bt_wv_63
2026-06-03 14:10:22,818 INFO run_pipeline - [process] 2026-06-03 14:10:22,818 INFO process_modis - Step: keeping native L1 grid for ir_105
2026-06-03 14:10:23,076 INFO run_pipeline - [process] 2026-06-03 14:10:23,075 INFO process_modis - Step: keeping native L1 grid for wv_63
2026-06-03 14:10:23,523 INFO run_pipeline - [process] 2026-06-03 14:10:23,523 INFO process_modis - Step: loading/resampling cloud mask from MYD35_L2.A2024167.0300.061.2024167152239.hdf
2026-06-03 14:10:23,524 INFO run_pipeline - [process] 2026-06-03 14:10:23,523 INFO process_modis - Step: keeping native L1 grid for cloud mask
2026-06-03 14:10:23,528 INFO run_pipeline - [process] 2026-06-03 14:10:23,528 INFO process_modis - Step: prepared Dataset for MYD021KM.A2024167.0300.061.2024167152144.hdf with vars=bt_ir_105,bt_wv_63,cloud_mask coords=time,crs,latitude,longitude
2026-06-03 14:10:25,180 INFO run_pipeline - [process] 2026-06-03 14:10:25,180 INFO process_modis - Wrote /sat_data/modis/processed/2024/06/15/20240615T0300_modis_aqua_bt_ir_105_bt_wv_63_cloud_mask.nc
2026-06-03 14:10:25,355 INFO run_pipeline - [process] 2026-06-03 14:10:25,354 INFO process_modis - Processing granule MYD021KM.A2024167.1230.061.2024168152137.hdf timestamp=20240615T1230 matched_L2=MYD35_L2.A2024167.1230.061.2024168152328.hdf
2026-06-03 14:10:25,355 INFO run_pipeline - [process] 2026-06-03 14:10:25,355 INFO process_modis - Step: loading BT datasets for MYD021KM.A2024167.1230.061.2024168152137.hdf
2026-06-03 14:10:25,969 INFO run_pipeline - [process] 2026-06-03 14:10:25,969 INFO process_modis - Step: loaded BT datasets for MYD021KM.A2024167.1230.061.2024168152137.hdf: bt_ir_105,bt_wv_63
2026-06-03 14:10:54,587 INFO run_pipeline - [process] 2026-06-03 14:10:54,586 INFO process_modis - Step: keeping native L1 grid for ir_105
2026-06-03 14:10:54,985 INFO run_pipeline - [process] 2026-06-03 14:10:54,985 INFO process_modis - Step: keeping native L1 grid for wv_63
2026-06-03 14:10:55,718 INFO run_pipeline - [process] 2026-06-03 14:10:55,718 INFO process_modis - Step: loading/resampling cloud mask from MYD35_L2.A2024167.0255.061.2024167152439.hdf
2026-06-03 14:10:55,718 INFO run_pipeline - [process] 2026-06-03 14:10:55,718 INFO process_modis - Step: keeping native L1 grid for cloud mask
2026-06-03 14:10:55,723 INFO run_pipeline - [process] 2026-06-03 14:10:55,723 INFO process_modis - Step: prepared Dataset for MYD021KM.A2024167.0255.061.2024167152233.hdf with vars=bt_ir_105,bt_wv_63,cloud_mask coords=time,crs,latitude,longitude
2026-06-03 14:10:56,450 INFO run_pipeline - [process] 2026-06-03 14:10:56,449 INFO process_modis - Step: keeping native L1 grid for ir_105
2026-06-03 14:10:57,024 INFO run_pipeline - [process] 2026-06-03 14:10:57,024 INFO process_modis - Step: keeping native L1 grid for wv_63
2026-06-03 14:10:57,632 INFO run_pipeline - [process] 2026-06-03 14:10:57,631 INFO process_modis - Step: loading/resampling cloud mask from MYD35_L2.A2024167.0120.061.2024167152241.hdf
2026-06-03 14:10:57,632 INFO run_pipeline - [process] 2026-06-03 14:10:57,632 INFO process_modis - Step: keeping native L1 grid for cloud mask
2026-06-03 14:10:57,636 INFO run_pipeline - [process] 2026-06-03 14:10:57,635 INFO process_modis - Step: prepared Dataset for MYD021KM.A2024167.0120.061.2024167152138.hdf with vars=bt_ir_105,bt_wv_63,cloud_mask coords=time,crs,latitude,longitude
2026-06-03 14:10:57,643 INFO run_pipeline - [process] 2026-06-03 14:10:57,642 INFO process_modis - Wrote /sat_data/modis/processed/2024/06/15/20240615T0255_modis_aqua_bt_ir_105_bt_wv_63_cloud_mask.nc
2026-06-03 14:10:57,846 INFO run_pipeline - [process] 2026-06-03 14:10:57,846 INFO process_modis - Processing granule MYD021KM.A2024167.1405.061.2024168151947.hdf timestamp=20240615T1405 matched_L2=MYD35_L2.A2024167.1405.061.2024168152141.hdf
2026-06-03 14:10:57,846 INFO run_pipeline - [process] 2026-06-03 14:10:57,846 INFO process_modis - Step: loading BT datasets for MYD021KM.A2024167.1405.061.2024168151947.hdf
2026-06-03 14:10:58,557 INFO run_pipeline - [process] 2026-06-03 14:10:58,557 INFO process_modis - Step: loaded BT datasets for MYD021KM.A2024167.1405.061.2024168151947.hdf: bt_ir_105,bt_wv_63
2026-06-03 14:10:59,474 INFO run_pipeline - [process] 2026-06-03 14:10:59,473 INFO process_modis - Wrote /sat_data/modis/processed/2024/06/15/20240615T0120_modis_aqua_bt_ir_105_bt_wv_63_cloud_mask.nc
2026-06-03 14:11:02,849 INFO run_pipeline - [process] 2026-06-03 14:11:02,848 INFO process_modis - Step: keeping native L1 grid for ir_105
2026-06-03 14:11:03,095 INFO run_pipeline - [process] 2026-06-03 14:11:03,094 INFO process_modis - Step: keeping native L1 grid for wv_63
2026-06-03 14:11:03,706 INFO run_pipeline - [process] 2026-06-03 14:11:03,705 INFO process_modis - Step: loading/resampling cloud mask from MYD35_L2.A2024167.1225.061.2024168152303.hdf
2026-06-03 14:11:03,706 INFO run_pipeline - [process] 2026-06-03 14:11:03,705 INFO process_modis - Step: keeping native L1 grid for cloud mask
2026-06-03 14:11:03,710 INFO run_pipeline - [process] 2026-06-03 14:11:03,710 INFO process_modis - Step: prepared Dataset for MYD021KM.A2024167.1225.061.2024168152125.hdf with vars=bt_ir_105,bt_wv_63,cloud_mask coords=time,crs,latitude,longitude
2026-06-03 14:11:05,393 INFO run_pipeline - [process] 2026-06-03 14:11:05,392 INFO process_modis - Wrote /sat_data/modis/processed/2024/06/15/20240615T1225_modis_aqua_bt_ir_105_bt_wv_63_cloud_mask.nc
2026-06-03 14:11:14,725 INFO run_pipeline - [process] 2026-06-03 14:11:14,725 INFO process_modis - Step: keeping native L1 grid for ir_105
2026-06-03 14:11:15,051 INFO run_pipeline - [process] 2026-06-03 14:11:15,051 INFO process_modis - Step: keeping native L1 grid for wv_63
2026-06-03 14:11:15,475 INFO run_pipeline - [process] 2026-06-03 14:11:15,475 INFO process_modis - Step: loading/resampling cloud mask from MYD35_L2.A2024167.0115.061.2024167152438.hdf
2026-06-03 14:11:15,475 INFO run_pipeline - [process] 2026-06-03 14:11:15,475 INFO process_modis - Step: keeping native L1 grid for cloud mask
2026-06-03 14:11:15,479 INFO run_pipeline - [process] 2026-06-03 14:11:15,479 INFO process_modis - Step: prepared Dataset for MYD021KM.A2024167.0115.061.2024167152147.hdf with vars=bt_ir_105,bt_wv_63,cloud_mask coords=time,crs,latitude,longitude
2026-06-03 14:11:16,940 INFO run_pipeline - [process] 2026-06-03 14:11:16,940 INFO process_modis - Wrote /sat_data/modis/processed/2024/06/15/20240615T0115_modis_aqua_bt_ir_105_bt_wv_63_cloud_mask.nc
2026-06-03 14:11:29,696 INFO run_pipeline - [process] 2026-06-03 14:11:29,696 INFO process_modis - Step: keeping native L1 grid for ir_105
2026-06-03 14:11:30,068 INFO run_pipeline - [process] 2026-06-03 14:11:30,068 INFO process_modis - Step: keeping native L1 grid for wv_63
2026-06-03 14:11:30,661 INFO run_pipeline - [process] 2026-06-03 14:11:30,661 INFO process_modis - Step: loading/resampling cloud mask from MYD35_L2.A2024167.1230.061.2024168152328.hdf
2026-06-03 14:11:30,662 INFO run_pipeline - [process] 2026-06-03 14:11:30,661 INFO process_modis - Step: keeping native L1 grid for cloud mask
2026-06-03 14:11:30,666 INFO run_pipeline - [process] 2026-06-03 14:11:30,666 INFO process_modis - Step: prepared Dataset for MYD021KM.A2024167.1230.061.2024168152137.hdf with vars=bt_ir_105,bt_wv_63,cloud_mask coords=time,crs,latitude,longitude
2026-06-03 14:11:32,209 INFO run_pipeline - [process] 2026-06-03 14:11:32,209 INFO process_modis - Wrote /sat_data/modis/processed/2024/06/15/20240615T1230_modis_aqua_bt_ir_105_bt_wv_63_cloud_mask.nc
2026-06-03 14:12:04,222 INFO run_pipeline - [process] 2026-06-03 14:12:04,222 INFO process_modis - Step: keeping native L1 grid for ir_105
2026-06-03 14:12:04,479 INFO run_pipeline - [process] 2026-06-03 14:12:04,479 INFO process_modis - Step: keeping native L1 grid for wv_63
2026-06-03 14:12:04,945 INFO run_pipeline - [process] 2026-06-03 14:12:04,945 INFO process_modis - Step: loading/resampling cloud mask from MYD35_L2.A2024167.1405.061.2024168152141.hdf
2026-06-03 14:12:04,946 INFO run_pipeline - [process] 2026-06-03 14:12:04,945 INFO process_modis - Step: keeping native L1 grid for cloud mask
2026-06-03 14:12:04,950 INFO run_pipeline - [process] 2026-06-03 14:12:04,950 INFO process_modis - Step: prepared Dataset for MYD021KM.A2024167.1405.061.2024168151947.hdf with vars=bt_ir_105,bt_wv_63,cloud_mask coords=time,crs,latitude,longitude
2026-06-03 14:12:06,422 INFO run_pipeline - [process] 2026-06-03 14:12:06,422 INFO process_modis - Wrote /sat_data/modis/processed/2024/06/15/20240615T1405_modis_aqua_bt_ir_105_bt_wv_63_cloud_mask.nc
2026-06-03 14:12:06,601 INFO run_pipeline - [process] 2026-06-03 14:12:06,600 INFO process_modis - Processed 7 files for aqua in /sat_data/modis/raw/radiances/2024/06/15
2026-06-03 14:12:06,987 INFO run_pipeline - Finished process in 524.46s with return code 0
2026-06-03 14:12:06,988 INFO run_pipeline - Starting upload: /home/Daniele/miniforge3/envs/satpy/bin/python /home/Daniele/codes/MODIS-processing/scripts/2_upload_s3.py --config /home/Daniele/codes/MODIS-processing/config/pipeline_config.yaml --credentials /home/Daniele/codes/MODIS-processing/s3_credentials.py --date 2024-06-15 --log-level INFO --verify
2026-06-03 14:12:17,581 INFO run_pipeline - [upload] 2026-06-03 14:12:17,580 INFO upload_s3 - Uploaded 11 files
2026-06-03 14:12:17,823 INFO run_pipeline - Finished upload in 10.84s with return code 0
2026-06-03 14:12:17,824 INFO run_pipeline - Batch 2024-06-15 finished in download=35.40s process=524.46s upload=10.84s | L1=11 L2=11 processed=11 uploaded=11 errors=0 failed_stage=none
2026-06-03 14:12:17,824 INFO run_pipeline - === Batch 2024-06-16 ===
2026-06-03 14:12:17,824 INFO run_pipeline - Starting download: /home/Daniele/miniforge3/envs/satpy/bin/python /home/Daniele/codes/MODIS-processing/scripts/0_download_modis.py --config /home/Daniele/codes/MODIS-processing/config/pipeline_config.yaml --date 2024-06-16 --log-level INFO
2026-06-03 14:12:18,904 INFO run_pipeline - [download] 2026-06-03 14:12:18,904 INFO download_modis - Searching CMR for MOD021KM between 2024-06-16 00:00:00 and 2024-06-17 00:00:00
2026-06-03 14:12:19,247 INFO run_pipeline - [download] 2026-06-03 14:12:19,246 INFO download_modis - Downloading 7 granules with 6 workers for MOD021KM
2026-06-03 14:12:30,856 INFO run_pipeline - [download] 2026-06-03 14:12:30,855 INFO download_modis - Searching CMR for MOD35_L2 between 2024-06-16 00:00:00 and 2024-06-17 00:00:00
2026-06-03 14:12:31,096 INFO run_pipeline - [download] 2026-06-03 14:12:31,096 INFO download_modis - Downloading 7 granules with 6 workers for MOD35_L2
2026-06-03 14:12:37,576 INFO run_pipeline - [download] 2026-06-03 14:12:37,576 INFO download_modis - terra [2024-06-16 - 2024-06-17] L1 downloaded=7 skipped=7 | L2 downloaded=7 skipped=0
2026-06-03 14:12:37,577 INFO run_pipeline - [download] 2026-06-03 14:12:37,576 INFO download_modis - Searching CMR for MYD021KM between 2024-06-16 00:00:00 and 2024-06-17 00:00:00
2026-06-03 14:12:37,850 INFO run_pipeline - [download] 2026-06-03 14:12:37,850 INFO download_modis - Downloading 6 granules with 6 workers for MYD021KM
2026-06-03 14:13:01,988 INFO run_pipeline - [download] 2026-06-03 14:13:01,988 INFO download_modis - Searching CMR for MYD35_L2 between 2024-06-16 00:00:00 and 2024-06-17 00:00:00
2026-06-03 14:13:02,282 INFO run_pipeline - [download] 2026-06-03 14:13:02,282 INFO download_modis - Downloading 6 granules with 6 workers for MYD35_L2
2026-06-03 14:13:05,848 INFO run_pipeline - [download] 2026-06-03 14:13:05,848 INFO download_modis - aqua [2024-06-16 - 2024-06-17] L1 downloaded=6 skipped=6 | L2 downloaded=6 skipped=0
2026-06-03 14:13:06,116 INFO run_pipeline - Finished download in 48.29s with return code 0
2026-06-03 14:13:06,117 INFO run_pipeline - Starting process: /home/Daniele/miniforge3/envs/satpy/bin/python /home/Daniele/codes/MODIS-processing/scripts/1_process_modis.py --config /home/Daniele/codes/MODIS-processing/config/pipeline_config.yaml --date 2024-06-16 --log-level INFO
2026-06-03 14:13:07,194 INFO run_pipeline - [process] 2026-06-03 14:13:07,194 INFO process_modis - Day terra /sat_data/modis/raw/radiances/2024/06/16: found 7 L1 files and 7 L2 files (dir totals: 13 radiance, 13 cloud)
2026-06-03 14:13:07,195 INFO run_pipeline - [process] 2026-06-03 14:13:07,194 INFO process_modis - Processing 7 granules with 5 workers
2026-06-03 14:13:07,195 INFO run_pipeline - [process] 2026-06-03 14:13:07,195 INFO process_modis - Processing granule MOD021KM.A2024168.0815.061.2024168191304.hdf timestamp=20240616T0815 matched_L2=MOD35_L2.A2024168.0815.061.2024168191435.hdf
2026-06-03 14:13:07,196 INFO run_pipeline - [process] 2026-06-03 14:13:07,195 INFO process_modis - Step: loading BT datasets for MOD021KM.A2024168.0815.061.2024168191304.hdf
2026-06-03 14:13:07,196 INFO run_pipeline - [process] 2026-06-03 14:13:07,196 INFO process_modis - Processing granule MOD021KM.A2024168.0820.061.2024168191301.hdf timestamp=20240616T0820 matched_L2=MOD35_L2.A2024168.0820.061.2024168191429.hdf
2026-06-03 14:13:07,197 INFO run_pipeline - [process] 2026-06-03 14:13:07,196 INFO process_modis - Step: loading BT datasets for MOD021KM.A2024168.0820.061.2024168191301.hdf
2026-06-03 14:13:07,197 INFO run_pipeline - [process] 2026-06-03 14:13:07,197 INFO process_modis - Processing granule MOD021KM.A2024168.0955.061.2024168191311.hdf timestamp=20240616T0955 matched_L2=MOD35_L2.A2024168.0955.061.2024168191440.hdf
2026-06-03 14:13:07,197 INFO run_pipeline - [process] 2026-06-03 14:13:07,197 INFO process_modis - Step: loading BT datasets for MOD021KM.A2024168.0955.061.2024168191311.hdf
2026-06-03 14:13:07,198 INFO run_pipeline - [process] 2026-06-03 14:13:07,198 INFO process_modis - Processing granule MOD021KM.A2024168.1000.061.2024168191249.hdf timestamp=20240616T1000 matched_L2=MOD35_L2.A2024168.1000.061.2024168191420.hdf
2026-06-03 14:13:07,198 INFO run_pipeline - [process] 2026-06-03 14:13:07,198 INFO process_modis - Step: loading BT datasets for MOD021KM.A2024168.1000.061.2024168191249.hdf
2026-06-03 14:13:07,198 INFO run_pipeline - [process] 2026-06-03 14:13:07,198 INFO process_modis - Processing granule MOD021KM.A2024168.1925.061.2024169073312.hdf timestamp=20240616T1925 matched_L2=MOD35_L2.A2024168.1925.061.2024169073410.hdf
2026-06-03 14:13:07,198 INFO run_pipeline - [process] 2026-06-03 14:13:07,198 INFO process_modis - Step: loading BT datasets for MOD021KM.A2024168.1925.061.2024169073312.hdf
2026-06-03 14:13:09,389 INFO run_pipeline - [process] 2026-06-03 14:13:09,389 INFO process_modis - Step: loaded BT datasets for MOD021KM.A2024168.0955.061.2024168191311.hdf: bt_ir_105,bt_wv_63
2026-06-03 14:13:09,420 INFO run_pipeline - [process] 2026-06-03 14:13:09,420 INFO process_modis - Step: loaded BT datasets for MOD021KM.A2024168.1925.061.2024169073312.hdf: bt_ir_105,bt_wv_63
2026-06-03 14:13:09,446 INFO run_pipeline - [process] 2026-06-03 14:13:09,446 INFO process_modis - Step: loaded BT datasets for MOD021KM.A2024168.1000.061.2024168191249.hdf: bt_ir_105,bt_wv_63
2026-06-03 14:13:09,491 INFO run_pipeline - [process] 2026-06-03 14:13:09,491 INFO process_modis - Step: loaded BT datasets for MOD021KM.A2024168.0815.061.2024168191304.hdf: bt_ir_105,bt_wv_63
2026-06-03 14:13:09,517 INFO run_pipeline - [process] 2026-06-03 14:13:09,517 INFO process_modis - Step: loaded BT datasets for MOD021KM.A2024168.0820.061.2024168191301.hdf: bt_ir_105,bt_wv_63
2026-06-03 14:16:19,017 INFO run_pipeline - [process] 2026-06-03 14:16:19,015 INFO process_modis - Step: keeping native L1 grid for ir_105
2026-06-03 14:16:19,265 INFO run_pipeline - [process] 2026-06-03 14:16:19,265 INFO process_modis - Step: keeping native L1 grid for wv_63
2026-06-03 14:16:19,708 INFO run_pipeline - [process] 2026-06-03 14:16:19,708 INFO process_modis - Step: loading/resampling cloud mask from MOD35_L2.A2024168.0955.061.2024168191440.hdf
2026-06-03 14:16:19,708 INFO run_pipeline - [process] 2026-06-03 14:16:19,708 INFO process_modis - Step: keeping native L1 grid for cloud mask
2026-06-03 14:16:19,714 INFO run_pipeline - [process] 2026-06-03 14:16:19,713 INFO process_modis - Step: prepared Dataset for MOD021KM.A2024168.0955.061.2024168191311.hdf with vars=bt_ir_105,bt_wv_63,cloud_mask coords=time,crs,latitude,longitude
2026-06-03 14:16:21,712 INFO run_pipeline - [process] 2026-06-03 14:16:21,712 INFO process_modis - Wrote /sat_data/modis/processed/2024/06/16/20240616T0955_modis_terra_bt_ir_105_bt_wv_63_cloud_mask.nc
2026-06-03 14:16:21,731 INFO run_pipeline - [process] 2026-06-03 14:16:21,731 INFO process_modis - Processing granule MOD021KM.A2024168.1930.061.2024169073352.hdf timestamp=20240616T1930 matched_L2=MOD35_L2.A2024168.1930.061.2024169073518.hdf
2026-06-03 14:16:21,732 INFO run_pipeline - [process] 2026-06-03 14:16:21,731 INFO process_modis - Step: loading BT datasets for MOD021KM.A2024168.1930.061.2024169073352.hdf
2026-06-03 14:16:22,272 INFO run_pipeline - [process] 2026-06-03 14:16:22,271 INFO process_modis - Step: loaded BT datasets for MOD021KM.A2024168.1930.061.2024169073352.hdf: bt_ir_105,bt_wv_63
2026-06-03 14:17:08,436 INFO run_pipeline - [process] 2026-06-03 14:17:08,436 INFO process_modis - Step: keeping native L1 grid for ir_105
2026-06-03 14:17:08,880 INFO run_pipeline - [process] 2026-06-03 14:17:08,879 INFO process_modis - Step: keeping native L1 grid for wv_63
2026-06-03 14:17:09,368 INFO run_pipeline - [process] 2026-06-03 14:17:09,367 INFO process_modis - Step: loading/resampling cloud mask from MOD35_L2.A2024168.0820.061.2024168191429.hdf
2026-06-03 14:17:09,368 INFO run_pipeline - [process] 2026-06-03 14:17:09,368 INFO process_modis - Step: keeping native L1 grid for cloud mask
2026-06-03 14:17:09,373 INFO run_pipeline - [process] 2026-06-03 14:17:09,373 INFO process_modis - Step: prepared Dataset for MOD021KM.A2024168.0820.061.2024168191301.hdf with vars=bt_ir_105,bt_wv_63,cloud_mask coords=time,crs,latitude,longitude
2026-06-03 14:17:11,426 INFO run_pipeline - [process] 2026-06-03 14:17:11,426 INFO process_modis - Wrote /sat_data/modis/processed/2024/06/16/20240616T0820_modis_terra_bt_ir_105_bt_wv_63_cloud_mask.nc
2026-06-03 14:17:11,608 INFO run_pipeline - [process] 2026-06-03 14:17:11,608 INFO process_modis - Processing granule MOD021KM.A2024168.2105.061.2024169073311.hdf timestamp=20240616T2105 matched_L2=MOD35_L2.A2024168.2105.061.2024169073413.hdf
2026-06-03 14:17:11,608 INFO run_pipeline - [process] 2026-06-03 14:17:11,608 INFO process_modis - Step: loading BT datasets for MOD021KM.A2024168.2105.061.2024169073311.hdf
2026-06-03 14:17:12,231 INFO run_pipeline - [process] 2026-06-03 14:17:12,231 INFO process_modis - Step: loaded BT datasets for MOD021KM.A2024168.2105.061.2024169073311.hdf: bt_ir_105,bt_wv_63
2026-06-03 14:17:13,061 INFO run_pipeline - [process] 2026-06-03 14:17:13,061 INFO process_modis - Step: keeping native L1 grid for ir_105
2026-06-03 14:17:13,347 INFO run_pipeline - [process] 2026-06-03 14:17:13,347 INFO process_modis - Step: keeping native L1 grid for wv_63
2026-06-03 14:17:13,913 INFO run_pipeline - [process] 2026-06-03 14:17:13,913 INFO process_modis - Step: loading/resampling cloud mask from MOD35_L2.A2024168.0815.061.2024168191435.hdf
2026-06-03 14:17:13,913 INFO run_pipeline - [process] 2026-06-03 14:17:13,913 INFO process_modis - Step: keeping native L1 grid for cloud mask
2026-06-03 14:17:13,918 INFO run_pipeline - [process] 2026-06-03 14:17:13,917 INFO process_modis - Step: prepared Dataset for MOD021KM.A2024168.0815.061.2024168191304.hdf with vars=bt_ir_105,bt_wv_63,cloud_mask coords=time,crs,latitude,longitude
2026-06-03 14:17:14,727 INFO run_pipeline - [process] 2026-06-03 14:17:14,726 INFO process_modis - Step: keeping native L1 grid for ir_105
2026-06-03 14:17:14,965 INFO run_pipeline - [process] 2026-06-03 14:17:14,964 INFO process_modis - Step: keeping native L1 grid for wv_63
2026-06-03 14:17:15,552 INFO run_pipeline - [process] 2026-06-03 14:17:15,552 INFO process_modis - Step: loading/resampling cloud mask from MOD35_L2.A2024168.1925.061.2024169073410.hdf
2026-06-03 14:17:15,552 INFO run_pipeline - [process] 2026-06-03 14:17:15,552 INFO process_modis - Step: keeping native L1 grid for cloud mask
2026-06-03 14:17:15,556 INFO run_pipeline - [process] 2026-06-03 14:17:15,556 INFO process_modis - Step: prepared Dataset for MOD021KM.A2024168.1925.061.2024169073312.hdf with vars=bt_ir_105,bt_wv_63,cloud_mask coords=time,crs,latitude,longitude
2026-06-03 14:17:15,698 INFO run_pipeline - [process] 2026-06-03 14:17:15,698 INFO process_modis - Wrote /sat_data/modis/processed/2024/06/16/20240616T0815_modis_terra_bt_ir_105_bt_wv_63_cloud_mask.nc
2026-06-03 14:17:17,410 INFO run_pipeline - [process] 2026-06-03 14:17:17,410 INFO process_modis - Wrote /sat_data/modis/processed/2024/06/16/20240616T1925_modis_terra_bt_ir_105_bt_wv_63_cloud_mask.nc
2026-06-03 14:17:18,681 INFO run_pipeline - [process] 2026-06-03 14:17:18,680 INFO process_modis - Step: keeping native L1 grid for ir_105
2026-06-03 14:17:19,074 INFO run_pipeline - [process] 2026-06-03 14:17:19,073 INFO process_modis - Step: keeping native L1 grid for wv_63
2026-06-03 14:17:19,601 INFO run_pipeline - [process] 2026-06-03 14:17:19,601 INFO process_modis - Step: loading/resampling cloud mask from MOD35_L2.A2024168.1000.061.2024168191420.hdf
2026-06-03 14:17:19,601 INFO run_pipeline - [process] 2026-06-03 14:17:19,601 INFO process_modis - Step: keeping native L1 grid for cloud mask
2026-06-03 14:17:19,605 INFO run_pipeline - [process] 2026-06-03 14:17:19,605 INFO process_modis - Step: prepared Dataset for MOD021KM.A2024168.1000.061.2024168191249.hdf with vars=bt_ir_105,bt_wv_63,cloud_mask coords=time,crs,latitude,longitude
2026-06-03 14:17:21,106 INFO run_pipeline - [process] 2026-06-03 14:17:21,105 INFO process_modis - Wrote /sat_data/modis/processed/2024/06/16/20240616T1000_modis_terra_bt_ir_105_bt_wv_63_cloud_mask.nc
2026-06-03 14:17:37,939 INFO run_pipeline - [process] 2026-06-03 14:17:37,939 INFO process_modis - Step: keeping native L1 grid for ir_105
2026-06-03 14:17:40,485 INFO run_pipeline - [process] 2026-06-03 14:17:40,485 INFO process_modis - Step: keeping native L1 grid for wv_63
2026-06-03 14:17:40,955 INFO run_pipeline - [process] 2026-06-03 14:17:40,955 INFO process_modis - Step: loading/resampling cloud mask from MOD35_L2.A2024168.1930.061.2024169073518.hdf
2026-06-03 14:17:40,955 INFO run_pipeline - [process] 2026-06-03 14:17:40,955 INFO process_modis - Step: keeping native L1 grid for cloud mask
2026-06-03 14:17:40,959 INFO run_pipeline - [process] 2026-06-03 14:17:40,959 INFO process_modis - Step: prepared Dataset for MOD021KM.A2024168.1930.061.2024169073352.hdf with vars=bt_ir_105,bt_wv_63,cloud_mask coords=time,crs,latitude,longitude
2026-06-03 14:17:42,439 INFO run_pipeline - [process] 2026-06-03 14:17:42,439 INFO process_modis - Wrote /sat_data/modis/processed/2024/06/16/20240616T1930_modis_terra_bt_ir_105_bt_wv_63_cloud_mask.nc
2026-06-03 14:18:08,543 INFO run_pipeline - [process] 2026-06-03 14:18:08,542 INFO process_modis - Step: keeping native L1 grid for ir_105
2026-06-03 14:18:08,800 INFO run_pipeline - [process] 2026-06-03 14:18:08,800 INFO process_modis - Step: keeping native L1 grid for wv_63
2026-06-03 14:18:09,259 INFO run_pipeline - [process] 2026-06-03 14:18:09,259 INFO process_modis - Step: loading/resampling cloud mask from MOD35_L2.A2024168.2105.061.2024169073413.hdf
2026-06-03 14:18:09,259 INFO run_pipeline - [process] 2026-06-03 14:18:09,259 INFO process_modis - Step: keeping native L1 grid for cloud mask
2026-06-03 14:18:09,267 INFO run_pipeline - [process] 2026-06-03 14:18:09,266 INFO process_modis - Step: prepared Dataset for MOD021KM.A2024168.2105.061.2024169073311.hdf with vars=bt_ir_105,bt_wv_63,cloud_mask coords=time,crs,latitude,longitude
2026-06-03 14:18:10,749 INFO run_pipeline - [process] 2026-06-03 14:18:10,749 INFO process_modis - Wrote /sat_data/modis/processed/2024/06/16/20240616T2105_modis_terra_bt_ir_105_bt_wv_63_cloud_mask.nc
2026-06-03 14:18:10,927 INFO run_pipeline - [process] 2026-06-03 14:18:10,927 INFO process_modis - Processed 7 files for terra in /sat_data/modis/raw/radiances/2024/06/16
2026-06-03 14:18:10,928 INFO run_pipeline - [process] 2026-06-03 14:18:10,928 INFO process_modis - Day aqua /sat_data/modis/raw/radiances/2024/06/16: found 6 L1 files and 6 L2 files (dir totals: 13 radiance, 13 cloud)
2026-06-03 14:18:10,928 INFO run_pipeline - [process] 2026-06-03 14:18:10,928 INFO process_modis - Processing 6 granules with 5 workers
2026-06-03 14:18:10,929 INFO run_pipeline - [process] 2026-06-03 14:18:10,929 INFO process_modis - Processing granule MYD021KM.A2024168.0155.061.2024168153612.hdf timestamp=20240616T0155 matched_L2=MYD35_L2.A2024168.0155.061.2024168153842.hdf
2026-06-03 14:18:10,929 INFO run_pipeline - [process] 2026-06-03 14:18:10,929 INFO process_modis - Step: loading BT datasets for MYD021KM.A2024168.0155.061.2024168153612.hdf
2026-06-03 14:18:10,929 INFO run_pipeline - [process] 2026-06-03 14:18:10,929 INFO process_modis - Processing granule MYD021KM.A2024168.0200.061.2024168153546.hdf timestamp=20240616T0200 matched_L2=MYD35_L2.A2024168.0200.061.2024168153655.hdf
2026-06-03 14:18:10,929 INFO run_pipeline - [process] 2026-06-03 14:18:10,929 INFO process_modis - Step: loading BT datasets for MYD021KM.A2024168.0200.061.2024168153546.hdf
2026-06-03 14:18:11,142 INFO run_pipeline - [process] 2026-06-03 14:18:11,142 INFO process_modis - Processing granule MYD021KM.A2024168.0335.061.2024168153626.hdf timestamp=20240616T0335 matched_L2=MYD35_L2.A2024168.0335.061.2024168153816.hdf
2026-06-03 14:18:11,142 INFO run_pipeline - [process] 2026-06-03 14:18:11,142 INFO process_modis - Step: loading BT datasets for MYD021KM.A2024168.0335.061.2024168153626.hdf
2026-06-03 14:18:11,163 INFO run_pipeline - [process] 2026-06-03 14:18:11,163 INFO process_modis - Processing granule MYD021KM.A2024168.1130.061.2024169145502.hdf timestamp=20240616T1130 matched_L2=MYD35_L2.A2024168.1130.061.2024169145634.hdf
2026-06-03 14:18:11,163 INFO run_pipeline - [process] 2026-06-03 14:18:11,163 INFO process_modis - Step: loading BT datasets for MYD021KM.A2024168.1130.061.2024169145502.hdf
2026-06-03 14:18:11,179 INFO run_pipeline - [process] 2026-06-03 14:18:11,179 INFO process_modis - Processing granule MYD021KM.A2024168.1305.061.2024169150400.hdf timestamp=20240616T1305 matched_L2=MYD35_L2.A2024168.1305.061.2024169150529.hdf
2026-06-03 14:18:11,179 INFO run_pipeline - [process] 2026-06-03 14:18:11,179 INFO process_modis - Step: loading BT datasets for MYD021KM.A2024168.1305.061.2024169150400.hdf
2026-06-03 14:18:12,410 INFO run_pipeline - [process] 2026-06-03 14:18:12,410 INFO process_modis - Step: loaded BT datasets for MYD021KM.A2024168.0155.061.2024168153612.hdf: bt_ir_105,bt_wv_63
2026-06-03 14:18:12,433 INFO run_pipeline - [process] 2026-06-03 14:18:12,433 INFO process_modis - Step: loaded BT datasets for MYD021KM.A2024168.0200.061.2024168153546.hdf: bt_ir_105,bt_wv_63
2026-06-03 14:18:12,514 INFO run_pipeline - [process] 2026-06-03 14:18:12,514 INFO process_modis - Step: loaded BT datasets for MYD021KM.A2024168.1305.061.2024169150400.hdf: bt_ir_105,bt_wv_63
2026-06-03 14:18:12,546 INFO run_pipeline - [process] 2026-06-03 14:18:12,546 INFO process_modis - Step: loaded BT datasets for MYD021KM.A2024168.0335.061.2024168153626.hdf: bt_ir_105,bt_wv_63
2026-06-03 14:18:12,633 INFO run_pipeline - [process] 2026-06-03 14:18:12,633 INFO process_modis - Step: loaded BT datasets for MYD021KM.A2024168.1130.061.2024169145502.hdf: bt_ir_105,bt_wv_63
2026-06-03 14:22:00,699 INFO run_pipeline - [process] 2026-06-03 14:22:00,698 INFO process_modis - Step: keeping native L1 grid for ir_105
2026-06-03 14:22:00,970 INFO run_pipeline - [process] 2026-06-03 14:22:00,970 INFO process_modis - Step: keeping native L1 grid for wv_63
2026-06-03 14:22:01,443 INFO run_pipeline - [process] 2026-06-03 14:22:01,443 INFO process_modis - Step: loading/resampling cloud mask from MYD35_L2.A2024168.0200.061.2024168153655.hdf
2026-06-03 14:22:01,444 INFO run_pipeline - [process] 2026-06-03 14:22:01,443 INFO process_modis - Step: keeping native L1 grid for cloud mask
2026-06-03 14:22:01,448 INFO run_pipeline - [process] 2026-06-03 14:22:01,448 INFO process_modis - Step: prepared Dataset for MYD021KM.A2024168.0200.061.2024168153546.hdf with vars=bt_ir_105,bt_wv_63,cloud_mask coords=time,crs,latitude,longitude
2026-06-03 14:22:03,088 INFO run_pipeline - [process] 2026-06-03 14:22:03,088 INFO process_modis - Wrote /sat_data/modis/processed/2024/06/16/20240616T0200_modis_aqua_bt_ir_105_bt_wv_63_cloud_mask.nc
2026-06-03 14:22:03,252 INFO run_pipeline - [process] 2026-06-03 14:22:03,252 INFO process_modis - Processing granule MYD021KM.A2024168.1310.061.2024169150919.hdf timestamp=20240616T1310 matched_L2=MYD35_L2.A2024168.1310.061.2024169151055.hdf
2026-06-03 14:22:03,252 INFO run_pipeline - [process] 2026-06-03 14:22:03,252 INFO process_modis - Step: loading BT datasets for MYD021KM.A2024168.1310.061.2024169150919.hdf
2026-06-03 14:22:03,839 INFO run_pipeline - [process] 2026-06-03 14:22:03,838 INFO process_modis - Step: loaded BT datasets for MYD021KM.A2024168.1310.061.2024169150919.hdf: bt_ir_105,bt_wv_63
2026-06-03 14:22:22,793 INFO run_pipeline - [process] 2026-06-03 14:22:22,793 INFO process_modis - Step: keeping native L1 grid for ir_105
2026-06-03 14:22:23,098 INFO run_pipeline - [process] 2026-06-03 14:22:23,098 INFO process_modis - Step: keeping native L1 grid for wv_63
2026-06-03 14:22:23,794 INFO run_pipeline - [process] 2026-06-03 14:22:23,794 INFO process_modis - Step: loading/resampling cloud mask from MYD35_L2.A2024168.0155.061.2024168153842.hdf
2026-06-03 14:22:23,794 INFO run_pipeline - [process] 2026-06-03 14:22:23,794 INFO process_modis - Step: keeping native L1 grid for cloud mask
2026-06-03 14:22:23,799 INFO run_pipeline - [process] 2026-06-03 14:22:23,799 INFO process_modis - Step: prepared Dataset for MYD021KM.A2024168.0155.061.2024168153612.hdf with vars=bt_ir_105,bt_wv_63,cloud_mask coords=time,crs,latitude,longitude
2026-06-03 14:22:25,551 INFO run_pipeline - [process] 2026-06-03 14:22:25,550 INFO process_modis - Wrote /sat_data/modis/processed/2024/06/16/20240616T0155_modis_aqua_bt_ir_105_bt_wv_63_cloud_mask.nc
2026-06-03 14:22:27,448 INFO run_pipeline - [process] 2026-06-03 14:22:27,447 INFO process_modis - Step: keeping native L1 grid for ir_105
2026-06-03 14:22:27,704 INFO run_pipeline - [process] 2026-06-03 14:22:27,704 INFO process_modis - Step: keeping native L1 grid for wv_63
2026-06-03 14:22:28,133 INFO run_pipeline - [process] 2026-06-03 14:22:28,132 INFO process_modis - Step: loading/resampling cloud mask from MYD35_L2.A2024168.1305.061.2024169150529.hdf
2026-06-03 14:22:28,133 INFO run_pipeline - [process] 2026-06-03 14:22:28,132 INFO process_modis - Step: keeping native L1 grid for cloud mask
2026-06-03 14:22:28,137 INFO run_pipeline - [process] 2026-06-03 14:22:28,137 INFO process_modis - Step: prepared Dataset for MYD021KM.A2024168.1305.061.2024169150400.hdf with vars=bt_ir_105,bt_wv_63,cloud_mask coords=time,crs,latitude,longitude
2026-06-03 14:22:29,622 INFO run_pipeline - [process] 2026-06-03 14:22:29,621 INFO process_modis - Wrote /sat_data/modis/processed/2024/06/16/20240616T1305_modis_aqua_bt_ir_105_bt_wv_63_cloud_mask.nc
2026-06-03 14:22:30,168 INFO run_pipeline - [process] 2026-06-03 14:22:30,168 INFO process_modis - Step: keeping native L1 grid for ir_105
2026-06-03 14:22:30,375 INFO run_pipeline - [process] 2026-06-03 14:22:30,375 INFO process_modis - Step: keeping native L1 grid for ir_105
2026-06-03 14:22:30,450 INFO run_pipeline - [process] 2026-06-03 14:22:30,450 INFO process_modis - Step: keeping native L1 grid for wv_63
2026-06-03 14:22:30,727 INFO run_pipeline - [process] 2026-06-03 14:22:30,726 INFO process_modis - Step: keeping native L1 grid for wv_63
2026-06-03 14:22:30,936 INFO run_pipeline - [process] 2026-06-03 14:22:30,935 INFO process_modis - Step: loading/resampling cloud mask from MYD35_L2.A2024168.0335.061.2024168153816.hdf
2026-06-03 14:22:30,936 INFO run_pipeline - [process] 2026-06-03 14:22:30,935 INFO process_modis - Step: keeping native L1 grid for cloud mask
2026-06-03 14:22:30,941 INFO run_pipeline - [process] 2026-06-03 14:22:30,941 INFO process_modis - Step: prepared Dataset for MYD021KM.A2024168.0335.061.2024168153626.hdf with vars=bt_ir_105,bt_wv_63,cloud_mask coords=time,crs,latitude,longitude
2026-06-03 14:22:31,285 INFO run_pipeline - [process] 2026-06-03 14:22:31,285 INFO process_modis - Step: loading/resampling cloud mask from MYD35_L2.A2024168.1130.061.2024169145634.hdf
2026-06-03 14:22:31,285 INFO run_pipeline - [process] 2026-06-03 14:22:31,285 INFO process_modis - Step: keeping native L1 grid for cloud mask
2026-06-03 14:22:31,290 INFO run_pipeline - [process] 2026-06-03 14:22:31,289 INFO process_modis - Step: prepared Dataset for MYD021KM.A2024168.1130.061.2024169145502.hdf with vars=bt_ir_105,bt_wv_63,cloud_mask coords=time,crs,latitude,longitude
2026-06-03 14:22:34,807 INFO run_pipeline - [process] 2026-06-03 14:22:34,807 INFO process_modis - Wrote /sat_data/modis/processed/2024/06/16/20240616T0335_modis_aqua_bt_ir_105_bt_wv_63_cloud_mask.nc
2026-06-03 14:22:35,887 INFO run_pipeline - [process] 2026-06-03 14:22:35,887 INFO process_modis - Wrote /sat_data/modis/processed/2024/06/16/20240616T1130_modis_aqua_bt_ir_105_bt_wv_63_cloud_mask.nc
2026-06-03 14:23:01,697 INFO run_pipeline - [process] 2026-06-03 14:23:01,696 INFO process_modis - Step: keeping native L1 grid for ir_105
2026-06-03 14:23:01,950 INFO run_pipeline - [process] 2026-06-03 14:23:01,949 INFO process_modis - Step: keeping native L1 grid for wv_63
2026-06-03 14:23:02,636 INFO run_pipeline - [process] 2026-06-03 14:23:02,636 INFO process_modis - Step: loading/resampling cloud mask from MYD35_L2.A2024168.1310.061.2024169151055.hdf
2026-06-03 14:23:02,636 INFO run_pipeline - [process] 2026-06-03 14:23:02,636 INFO process_modis - Step: keeping native L1 grid for cloud mask
2026-06-03 14:23:02,640 INFO run_pipeline - [process] 2026-06-03 14:23:02,640 INFO process_modis - Step: prepared Dataset for MYD021KM.A2024168.1310.061.2024169150919.hdf with vars=bt_ir_105,bt_wv_63,cloud_mask coords=time,crs,latitude,longitude
2026-06-03 14:23:04,113 INFO run_pipeline - [process] 2026-06-03 14:23:04,112 INFO process_modis - Wrote /sat_data/modis/processed/2024/06/16/20240616T1310_modis_aqua_bt_ir_105_bt_wv_63_cloud_mask.nc
2026-06-03 14:23:04,136 INFO run_pipeline - [process] 2026-06-03 14:23:04,136 INFO process_modis - Processed 6 files for aqua in /sat_data/modis/raw/radiances/2024/06/16
2026-06-03 14:23:04,671 INFO run_pipeline - Finished process in 598.55s with return code 0
2026-06-03 14:23:04,671 INFO run_pipeline - Starting upload: /home/Daniele/miniforge3/envs/satpy/bin/python /home/Daniele/codes/MODIS-processing/scripts/2_upload_s3.py --config /home/Daniele/codes/MODIS-processing/config/pipeline_config.yaml --credentials /home/Daniele/codes/MODIS-processing/s3_credentials.py --date 2024-06-16 --log-level INFO --verify
2026-06-03 14:23:12,587 INFO run_pipeline - [upload] 2026-06-03 14:23:12,587 INFO upload_s3 - Uploaded 13 files
2026-06-03 14:23:12,843 INFO run_pipeline - Finished upload in 8.17s with return code 0
2026-06-03 14:23:12,843 INFO run_pipeline - Batch 2024-06-16 finished in download=48.29s process=598.55s upload=8.17s | L1=13 L2=13 processed=13 uploaded=13 errors=0 failed_stage=none
2026-06-03 14:23:12,843 INFO run_pipeline - === Batch 2024-06-17 ===
2026-06-03 14:23:12,844 INFO run_pipeline - Starting download: /home/Daniele/miniforge3/envs/satpy/bin/python /home/Daniele/codes/MODIS-processing/scripts/0_download_modis.py --config /home/Daniele/codes/MODIS-processing/config/pipeline_config.yaml --date 2024-06-17 --log-level INFO
2026-06-03 14:23:13,924 INFO run_pipeline - [download] 2026-06-03 14:23:13,924 INFO download_modis - Searching CMR for MOD021KM between 2024-06-17 00:00:00 and 2024-06-18 00:00:00
2026-06-03 14:23:14,309 INFO run_pipeline - [download] 2026-06-03 14:23:14,308 INFO download_modis - Downloading 6 granules with 6 workers for MOD021KM
2026-06-03 14:23:23,904 INFO run_pipeline - [download] 2026-06-03 14:23:23,904 INFO download_modis - Searching CMR for MOD35_L2 between 2024-06-17 00:00:00 and 2024-06-18 00:00:00
2026-06-03 14:23:24,143 INFO run_pipeline - [download] 2026-06-03 14:23:24,142 INFO download_modis - Downloading 6 granules with 6 workers for MOD35_L2
2026-06-03 14:23:28,038 INFO run_pipeline - [download] 2026-06-03 14:23:28,037 INFO download_modis - terra [2024-06-17 - 2024-06-18] L1 downloaded=6 skipped=6 | L2 downloaded=6 skipped=0
2026-06-03 14:23:28,038 INFO run_pipeline - [download] 2026-06-03 14:23:28,037 INFO download_modis - Searching CMR for MYD021KM between 2024-06-17 00:00:00 and 2024-06-18 00:00:00
2026-06-03 14:23:28,299 INFO run_pipeline - [download] 2026-06-03 14:23:28,299 INFO download_modis - Downloading 6 granules with 6 workers for MYD021KM
2026-06-03 14:23:38,535 INFO run_pipeline - [download] 2026-06-03 14:23:38,535 INFO download_modis - Searching CMR for MYD35_L2 between 2024-06-17 00:00:00 and 2024-06-18 00:00:00
2026-06-03 14:23:38,806 INFO run_pipeline - [download] 2026-06-03 14:23:38,806 INFO download_modis - Downloading 6 granules with 6 workers for MYD35_L2
2026-06-03 14:23:42,576 INFO run_pipeline - [download] 2026-06-03 14:23:42,576 INFO download_modis - aqua [2024-06-17 - 2024-06-18] L1 downloaded=6 skipped=6 | L2 downloaded=6 skipped=0
2026-06-03 14:23:42,786 INFO run_pipeline - Finished download in 29.94s with return code 0
2026-06-03 14:23:42,786 INFO run_pipeline - Starting process: /home/Daniele/miniforge3/envs/satpy/bin/python /home/Daniele/codes/MODIS-processing/scripts/1_process_modis.py --config /home/Daniele/codes/MODIS-processing/config/pipeline_config.yaml --date 2024-06-17 --log-level INFO
2026-06-03 14:23:43,865 INFO run_pipeline - [process] 2026-06-03 14:23:43,865 INFO process_modis - Day terra /sat_data/modis/raw/radiances/2024/06/17: found 6 L1 files and 6 L2 files (dir totals: 12 radiance, 12 cloud)
2026-06-03 14:23:43,865 INFO run_pipeline - [process] 2026-06-03 14:23:43,865 INFO process_modis - Processing 6 granules with 5 workers
2026-06-03 14:23:43,866 INFO run_pipeline - [process] 2026-06-03 14:23:43,866 INFO process_modis - Processing granule MOD021KM.A2024169.0900.061.2024169191451.hdf timestamp=20240617T0900 matched_L2=MOD35_L2.A2024169.0900.061.2024169191640.hdf
2026-06-03 14:23:43,867 INFO run_pipeline - [process] 2026-06-03 14:23:43,866 INFO process_modis - Step: loading BT datasets for MOD021KM.A2024169.0900.061.2024169191451.hdf
2026-06-03 14:23:43,868 INFO run_pipeline - [process] 2026-06-03 14:23:43,867 INFO process_modis - Processing granule MOD021KM.A2024169.1035.061.2024169191449.hdf timestamp=20240617T1035 matched_L2=MOD35_L2.A2024169.1035.061.2024169191615.hdf
2026-06-03 14:23:43,868 INFO run_pipeline - [process] 2026-06-03 14:23:43,867 INFO process_modis - Step: loading BT datasets for MOD021KM.A2024169.1035.061.2024169191449.hdf
2026-06-03 14:23:43,869 INFO run_pipeline - [process] 2026-06-03 14:23:43,869 INFO process_modis - Processing granule MOD021KM.A2024169.1040.061.2024169191441.hdf timestamp=20240617T1040 matched_L2=MOD35_L2.A2024169.1040.061.2024169191629.hdf
2026-06-03 14:23:43,869 INFO run_pipeline - [process] 2026-06-03 14:23:43,869 INFO process_modis - Step: loading BT datasets for MOD021KM.A2024169.1040.061.2024169191441.hdf
2026-06-03 14:23:43,872 INFO run_pipeline - [process] 2026-06-03 14:23:43,872 INFO process_modis - Processing granule MOD021KM.A2024169.2005.061.2024170073630.hdf timestamp=20240617T2005 matched_L2=MOD35_L2.A2024169.2005.061.2024170073721.hdf
2026-06-03 14:23:43,872 INFO run_pipeline - [process] 2026-06-03 14:23:43,872 INFO process_modis - Step: loading BT datasets for MOD021KM.A2024169.2005.061.2024170073630.hdf
2026-06-03 14:23:43,872 INFO run_pipeline - [process] 2026-06-03 14:23:43,872 INFO process_modis - Processing granule MOD021KM.A2024169.2010.061.2024170073648.hdf timestamp=20240617T2010 matched_L2=MOD35_L2.A2024169.2010.061.2024170073818.hdf
2026-06-03 14:23:43,873 INFO run_pipeline - [process] 2026-06-03 14:23:43,872 INFO process_modis - Step: loading BT datasets for MOD021KM.A2024169.2010.061.2024170073648.hdf
2026-06-03 14:23:46,064 INFO run_pipeline - [process] 2026-06-03 14:23:46,064 INFO process_modis - Step: loaded BT datasets for MOD021KM.A2024169.1035.061.2024169191449.hdf: bt_ir_105,bt_wv_63
2026-06-03 14:23:46,093 INFO run_pipeline - [process] 2026-06-03 14:23:46,093 INFO process_modis - Step: loaded BT datasets for MOD021KM.A2024169.0900.061.2024169191451.hdf: bt_ir_105,bt_wv_63
2026-06-03 14:23:46,134 INFO run_pipeline - [process] 2026-06-03 14:23:46,134 INFO process_modis - Step: loaded BT datasets for MOD021KM.A2024169.1040.061.2024169191441.hdf: bt_ir_105,bt_wv_63
2026-06-03 14:23:46,160 INFO run_pipeline - [process] 2026-06-03 14:23:46,160 INFO process_modis - Step: loaded BT datasets for MOD021KM.A2024169.2010.061.2024170073648.hdf: bt_ir_105,bt_wv_63
2026-06-03 14:23:46,217 INFO run_pipeline - [process] 2026-06-03 14:23:46,217 INFO process_modis - Step: loaded BT datasets for MOD021KM.A2024169.2005.061.2024170073630.hdf: bt_ir_105,bt_wv_63
2026-06-03 14:27:59,434 INFO run_pipeline - [process] 2026-06-03 14:27:59,432 INFO process_modis - Step: keeping native L1 grid for ir_105
2026-06-03 14:27:59,682 INFO run_pipeline - [process] 2026-06-03 14:27:59,682 INFO process_modis - Step: keeping native L1 grid for wv_63
2026-06-03 14:28:00,115 INFO run_pipeline - [process] 2026-06-03 14:28:00,115 INFO process_modis - Step: loading/resampling cloud mask from MOD35_L2.A2024169.2005.061.2024170073721.hdf
2026-06-03 14:28:00,115 INFO run_pipeline - [process] 2026-06-03 14:28:00,115 INFO process_modis - Step: keeping native L1 grid for cloud mask
2026-06-03 14:28:00,120 INFO run_pipeline - [process] 2026-06-03 14:28:00,120 INFO process_modis - Step: prepared Dataset for MOD021KM.A2024169.2005.061.2024170073630.hdf with vars=bt_ir_105,bt_wv_63,cloud_mask coords=time,crs,latitude,longitude
2026-06-03 14:28:01,463 INFO run_pipeline - [process] 2026-06-03 14:28:01,463 INFO process_modis - Step: keeping native L1 grid for ir_105
2026-06-03 14:28:01,659 INFO run_pipeline - [process] 2026-06-03 14:28:01,658 INFO process_modis - Wrote /sat_data/modis/processed/2024/06/17/20240617T2005_modis_terra_bt_ir_105_bt_wv_63_cloud_mask.nc
2026-06-03 14:28:01,797 INFO run_pipeline - [process] 2026-06-03 14:28:01,797 INFO process_modis - Processing granule MOD021KM.A2024169.2145.061.2024170073630.hdf timestamp=20240617T2145 matched_L2=MOD35_L2.A2024169.2145.061.2024170073725.hdf
2026-06-03 14:28:01,798 INFO run_pipeline - [process] 2026-06-03 14:28:01,797 INFO process_modis - Step: loading BT datasets for MOD021KM.A2024169.2145.061.2024170073630.hdf
2026-06-03 14:28:01,865 INFO run_pipeline - [process] 2026-06-03 14:28:01,865 INFO process_modis - Step: keeping native L1 grid for wv_63
2026-06-03 14:28:02,537 INFO run_pipeline - [process] 2026-06-03 14:28:02,537 INFO process_modis - Step: loaded BT datasets for MOD021KM.A2024169.2145.061.2024170073630.hdf: bt_ir_105,bt_wv_63
2026-06-03 14:28:02,559 INFO run_pipeline - [process] 2026-06-03 14:28:02,558 INFO process_modis - Step: loading/resampling cloud mask from MOD35_L2.A2024169.1040.061.2024169191629.hdf
2026-06-03 14:28:02,559 INFO run_pipeline - [process] 2026-06-03 14:28:02,558 INFO process_modis - Step: keeping native L1 grid for cloud mask
2026-06-03 14:28:02,563 INFO run_pipeline - [process] 2026-06-03 14:28:02,563 INFO process_modis - Step: prepared Dataset for MOD021KM.A2024169.1040.061.2024169191441.hdf with vars=bt_ir_105,bt_wv_63,cloud_mask coords=time,crs,latitude,longitude
2026-06-03 14:28:04,249 INFO run_pipeline - [process] 2026-06-03 14:28:04,248 INFO process_modis - Wrote /sat_data/modis/processed/2024/06/17/20240617T1040_modis_terra_bt_ir_105_bt_wv_63_cloud_mask.nc
2026-06-03 14:28:06,619 INFO run_pipeline - [process] 2026-06-03 14:28:06,618 INFO process_modis - Step: keeping native L1 grid for ir_105
2026-06-03 14:28:06,904 INFO run_pipeline - [process] 2026-06-03 14:28:06,904 INFO process_modis - Step: keeping native L1 grid for wv_63
2026-06-03 14:28:07,397 INFO run_pipeline - [process] 2026-06-03 14:28:07,396 INFO process_modis - Step: loading/resampling cloud mask from MOD35_L2.A2024169.2010.061.2024170073818.hdf
2026-06-03 14:28:07,397 INFO run_pipeline - [process] 2026-06-03 14:28:07,396 INFO process_modis - Step: keeping native L1 grid for cloud mask
2026-06-03 14:28:07,401 INFO run_pipeline - [process] 2026-06-03 14:28:07,401 INFO process_modis - Step: prepared Dataset for MOD021KM.A2024169.2010.061.2024170073648.hdf with vars=bt_ir_105,bt_wv_63,cloud_mask coords=time,crs,latitude,longitude
2026-06-03 14:28:08,946 INFO run_pipeline - [process] 2026-06-03 14:28:08,946 INFO process_modis - Wrote /sat_data/modis/processed/2024/06/17/20240617T2010_modis_terra_bt_ir_105_bt_wv_63_cloud_mask.nc
2026-06-03 14:28:13,388 INFO run_pipeline - [process] 2026-06-03 14:28:13,388 INFO process_modis - Step: keeping native L1 grid for ir_105
2026-06-03 14:28:13,643 INFO run_pipeline - [process] 2026-06-03 14:28:13,642 INFO process_modis - Step: keeping native L1 grid for wv_63
2026-06-03 14:28:14,062 INFO run_pipeline - [process] 2026-06-03 14:28:14,062 INFO process_modis - Step: loading/resampling cloud mask from MOD35_L2.A2024169.0900.061.2024169191640.hdf
2026-06-03 14:28:14,062 INFO run_pipeline - [process] 2026-06-03 14:28:14,062 INFO process_modis - Step: keeping native L1 grid for cloud mask
2026-06-03 14:28:14,066 INFO run_pipeline - [process] 2026-06-03 14:28:14,066 INFO process_modis - Step: prepared Dataset for MOD021KM.A2024169.0900.061.2024169191451.hdf with vars=bt_ir_105,bt_wv_63,cloud_mask coords=time,crs,latitude,longitude
2026-06-03 14:28:15,530 INFO run_pipeline - [process] 2026-06-03 14:28:15,529 INFO process_modis - Wrote /sat_data/modis/processed/2024/06/17/20240617T0900_modis_terra_bt_ir_105_bt_wv_63_cloud_mask.nc
2026-06-03 14:28:15,900 INFO run_pipeline - [process] 2026-06-03 14:28:15,900 INFO process_modis - Step: keeping native L1 grid for ir_105
2026-06-03 14:28:16,150 INFO run_pipeline - [process] 2026-06-03 14:28:16,149 INFO process_modis - Step: keeping native L1 grid for wv_63
2026-06-03 14:28:16,670 INFO run_pipeline - [process] 2026-06-03 14:28:16,670 INFO process_modis - Step: loading/resampling cloud mask from MOD35_L2.A2024169.1035.061.2024169191615.hdf
2026-06-03 14:28:16,671 INFO run_pipeline - [process] 2026-06-03 14:28:16,670 INFO process_modis - Step: keeping native L1 grid for cloud mask
2026-06-03 14:28:16,675 INFO run_pipeline - [process] 2026-06-03 14:28:16,675 INFO process_modis - Step: prepared Dataset for MOD021KM.A2024169.1035.061.2024169191449.hdf with vars=bt_ir_105,bt_wv_63,cloud_mask coords=time,crs,latitude,longitude
2026-06-03 14:28:18,549 INFO run_pipeline - [process] 2026-06-03 14:28:18,548 INFO process_modis - Wrote /sat_data/modis/processed/2024/06/17/20240617T1035_modis_terra_bt_ir_105_bt_wv_63_cloud_mask.nc
2026-06-03 14:29:01,236 INFO run_pipeline - [process] 2026-06-03 14:29:01,236 INFO process_modis - Step: keeping native L1 grid for ir_105
2026-06-03 14:29:01,489 INFO run_pipeline - [process] 2026-06-03 14:29:01,488 INFO process_modis - Step: keeping native L1 grid for wv_63
2026-06-03 14:29:01,927 INFO run_pipeline - [process] 2026-06-03 14:29:01,927 INFO process_modis - Step: loading/resampling cloud mask from MOD35_L2.A2024169.2145.061.2024170073725.hdf
2026-06-03 14:29:01,927 INFO run_pipeline - [process] 2026-06-03 14:29:01,927 INFO process_modis - Step: keeping native L1 grid for cloud mask
2026-06-03 14:29:01,931 INFO run_pipeline - [process] 2026-06-03 14:29:01,931 INFO process_modis - Step: prepared Dataset for MOD021KM.A2024169.2145.061.2024170073630.hdf with vars=bt_ir_105,bt_wv_63,cloud_mask coords=time,crs,latitude,longitude
2026-06-03 14:29:03,390 INFO run_pipeline - [process] 2026-06-03 14:29:03,389 INFO process_modis - Wrote /sat_data/modis/processed/2024/06/17/20240617T2145_modis_terra_bt_ir_105_bt_wv_63_cloud_mask.nc
2026-06-03 14:29:03,565 INFO run_pipeline - [process] 2026-06-03 14:29:03,565 INFO process_modis - Processed 6 files for terra in /sat_data/modis/raw/radiances/2024/06/17
2026-06-03 14:29:03,566 INFO run_pipeline - [process] 2026-06-03 14:29:03,566 INFO process_modis - Day aqua /sat_data/modis/raw/radiances/2024/06/17: found 6 L1 files and 6 L2 files (dir totals: 12 radiance, 12 cloud)
2026-06-03 14:29:03,566 INFO run_pipeline - [process] 2026-06-03 14:29:03,566 INFO process_modis - Processing 6 granules with 5 workers
2026-06-03 14:29:03,567 INFO run_pipeline - [process] 2026-06-03 14:29:03,567 INFO process_modis - Processing granule MYD021KM.A2024169.0100.061.2024169151313.hdf timestamp=20240617T0100 matched_L2=MYD35_L2.A2024169.0100.061.2024169151431.hdf
2026-06-03 14:29:03,567 INFO run_pipeline - [process] 2026-06-03 14:29:03,567 INFO process_modis - Step: loading BT datasets for MYD021KM.A2024169.0100.061.2024169151313.hdf
2026-06-03 14:29:03,568 INFO run_pipeline - [process] 2026-06-03 14:29:03,568 INFO process_modis - Processing granule MYD021KM.A2024169.0105.061.2024169151300.hdf timestamp=20240617T0105 matched_L2=MYD35_L2.A2024169.0105.061.2024169151351.hdf
2026-06-03 14:29:03,568 INFO run_pipeline - [process] 2026-06-03 14:29:03,568 INFO process_modis - Step: loading BT datasets for MYD021KM.A2024169.0105.061.2024169151300.hdf
2026-06-03 14:29:03,579 INFO run_pipeline - [process] 2026-06-03 14:29:03,579 INFO process_modis - Processing granule MYD021KM.A2024169.0240.061.2024169151252.hdf timestamp=20240617T0240 matched_L2=MYD35_L2.A2024169.0240.061.2024169151350.hdf
2026-06-03 14:29:03,579 INFO run_pipeline - [process] 2026-06-03 14:29:03,579 INFO process_modis - Step: loading BT datasets for MYD021KM.A2024169.0240.061.2024169151252.hdf
2026-06-03 14:29:03,605 INFO run_pipeline - [process] 2026-06-03 14:29:03,605 INFO process_modis - Processing granule MYD021KM.A2024169.1210.061.2024170153353.hdf timestamp=20240617T1210 matched_L2=MYD35_L2.A2024169.1210.061.2024170153644.hdf
2026-06-03 14:29:03,606 INFO run_pipeline - [process] 2026-06-03 14:29:03,605 INFO process_modis - Step: loading BT datasets for MYD021KM.A2024169.1210.061.2024170153353.hdf
2026-06-03 14:29:03,678 INFO run_pipeline - [process] 2026-06-03 14:29:03,678 INFO process_modis - Processing granule MYD021KM.A2024169.1345.061.2024170154620.hdf timestamp=20240617T1345 matched_L2=MYD35_L2.A2024169.1345.061.2024170154847.hdf
2026-06-03 14:29:03,678 INFO run_pipeline - [process] 2026-06-03 14:29:03,678 INFO process_modis - Step: loading BT datasets for MYD021KM.A2024169.1345.061.2024170154620.hdf
2026-06-03 14:29:04,845 INFO run_pipeline - [process] 2026-06-03 14:29:04,844 INFO process_modis - Step: loaded BT datasets for MYD021KM.A2024169.0105.061.2024169151300.hdf: bt_ir_105,bt_wv_63
2026-06-03 14:29:04,896 INFO run_pipeline - [process] 2026-06-03 14:29:04,895 INFO process_modis - Step: loaded BT datasets for MYD021KM.A2024169.0240.061.2024169151252.hdf: bt_ir_105,bt_wv_63
2026-06-03 14:29:04,993 INFO run_pipeline - [process] 2026-06-03 14:29:04,993 INFO process_modis - Step: loaded BT datasets for MYD021KM.A2024169.1210.061.2024170153353.hdf: bt_ir_105,bt_wv_63
2026-06-03 14:29:05,045 INFO run_pipeline - [process] 2026-06-03 14:29:05,044 INFO process_modis - Step: loaded BT datasets for MYD021KM.A2024169.0100.061.2024169151313.hdf: bt_ir_105,bt_wv_63
2026-06-03 14:29:05,101 INFO run_pipeline - [process] 2026-06-03 14:29:05,101 INFO process_modis - Step: loaded BT datasets for MYD021KM.A2024169.1345.061.2024170154620.hdf: bt_ir_105,bt_wv_63
2026-06-03 14:32:26,332 INFO run_pipeline - [process] 2026-06-03 14:32:26,332 INFO process_modis - Step: keeping native L1 grid for ir_105
2026-06-03 14:32:26,673 INFO run_pipeline - [process] 2026-06-03 14:32:26,673 INFO process_modis - Step: keeping native L1 grid for wv_63
2026-06-03 14:32:27,196 INFO run_pipeline - [process] 2026-06-03 14:32:27,196 INFO process_modis - Step: loading/resampling cloud mask from MYD35_L2.A2024169.0100.061.2024169151431.hdf
2026-06-03 14:32:27,196 INFO run_pipeline - [process] 2026-06-03 14:32:27,196 INFO process_modis - Step: keeping native L1 grid for cloud mask
2026-06-03 14:32:27,200 INFO run_pipeline - [process] 2026-06-03 14:32:27,200 INFO process_modis - Step: prepared Dataset for MYD021KM.A2024169.0100.061.2024169151313.hdf with vars=bt_ir_105,bt_wv_63,cloud_mask coords=time,crs,latitude,longitude
2026-06-03 14:32:28,753 INFO run_pipeline - [process] 2026-06-03 14:32:28,753 INFO process_modis - Wrote /sat_data/modis/processed/2024/06/17/20240617T0100_modis_aqua_bt_ir_105_bt_wv_63_cloud_mask.nc
2026-06-03 14:32:28,768 INFO run_pipeline - [process] 2026-06-03 14:32:28,768 INFO process_modis - Processing granule MYD021KM.A2024169.1350.061.2024170155435.hdf timestamp=20240617T1350 matched_L2=MYD35_L2.A2024169.1350.061.2024170155737.hdf
2026-06-03 14:32:28,769 INFO run_pipeline - [process] 2026-06-03 14:32:28,768 INFO process_modis - Step: loading BT datasets for MYD021KM.A2024169.1350.061.2024170155435.hdf
2026-06-03 14:32:29,360 INFO run_pipeline - [process] 2026-06-03 14:32:29,360 INFO process_modis - Step: loaded BT datasets for MYD021KM.A2024169.1350.061.2024170155435.hdf: bt_ir_105,bt_wv_63
2026-06-03 14:33:11,606 INFO run_pipeline - [process] 2026-06-03 14:33:11,605 INFO process_modis - Step: keeping native L1 grid for ir_105
2026-06-03 14:33:11,965 INFO run_pipeline - [process] 2026-06-03 14:33:11,965 INFO process_modis - Step: keeping native L1 grid for wv_63
2026-06-03 14:33:12,528 INFO run_pipeline - [process] 2026-06-03 14:33:12,528 INFO process_modis - Step: loading/resampling cloud mask from MYD35_L2.A2024169.0105.061.2024169151351.hdf
2026-06-03 14:33:12,529 INFO run_pipeline - [process] 2026-06-03 14:33:12,528 INFO process_modis - Step: keeping native L1 grid for cloud mask
2026-06-03 14:33:12,541 INFO run_pipeline - [process] 2026-06-03 14:33:12,541 INFO process_modis - Step: prepared Dataset for MYD021KM.A2024169.0105.061.2024169151300.hdf with vars=bt_ir_105,bt_wv_63,cloud_mask coords=time,crs,latitude,longitude
2026-06-03 14:33:14,015 INFO run_pipeline - [process] 2026-06-03 14:33:14,015 INFO process_modis - Wrote /sat_data/modis/processed/2024/06/17/20240617T0105_modis_aqua_bt_ir_105_bt_wv_63_cloud_mask.nc
2026-06-03 14:33:14,168 INFO run_pipeline - [process] 2026-06-03 14:33:14,168 INFO process_modis - Step: keeping native L1 grid for ir_105
2026-06-03 14:33:14,549 INFO run_pipeline - [process] 2026-06-03 14:33:14,549 INFO process_modis - Step: keeping native L1 grid for wv_63
2026-06-03 14:33:15,108 INFO run_pipeline - [process] 2026-06-03 14:33:15,108 INFO process_modis - Step: loading/resampling cloud mask from MYD35_L2.A2024169.0240.061.2024169151350.hdf
2026-06-03 14:33:15,109 INFO run_pipeline - [process] 2026-06-03 14:33:15,108 INFO process_modis - Step: keeping native L1 grid for cloud mask
2026-06-03 14:33:15,113 INFO run_pipeline - [process] 2026-06-03 14:33:15,113 INFO process_modis - Step: prepared Dataset for MYD021KM.A2024169.0240.061.2024169151252.hdf with vars=bt_ir_105,bt_wv_63,cloud_mask coords=time,crs,latitude,longitude
2026-06-03 14:33:16,742 INFO run_pipeline - [process] 2026-06-03 14:33:16,742 INFO process_modis - Wrote /sat_data/modis/processed/2024/06/17/20240617T0240_modis_aqua_bt_ir_105_bt_wv_63_cloud_mask.nc
2026-06-03 14:33:21,276 INFO run_pipeline - [process] 2026-06-03 14:33:21,276 INFO process_modis - Step: keeping native L1 grid for ir_105
2026-06-03 14:33:21,577 INFO run_pipeline - [process] 2026-06-03 14:33:21,577 INFO process_modis - Step: keeping native L1 grid for wv_63
2026-06-03 14:33:22,129 INFO run_pipeline - [process] 2026-06-03 14:33:22,128 INFO process_modis - Step: loading/resampling cloud mask from MYD35_L2.A2024169.1345.061.2024170154847.hdf
2026-06-03 14:33:22,129 INFO run_pipeline - [process] 2026-06-03 14:33:22,129 INFO process_modis - Step: keeping native L1 grid for cloud mask
2026-06-03 14:33:22,133 INFO run_pipeline - [process] 2026-06-03 14:33:22,133 INFO process_modis - Step: prepared Dataset for MYD021KM.A2024169.1345.061.2024170154620.hdf with vars=bt_ir_105,bt_wv_63,cloud_mask coords=time,crs,latitude,longitude
2026-06-03 14:33:23,655 INFO run_pipeline - [process] 2026-06-03 14:33:23,654 INFO process_modis - Wrote /sat_data/modis/processed/2024/06/17/20240617T1345_modis_aqua_bt_ir_105_bt_wv_63_cloud_mask.nc
2026-06-03 14:33:36,540 INFO run_pipeline - [process] 2026-06-03 14:33:36,540 INFO process_modis - Step: keeping native L1 grid for ir_105
2026-06-03 14:33:36,910 INFO run_pipeline - [process] 2026-06-03 14:33:36,910 INFO process_modis - Step: keeping native L1 grid for wv_63
2026-06-03 14:33:37,485 INFO run_pipeline - [process] 2026-06-03 14:33:37,485 INFO process_modis - Step: loading/resampling cloud mask from MYD35_L2.A2024169.1210.061.2024170153644.hdf
2026-06-03 14:33:37,486 INFO run_pipeline - [process] 2026-06-03 14:33:37,485 INFO process_modis - Step: keeping native L1 grid for cloud mask
2026-06-03 14:33:37,490 INFO run_pipeline - [process] 2026-06-03 14:33:37,490 INFO process_modis - Step: prepared Dataset for MYD021KM.A2024169.1210.061.2024170153353.hdf with vars=bt_ir_105,bt_wv_63,cloud_mask coords=time,crs,latitude,longitude
2026-06-03 14:33:39,117 INFO run_pipeline - [process] 2026-06-03 14:33:39,116 INFO process_modis - Wrote /sat_data/modis/processed/2024/06/17/20240617T1210_modis_aqua_bt_ir_105_bt_wv_63_cloud_mask.nc
2026-06-03 14:33:53,354 INFO run_pipeline - [process] 2026-06-03 14:33:53,354 INFO process_modis - Step: keeping native L1 grid for ir_105
2026-06-03 14:33:53,622 INFO run_pipeline - [process] 2026-06-03 14:33:53,622 INFO process_modis - Step: keeping native L1 grid for wv_63
2026-06-03 14:33:54,190 INFO run_pipeline - [process] 2026-06-03 14:33:54,190 INFO process_modis - Step: loading/resampling cloud mask from MYD35_L2.A2024169.1350.061.2024170155737.hdf
2026-06-03 14:33:54,191 INFO run_pipeline - [process] 2026-06-03 14:33:54,190 INFO process_modis - Step: keeping native L1 grid for cloud mask
2026-06-03 14:33:54,195 INFO run_pipeline - [process] 2026-06-03 14:33:54,195 INFO process_modis - Step: prepared Dataset for MYD021KM.A2024169.1350.061.2024170155435.hdf with vars=bt_ir_105,bt_wv_63,cloud_mask coords=time,crs,latitude,longitude
2026-06-03 14:33:55,679 INFO run_pipeline - [process] 2026-06-03 14:33:55,678 INFO process_modis - Wrote /sat_data/modis/processed/2024/06/17/20240617T1350_modis_aqua_bt_ir_105_bt_wv_63_cloud_mask.nc
2026-06-03 14:33:55,732 INFO run_pipeline - [process] 2026-06-03 14:33:55,732 INFO process_modis - Processed 6 files for aqua in /sat_data/modis/raw/radiances/2024/06/17
2026-06-03 14:33:56,282 INFO run_pipeline - Finished process in 613.50s with return code 0
2026-06-03 14:33:56,282 INFO run_pipeline - Starting upload: /home/Daniele/miniforge3/envs/satpy/bin/python /home/Daniele/codes/MODIS-processing/scripts/2_upload_s3.py --config /home/Daniele/codes/MODIS-processing/config/pipeline_config.yaml --credentials /home/Daniele/codes/MODIS-processing/s3_credentials.py --date 2024-06-17 --log-level INFO --verify
2026-06-03 14:34:01,956 INFO run_pipeline - [upload] 2026-06-03 14:34:01,956 INFO upload_s3 - Uploaded 12 files
2026-06-03 14:34:02,209 INFO run_pipeline - Finished upload in 5.93s with return code 0
2026-06-03 14:34:02,209 INFO run_pipeline - Batch 2024-06-17 finished in download=29.94s process=613.50s upload=5.93s | L1=12 L2=12 processed=12 uploaded=12 errors=0 failed_stage=none
2026-06-03 14:34:02,209 INFO run_pipeline - === Batch 2024-06-18 ===
2026-06-03 14:34:02,210 INFO run_pipeline - Starting download: /home/Daniele/miniforge3/envs/satpy/bin/python /home/Daniele/codes/MODIS-processing/scripts/0_download_modis.py --config /home/Daniele/codes/MODIS-processing/config/pipeline_config.yaml --date 2024-06-18 --log-level INFO
2026-06-03 14:34:03,351 INFO run_pipeline - [download] 2026-06-03 14:34:03,351 INFO download_modis - Searching CMR for MOD021KM between 2024-06-18 00:00:00 and 2024-06-19 00:00:00
2026-06-03 14:34:03,684 INFO run_pipeline - [download] 2026-06-03 14:34:03,684 INFO download_modis - Downloading 5 granules with 6 workers for MOD021KM
2026-06-03 14:34:14,358 INFO run_pipeline - [download] 2026-06-03 14:34:14,358 INFO download_modis - Searching CMR for MOD35_L2 between 2024-06-18 00:00:00 and 2024-06-19 00:00:00
2026-06-03 14:34:14,607 INFO run_pipeline - [download] 2026-06-03 14:34:14,606 INFO download_modis - Downloading 5 granules with 6 workers for MOD35_L2
2026-06-03 14:34:18,444 INFO run_pipeline - [download] 2026-06-03 14:34:18,444 INFO download_modis - terra [2024-06-18 - 2024-06-19] L1 downloaded=5 skipped=5 | L2 downloaded=5 skipped=0
2026-06-03 14:34:18,444 INFO run_pipeline - [download] 2026-06-03 14:34:18,444 INFO download_modis - Searching CMR for MYD021KM between 2024-06-18 00:00:00 and 2024-06-19 00:00:00
2026-06-03 14:34:18,699 INFO run_pipeline - [download] 2026-06-03 14:34:18,699 INFO download_modis - Downloading 5 granules with 6 workers for MYD021KM
2026-06-03 14:34:27,737 INFO run_pipeline - [download] 2026-06-03 14:34:27,737 INFO download_modis - Searching CMR for MYD35_L2 between 2024-06-18 00:00:00 and 2024-06-19 00:00:00
2026-06-03 14:34:27,985 INFO run_pipeline - [download] 2026-06-03 14:34:27,984 INFO download_modis - Downloading 5 granules with 6 workers for MYD35_L2
2026-06-03 14:34:31,367 INFO run_pipeline - [download] 2026-06-03 14:34:31,366 INFO download_modis - aqua [2024-06-18 - 2024-06-19] L1 downloaded=5 skipped=5 | L2 downloaded=5 skipped=0
2026-06-03 14:34:31,555 INFO run_pipeline - Finished download in 29.35s with return code 0
2026-06-03 14:34:31,556 INFO run_pipeline - Starting process: /home/Daniele/miniforge3/envs/satpy/bin/python /home/Daniele/codes/MODIS-processing/scripts/1_process_modis.py --config /home/Daniele/codes/MODIS-processing/config/pipeline_config.yaml --date 2024-06-18 --log-level INFO
2026-06-03 14:34:32,656 INFO run_pipeline - [process] 2026-06-03 14:34:32,656 INFO process_modis - Day terra /sat_data/modis/raw/radiances/2024/06/18: found 5 L1 files and 5 L2 files (dir totals: 10 radiance, 10 cloud)
2026-06-03 14:34:32,656 INFO run_pipeline - [process] 2026-06-03 14:34:32,656 INFO process_modis - Processing 5 granules with 5 workers
2026-06-03 14:34:32,657 INFO run_pipeline - [process] 2026-06-03 14:34:32,656 INFO process_modis - Processing granule MOD021KM.A2024170.0940.061.2024171041106.hdf timestamp=20240618T0940 matched_L2=MOD35_L2.A2024170.0940.061.2024171041253.hdf
2026-06-03 14:34:32,657 INFO run_pipeline - [process] 2026-06-03 14:34:32,657 INFO process_modis - Step: loading BT datasets for MOD021KM.A2024170.0940.061.2024171041106.hdf
2026-06-03 14:34:32,658 INFO run_pipeline - [process] 2026-06-03 14:34:32,658 INFO process_modis - Processing granule MOD021KM.A2024170.1115.061.2024171041719.hdf timestamp=20240618T1115 matched_L2=MOD35_L2.A2024170.1115.061.2024171041852.hdf
2026-06-03 14:34:32,658 INFO run_pipeline - [process] 2026-06-03 14:34:32,658 INFO process_modis - Step: loading BT datasets for MOD021KM.A2024170.1115.061.2024171041719.hdf
2026-06-03 14:34:32,659 INFO run_pipeline - [process] 2026-06-03 14:34:32,659 INFO process_modis - Processing granule MOD021KM.A2024170.1910.061.2024171155358.hdf timestamp=20240618T1910 matched_L2=MOD35_L2.A2024170.1910.061.2024171155520.hdf
2026-06-03 14:34:32,659 INFO run_pipeline - [process] 2026-06-03 14:34:32,659 INFO process_modis - Step: loading BT datasets for MOD021KM.A2024170.1910.061.2024171155358.hdf
2026-06-03 14:34:32,659 INFO run_pipeline - [process] 2026-06-03 14:34:32,659 INFO process_modis - Processing granule MOD021KM.A2024170.2045.061.2024171155344.hdf timestamp=20240618T2045 matched_L2=MOD35_L2.A2024170.2045.061.2024171155438.hdf
2026-06-03 14:34:32,659 INFO run_pipeline - [process] 2026-06-03 14:34:32,659 INFO process_modis - Step: loading BT datasets for MOD021KM.A2024170.2045.061.2024171155344.hdf
2026-06-03 14:34:32,661 INFO run_pipeline - [process] 2026-06-03 14:34:32,661 INFO process_modis - Processing granule MOD021KM.A2024170.2050.061.2024171155359.hdf timestamp=20240618T2050 matched_L2=MOD35_L2.A2024170.2050.061.2024171155532.hdf
2026-06-03 14:34:32,661 INFO run_pipeline - [process] 2026-06-03 14:34:32,661 INFO process_modis - Step: loading BT datasets for MOD021KM.A2024170.2050.061.2024171155359.hdf
2026-06-03 14:34:34,851 INFO run_pipeline - [process] 2026-06-03 14:34:34,851 INFO process_modis - Step: loaded BT datasets for MOD021KM.A2024170.1910.061.2024171155358.hdf: bt_ir_105,bt_wv_63
2026-06-03 14:34:34,934 INFO run_pipeline - [process] 2026-06-03 14:34:34,934 INFO process_modis - Step: loaded BT datasets for MOD021KM.A2024170.2050.061.2024171155359.hdf: bt_ir_105,bt_wv_63
2026-06-03 14:34:35,003 INFO run_pipeline - [process] 2026-06-03 14:34:35,003 INFO process_modis - Step: loaded BT datasets for MOD021KM.A2024170.0940.061.2024171041106.hdf: bt_ir_105,bt_wv_63
2026-06-03 14:34:35,045 INFO run_pipeline - [process] 2026-06-03 14:34:35,045 INFO process_modis - Step: loaded BT datasets for MOD021KM.A2024170.1115.061.2024171041719.hdf: bt_ir_105,bt_wv_63
2026-06-03 14:34:35,074 INFO run_pipeline - [process] 2026-06-03 14:34:35,073 INFO process_modis - Step: loaded BT datasets for MOD021KM.A2024170.2045.061.2024171155344.hdf: bt_ir_105,bt_wv_63
2026-06-03 14:38:10,494 INFO run_pipeline - [process] 2026-06-03 14:38:10,492 INFO process_modis - Step: keeping native L1 grid for ir_105
2026-06-03 14:38:10,769 INFO run_pipeline - [process] 2026-06-03 14:38:10,768 INFO process_modis - Step: keeping native L1 grid for wv_63
2026-06-03 14:38:11,245 INFO run_pipeline - [process] 2026-06-03 14:38:11,245 INFO process_modis - Step: loading/resampling cloud mask from MOD35_L2.A2024170.1910.061.2024171155520.hdf
2026-06-03 14:38:11,245 INFO run_pipeline - [process] 2026-06-03 14:38:11,245 INFO process_modis - Step: keeping native L1 grid for cloud mask
2026-06-03 14:38:11,251 INFO run_pipeline - [process] 2026-06-03 14:38:11,251 INFO process_modis - Step: prepared Dataset for MOD021KM.A2024170.1910.061.2024171155358.hdf with vars=bt_ir_105,bt_wv_63,cloud_mask coords=time,crs,latitude,longitude
2026-06-03 14:38:12,951 INFO run_pipeline - [process] 2026-06-03 14:38:12,950 INFO process_modis - Wrote /sat_data/modis/processed/2024/06/18/20240618T1910_modis_terra_bt_ir_105_bt_wv_63_cloud_mask.nc
2026-06-03 14:38:24,808 INFO run_pipeline - [process] 2026-06-03 14:38:24,807 INFO process_modis - Step: keeping native L1 grid for ir_105
2026-06-03 14:38:25,179 INFO run_pipeline - [process] 2026-06-03 14:38:25,179 INFO process_modis - Step: keeping native L1 grid for wv_63
2026-06-03 14:38:25,871 INFO run_pipeline - [process] 2026-06-03 14:38:25,871 INFO process_modis - Step: loading/resampling cloud mask from MOD35_L2.A2024170.2045.061.2024171155438.hdf
2026-06-03 14:38:25,871 INFO run_pipeline - [process] 2026-06-03 14:38:25,871 INFO process_modis - Step: keeping native L1 grid for cloud mask
2026-06-03 14:38:25,876 INFO run_pipeline - [process] 2026-06-03 14:38:25,876 INFO process_modis - Step: prepared Dataset for MOD021KM.A2024170.2045.061.2024171155344.hdf with vars=bt_ir_105,bt_wv_63,cloud_mask coords=time,crs,latitude,longitude
2026-06-03 14:38:27,423 INFO run_pipeline - [process] 2026-06-03 14:38:27,423 INFO process_modis - Wrote /sat_data/modis/processed/2024/06/18/20240618T2045_modis_terra_bt_ir_105_bt_wv_63_cloud_mask.nc
2026-06-03 14:38:33,762 INFO run_pipeline - [process] 2026-06-03 14:38:33,762 INFO process_modis - Step: keeping native L1 grid for ir_105
2026-06-03 14:38:34,039 INFO run_pipeline - [process] 2026-06-03 14:38:34,039 INFO process_modis - Step: keeping native L1 grid for wv_63
2026-06-03 14:38:34,262 INFO run_pipeline - [process] 2026-06-03 14:38:34,262 INFO process_modis - Step: keeping native L1 grid for ir_105
2026-06-03 14:38:34,603 INFO run_pipeline - [process] 2026-06-03 14:38:34,603 INFO process_modis - Step: keeping native L1 grid for wv_63
2026-06-03 14:38:34,622 INFO run_pipeline - [process] 2026-06-03 14:38:34,622 INFO process_modis - Step: loading/resampling cloud mask from MOD35_L2.A2024170.1115.061.2024171041852.hdf
2026-06-03 14:38:34,622 INFO run_pipeline - [process] 2026-06-03 14:38:34,622 INFO process_modis - Step: keeping native L1 grid for cloud mask
2026-06-03 14:38:34,645 INFO run_pipeline - [process] 2026-06-03 14:38:34,645 INFO process_modis - Step: prepared Dataset for MOD021KM.A2024170.1115.061.2024171041719.hdf with vars=bt_ir_105,bt_wv_63,cloud_mask coords=time,crs,latitude,longitude
2026-06-03 14:38:35,325 INFO run_pipeline - [process] 2026-06-03 14:38:35,325 INFO process_modis - Step: loading/resampling cloud mask from MOD35_L2.A2024170.0940.061.2024171041253.hdf
2026-06-03 14:38:35,325 INFO run_pipeline - [process] 2026-06-03 14:38:35,325 INFO process_modis - Step: keeping native L1 grid for cloud mask
2026-06-03 14:38:35,330 INFO run_pipeline - [process] 2026-06-03 14:38:35,330 INFO process_modis - Step: prepared Dataset for MOD021KM.A2024170.0940.061.2024171041106.hdf with vars=bt_ir_105,bt_wv_63,cloud_mask coords=time,crs,latitude,longitude
2026-06-03 14:38:36,251 INFO run_pipeline - [process] 2026-06-03 14:38:36,250 INFO process_modis - Wrote /sat_data/modis/processed/2024/06/18/20240618T1115_modis_terra_bt_ir_105_bt_wv_63_cloud_mask.nc
2026-06-03 14:38:37,930 INFO run_pipeline - [process] 2026-06-03 14:38:37,930 INFO process_modis - Wrote /sat_data/modis/processed/2024/06/18/20240618T0940_modis_terra_bt_ir_105_bt_wv_63_cloud_mask.nc
2026-06-03 14:38:38,675 INFO run_pipeline - [process] 2026-06-03 14:38:38,675 INFO process_modis - Step: keeping native L1 grid for ir_105
2026-06-03 14:38:38,971 INFO run_pipeline - [process] 2026-06-03 14:38:38,971 INFO process_modis - Step: keeping native L1 grid for wv_63
2026-06-03 14:38:39,436 INFO run_pipeline - [process] 2026-06-03 14:38:39,435 INFO process_modis - Step: loading/resampling cloud mask from MOD35_L2.A2024170.2050.061.2024171155532.hdf
2026-06-03 14:38:39,436 INFO run_pipeline - [process] 2026-06-03 14:38:39,436 INFO process_modis - Step: keeping native L1 grid for cloud mask
2026-06-03 14:38:39,440 INFO run_pipeline - [process] 2026-06-03 14:38:39,440 INFO process_modis - Step: prepared Dataset for MOD021KM.A2024170.2050.061.2024171155359.hdf with vars=bt_ir_105,bt_wv_63,cloud_mask coords=time,crs,latitude,longitude
2026-06-03 14:38:40,939 INFO run_pipeline - [process] 2026-06-03 14:38:40,938 INFO process_modis - Wrote /sat_data/modis/processed/2024/06/18/20240618T2050_modis_terra_bt_ir_105_bt_wv_63_cloud_mask.nc
2026-06-03 14:38:41,130 INFO run_pipeline - [process] 2026-06-03 14:38:41,129 INFO process_modis - Processed 5 files for terra in /sat_data/modis/raw/radiances/2024/06/18
2026-06-03 14:38:41,130 INFO run_pipeline - [process] 2026-06-03 14:38:41,130 INFO process_modis - Day aqua /sat_data/modis/raw/radiances/2024/06/18: found 5 L1 files and 5 L2 files (dir totals: 10 radiance, 10 cloud)
2026-06-03 14:38:41,130 INFO run_pipeline - [process] 2026-06-03 14:38:41,130 INFO process_modis - Processing 5 granules with 5 workers
2026-06-03 14:38:41,131 INFO run_pipeline - [process] 2026-06-03 14:38:41,131 INFO process_modis - Processing granule MYD021KM.A2024170.0140.061.2024170154930.hdf timestamp=20240618T0140 matched_L2=MYD35_L2.A2024170.0140.061.2024170155155.hdf
2026-06-03 14:38:41,131 INFO run_pipeline - [process] 2026-06-03 14:38:41,131 INFO process_modis - Step: loading BT datasets for MYD021KM.A2024170.0140.061.2024170154930.hdf
2026-06-03 14:38:41,131 INFO run_pipeline - [process] 2026-06-03 14:38:41,131 INFO process_modis - Processing granule MYD021KM.A2024170.0145.061.2024170154905.hdf timestamp=20240618T0145 matched_L2=MYD35_L2.A2024170.0145.061.2024170155033.hdf
2026-06-03 14:38:41,132 INFO run_pipeline - [process] 2026-06-03 14:38:41,131 INFO process_modis - Step: loading BT datasets for MYD021KM.A2024170.0145.061.2024170154905.hdf
2026-06-03 14:38:41,181 INFO run_pipeline - [process] 2026-06-03 14:38:41,181 INFO process_modis - Processing granule MYD021KM.A2024170.0320.061.2024173180329.hdf timestamp=20240618T0320 matched_L2=MYD35_L2.A2024170.0320.061.2024173180434.hdf
2026-06-03 14:38:41,181 INFO run_pipeline - [process] 2026-06-03 14:38:41,181 INFO process_modis - Step: loading BT datasets for MYD021KM.A2024170.0320.061.2024173180329.hdf
2026-06-03 14:38:41,270 INFO run_pipeline - [process] 2026-06-03 14:38:41,270 INFO process_modis - Processing granule MYD021KM.A2024170.1115.061.2024173181740.hdf timestamp=20240618T1115 matched_L2=MYD35_L2.A2024170.1115.061.2024173181956.hdf
2026-06-03 14:38:41,271 INFO run_pipeline - [process] 2026-06-03 14:38:41,270 INFO process_modis - Step: loading BT datasets for MYD021KM.A2024170.1115.061.2024173181740.hdf
2026-06-03 14:38:41,282 INFO run_pipeline - [process] 2026-06-03 14:38:41,282 INFO process_modis - Processing granule MYD021KM.A2024170.1250.061.2024173181419.hdf timestamp=20240618T1250 matched_L2=MYD35_L2.A2024170.1250.061.2024173181623.hdf
2026-06-03 14:38:41,282 INFO run_pipeline - [process] 2026-06-03 14:38:41,282 INFO process_modis - Step: loading BT datasets for MYD021KM.A2024170.1250.061.2024173181419.hdf
2026-06-03 14:38:42,674 INFO run_pipeline - [process] 2026-06-03 14:38:42,673 INFO process_modis - Step: loaded BT datasets for MYD021KM.A2024170.0145.061.2024170154905.hdf: bt_ir_105,bt_wv_63
2026-06-03 14:38:42,686 INFO run_pipeline - [process] 2026-06-03 14:38:42,686 INFO process_modis - Step: loaded BT datasets for MYD021KM.A2024170.0140.061.2024170154930.hdf: bt_ir_105,bt_wv_63
2026-06-03 14:38:42,709 INFO run_pipeline - [process] 2026-06-03 14:38:42,709 INFO process_modis - Step: loaded BT datasets for MYD021KM.A2024170.1115.061.2024173181740.hdf: bt_ir_105,bt_wv_63
2026-06-03 14:38:42,752 INFO run_pipeline - [process] 2026-06-03 14:38:42,752 INFO process_modis - Step: loaded BT datasets for MYD021KM.A2024170.0320.061.2024173180329.hdf: bt_ir_105,bt_wv_63
2026-06-03 14:38:42,775 INFO run_pipeline - [process] 2026-06-03 14:38:42,775 INFO process_modis - Step: loaded BT datasets for MYD021KM.A2024170.1250.061.2024173181419.hdf: bt_ir_105,bt_wv_63
2026-06-03 14:42:33,510 INFO run_pipeline - [process] 2026-06-03 14:42:33,509 INFO process_modis - Step: keeping native L1 grid for ir_105
2026-06-03 14:42:33,807 INFO run_pipeline - [process] 2026-06-03 14:42:33,806 INFO process_modis - Step: keeping native L1 grid for wv_63
2026-06-03 14:42:34,289 INFO run_pipeline - [process] 2026-06-03 14:42:34,288 INFO process_modis - Step: loading/resampling cloud mask from MYD35_L2.A2024170.0320.061.2024173180434.hdf
2026-06-03 14:42:34,289 INFO run_pipeline - [process] 2026-06-03 14:42:34,289 INFO process_modis - Step: keeping native L1 grid for cloud mask
2026-06-03 14:42:34,296 INFO run_pipeline - [process] 2026-06-03 14:42:34,296 INFO process_modis - Step: prepared Dataset for MYD021KM.A2024170.0320.061.2024173180329.hdf with vars=bt_ir_105,bt_wv_63,cloud_mask coords=time,crs,latitude,longitude
2026-06-03 14:42:35,836 INFO run_pipeline - [process] 2026-06-03 14:42:35,836 INFO process_modis - Wrote /sat_data/modis/processed/2024/06/18/20240618T0320_modis_aqua_bt_ir_105_bt_wv_63_cloud_mask.nc
2026-06-03 14:42:54,189 INFO run_pipeline - [process] 2026-06-03 14:42:54,188 INFO process_modis - Step: keeping native L1 grid for ir_105
2026-06-03 14:42:54,487 INFO run_pipeline - [process] 2026-06-03 14:42:54,487 INFO process_modis - Step: keeping native L1 grid for wv_63
2026-06-03 14:42:55,033 INFO run_pipeline - [process] 2026-06-03 14:42:55,032 INFO process_modis - Step: loading/resampling cloud mask from MYD35_L2.A2024170.0140.061.2024170155155.hdf
2026-06-03 14:42:55,033 INFO run_pipeline - [process] 2026-06-03 14:42:55,033 INFO process_modis - Step: keeping native L1 grid for cloud mask
2026-06-03 14:42:55,037 INFO run_pipeline - [process] 2026-06-03 14:42:55,037 INFO process_modis - Step: prepared Dataset for MYD021KM.A2024170.0140.061.2024170154930.hdf with vars=bt_ir_105,bt_wv_63,cloud_mask coords=time,crs,latitude,longitude
2026-06-03 14:42:56,567 INFO run_pipeline - [process] 2026-06-03 14:42:56,567 INFO process_modis - Wrote /sat_data/modis/processed/2024/06/18/20240618T0140_modis_aqua_bt_ir_105_bt_wv_63_cloud_mask.nc
2026-06-03 14:43:03,539 INFO run_pipeline - [process] 2026-06-03 14:43:03,539 INFO process_modis - Step: keeping native L1 grid for ir_105
2026-06-03 14:43:03,832 INFO run_pipeline - [process] 2026-06-03 14:43:03,831 INFO process_modis - Step: keeping native L1 grid for wv_63
2026-06-03 14:43:04,296 INFO run_pipeline - [process] 2026-06-03 14:43:04,296 INFO process_modis - Step: loading/resampling cloud mask from MYD35_L2.A2024170.0145.061.2024170155033.hdf
2026-06-03 14:43:04,296 INFO run_pipeline - [process] 2026-06-03 14:43:04,296 INFO process_modis - Step: keeping native L1 grid for cloud mask
2026-06-03 14:43:04,304 INFO run_pipeline - [process] 2026-06-03 14:43:04,303 INFO process_modis - Step: prepared Dataset for MYD021KM.A2024170.0145.061.2024170154905.hdf with vars=bt_ir_105,bt_wv_63,cloud_mask coords=time,crs,latitude,longitude
2026-06-03 14:43:05,743 INFO run_pipeline - [process] 2026-06-03 14:43:05,742 INFO process_modis - Wrote /sat_data/modis/processed/2024/06/18/20240618T0145_modis_aqua_bt_ir_105_bt_wv_63_cloud_mask.nc
2026-06-03 14:43:06,620 INFO run_pipeline - [process] 2026-06-03 14:43:06,619 INFO process_modis - Step: keeping native L1 grid for ir_105
2026-06-03 14:43:06,902 INFO run_pipeline - [process] 2026-06-03 14:43:06,901 INFO process_modis - Step: keeping native L1 grid for wv_63
2026-06-03 14:43:07,058 INFO run_pipeline - [process] 2026-06-03 14:43:07,057 INFO process_modis - Step: keeping native L1 grid for ir_105
2026-06-03 14:43:07,527 INFO run_pipeline - [process] 2026-06-03 14:43:07,527 INFO process_modis - Step: keeping native L1 grid for wv_63
2026-06-03 14:43:07,632 INFO run_pipeline - [process] 2026-06-03 14:43:07,632 INFO process_modis - Step: loading/resampling cloud mask from MYD35_L2.A2024170.1115.061.2024173181956.hdf
2026-06-03 14:43:07,632 INFO run_pipeline - [process] 2026-06-03 14:43:07,632 INFO process_modis - Step: keeping native L1 grid for cloud mask
2026-06-03 14:43:07,636 INFO run_pipeline - [process] 2026-06-03 14:43:07,636 INFO process_modis - Step: prepared Dataset for MYD021KM.A2024170.1115.061.2024173181740.hdf with vars=bt_ir_105,bt_wv_63,cloud_mask coords=time,crs,latitude,longitude
2026-06-03 14:43:07,972 INFO run_pipeline - [process] 2026-06-03 14:43:07,971 INFO process_modis - Step: loading/resampling cloud mask from MYD35_L2.A2024170.1250.061.2024173181623.hdf
2026-06-03 14:43:07,972 INFO run_pipeline - [process] 2026-06-03 14:43:07,971 INFO process_modis - Step: keeping native L1 grid for cloud mask
2026-06-03 14:43:07,976 INFO run_pipeline - [process] 2026-06-03 14:43:07,975 INFO process_modis - Step: prepared Dataset for MYD021KM.A2024170.1250.061.2024173181419.hdf with vars=bt_ir_105,bt_wv_63,cloud_mask coords=time,crs,latitude,longitude
2026-06-03 14:43:09,499 INFO run_pipeline - [process] 2026-06-03 14:43:09,499 INFO process_modis - Wrote /sat_data/modis/processed/2024/06/18/20240618T1115_modis_aqua_bt_ir_105_bt_wv_63_cloud_mask.nc
2026-06-03 14:43:10,634 INFO run_pipeline - [process] 2026-06-03 14:43:10,634 INFO process_modis - Wrote /sat_data/modis/processed/2024/06/18/20240618T1250_modis_aqua_bt_ir_105_bt_wv_63_cloud_mask.nc
2026-06-03 14:43:10,812 INFO run_pipeline - [process] 2026-06-03 14:43:10,812 INFO process_modis - Processed 5 files for aqua in /sat_data/modis/raw/radiances/2024/06/18
2026-06-03 14:43:11,223 INFO run_pipeline - Finished process in 519.67s with return code 0
2026-06-03 14:43:11,224 INFO run_pipeline - Starting upload: /home/Daniele/miniforge3/envs/satpy/bin/python /home/Daniele/codes/MODIS-processing/scripts/2_upload_s3.py --config /home/Daniele/codes/MODIS-processing/config/pipeline_config.yaml --credentials /home/Daniele/codes/MODIS-processing/s3_credentials.py --date 2024-06-18 --log-level INFO --verify
2026-06-03 14:43:17,601 INFO run_pipeline - [upload] 2026-06-03 14:43:17,601 INFO upload_s3 - Uploaded 10 files
2026-06-03 14:43:17,869 INFO run_pipeline - Finished upload in 6.64s with return code 0
2026-06-03 14:43:17,869 INFO run_pipeline - Batch 2024-06-18 finished in download=29.35s process=519.67s upload=6.64s | L1=10 L2=10 processed=10 uploaded=10 errors=0 failed_stage=none
2026-06-03 14:43:17,869 INFO run_pipeline - === Batch 2024-06-19 ===
2026-06-03 14:43:17,869 INFO run_pipeline - Starting download: /home/Daniele/miniforge3/envs/satpy/bin/python /home/Daniele/codes/MODIS-processing/scripts/0_download_modis.py --config /home/Daniele/codes/MODIS-processing/config/pipeline_config.yaml --date 2024-06-19 --log-level INFO
2026-06-03 14:43:18,961 INFO run_pipeline - [download] 2026-06-03 14:43:18,960 INFO download_modis - Searching CMR for MOD021KM between 2024-06-19 00:00:00 and 2024-06-20 00:00:00
2026-06-03 14:43:19,284 INFO run_pipeline - [download] 2026-06-03 14:43:19,284 INFO download_modis - Downloading 6 granules with 6 workers for MOD021KM
2026-06-03 14:43:29,025 INFO run_pipeline - [download] 2026-06-03 14:43:29,024 INFO download_modis - Searching CMR for MOD35_L2 between 2024-06-19 00:00:00 and 2024-06-20 00:00:00
2026-06-03 14:43:29,279 INFO run_pipeline - [download] 2026-06-03 14:43:29,279 INFO download_modis - Downloading 6 granules with 6 workers for MOD35_L2
2026-06-03 14:43:33,358 INFO run_pipeline - [download] 2026-06-03 14:43:33,358 INFO download_modis - terra [2024-06-19 - 2024-06-20] L1 downloaded=6 skipped=6 | L2 downloaded=6 skipped=0
2026-06-03 14:43:33,358 INFO run_pipeline - [download] 2026-06-03 14:43:33,358 INFO download_modis - Searching CMR for MYD021KM between 2024-06-19 00:00:00 and 2024-06-20 00:00:00
2026-06-03 14:43:33,842 INFO run_pipeline - [download] 2026-06-03 14:43:33,842 INFO download_modis - Downloading 6 granules with 6 workers for MYD021KM
2026-06-03 14:43:43,774 INFO run_pipeline - [download] 2026-06-03 14:43:43,773 INFO download_modis - Searching CMR for MYD35_L2 between 2024-06-19 00:00:00 and 2024-06-20 00:00:00
2026-06-03 14:43:44,020 INFO run_pipeline - [download] 2026-06-03 14:43:44,020 INFO download_modis - Downloading 6 granules with 6 workers for MYD35_L2
2026-06-03 14:43:47,371 INFO run_pipeline - [download] 2026-06-03 14:43:47,371 INFO download_modis - aqua [2024-06-19 - 2024-06-20] L1 downloaded=6 skipped=6 | L2 downloaded=6 skipped=0
2026-06-03 14:43:47,574 INFO run_pipeline - Finished download in 29.70s with return code 0
2026-06-03 14:43:47,574 INFO run_pipeline - Starting process: /home/Daniele/miniforge3/envs/satpy/bin/python /home/Daniele/codes/MODIS-processing/scripts/1_process_modis.py --config /home/Daniele/codes/MODIS-processing/config/pipeline_config.yaml --date 2024-06-19 --log-level INFO
2026-06-03 14:43:48,617 INFO run_pipeline - [process] 2026-06-03 14:43:48,616 INFO process_modis - Day terra /sat_data/modis/raw/radiances/2024/06/19: found 6 L1 files and 6 L2 files (dir totals: 12 radiance, 12 cloud)
2026-06-03 14:43:48,617 INFO run_pipeline - [process] 2026-06-03 14:43:48,617 INFO process_modis - Processing 6 granules with 5 workers
2026-06-03 14:43:48,617 INFO run_pipeline - [process] 2026-06-03 14:43:48,617 INFO process_modis - Processing granule MOD021KM.A2024171.0840.061.2024171191106.hdf timestamp=20240619T0840 matched_L2=MOD35_L2.A2024171.0840.061.2024171191233.hdf
2026-06-03 14:43:48,618 INFO run_pipeline - [process] 2026-06-03 14:43:48,617 INFO process_modis - Step: loading BT datasets for MOD021KM.A2024171.0840.061.2024171191106.hdf
2026-06-03 14:43:48,618 INFO run_pipeline - [process] 2026-06-03 14:43:48,618 INFO process_modis - Processing granule MOD021KM.A2024171.0845.061.2024171191108.hdf timestamp=20240619T0845 matched_L2=MOD35_L2.A2024171.0845.061.2024171191234.hdf
2026-06-03 14:43:48,618 INFO run_pipeline - [process] 2026-06-03 14:43:48,618 INFO process_modis - Step: loading BT datasets for MOD021KM.A2024171.0845.061.2024171191108.hdf
2026-06-03 14:43:48,619 INFO run_pipeline - [process] 2026-06-03 14:43:48,619 INFO process_modis - Processing granule MOD021KM.A2024171.1020.061.2024171191107.hdf timestamp=20240619T1020 matched_L2=MOD35_L2.A2024171.1020.061.2024171191234.hdf
2026-06-03 14:43:48,619 INFO run_pipeline - [process] 2026-06-03 14:43:48,619 INFO process_modis - Step: loading BT datasets for MOD021KM.A2024171.1020.061.2024171191107.hdf
2026-06-03 14:43:48,619 INFO run_pipeline - [process] 2026-06-03 14:43:48,619 INFO process_modis - Processing granule MOD021KM.A2024171.1950.061.2024172160116.hdf timestamp=20240619T1950 matched_L2=MOD35_L2.A2024171.1950.061.2024172160233.hdf
2026-06-03 14:43:48,620 INFO run_pipeline - [process] 2026-06-03 14:43:48,619 INFO process_modis - Step: loading BT datasets for MOD021KM.A2024171.1950.061.2024172160116.hdf
2026-06-03 14:43:48,620 INFO run_pipeline - [process] 2026-06-03 14:43:48,620 INFO process_modis - Processing granule MOD021KM.A2024171.2125.061.2024172160418.hdf timestamp=20240619T2125 matched_L2=MOD35_L2.A2024171.2125.061.2024172160508.hdf
2026-06-03 14:43:48,620 INFO run_pipeline - [process] 2026-06-03 14:43:48,620 INFO process_modis - Step: loading BT datasets for MOD021KM.A2024171.2125.061.2024172160418.hdf
2026-06-03 14:43:50,795 INFO run_pipeline - [process] 2026-06-03 14:43:50,795 INFO process_modis - Step: loaded BT datasets for MOD021KM.A2024171.0845.061.2024171191108.hdf: bt_ir_105,bt_wv_63
2026-06-03 14:43:50,870 INFO run_pipeline - [process] 2026-06-03 14:43:50,870 INFO process_modis - Step: loaded BT datasets for MOD021KM.A2024171.2125.061.2024172160418.hdf: bt_ir_105,bt_wv_63
2026-06-03 14:43:50,898 INFO run_pipeline - [process] 2026-06-03 14:43:50,898 INFO process_modis - Step: loaded BT datasets for MOD021KM.A2024171.1950.061.2024172160116.hdf: bt_ir_105,bt_wv_63
2026-06-03 14:43:50,914 INFO run_pipeline - [process] 2026-06-03 14:43:50,914 INFO process_modis - Step: loaded BT datasets for MOD021KM.A2024171.1020.061.2024171191107.hdf: bt_ir_105,bt_wv_63
2026-06-03 14:43:50,921 INFO run_pipeline - [process] 2026-06-03 14:43:50,920 INFO process_modis - Step: loaded BT datasets for MOD021KM.A2024171.0840.061.2024171191106.hdf: bt_ir_105,bt_wv_63
2026-06-03 14:46:53,840 INFO run_pipeline - [process] 2026-06-03 14:46:53,837 INFO process_modis - Step: keeping native L1 grid for ir_105
2026-06-03 14:46:54,103 INFO run_pipeline - [process] 2026-06-03 14:46:54,102 INFO process_modis - Step: keeping native L1 grid for wv_63
2026-06-03 14:46:54,555 INFO run_pipeline - [process] 2026-06-03 14:46:54,554 INFO process_modis - Step: loading/resampling cloud mask from MOD35_L2.A2024171.2125.061.2024172160508.hdf
2026-06-03 14:46:54,555 INFO run_pipeline - [process] 2026-06-03 14:46:54,554 INFO process_modis - Step: keeping native L1 grid for cloud mask
2026-06-03 14:46:54,562 INFO run_pipeline - [process] 2026-06-03 14:46:54,562 INFO process_modis - Step: prepared Dataset for MOD021KM.A2024171.2125.061.2024172160418.hdf with vars=bt_ir_105,bt_wv_63,cloud_mask coords=time,crs,latitude,longitude
2026-06-03 14:46:56,242 INFO run_pipeline - [process] 2026-06-03 14:46:56,241 INFO process_modis - Wrote /sat_data/modis/processed/2024/06/19/20240619T2125_modis_terra_bt_ir_105_bt_wv_63_cloud_mask.nc
2026-06-03 14:46:56,426 INFO run_pipeline - [process] 2026-06-03 14:46:56,426 INFO process_modis - Processing granule MOD021KM.A2024171.2130.061.2024172160436.hdf timestamp=20240619T2130 matched_L2=MOD35_L2.A2024171.2130.061.2024172160608.hdf
2026-06-03 14:46:56,426 INFO run_pipeline - [process] 2026-06-03 14:46:56,426 INFO process_modis - Step: loading BT datasets for MOD021KM.A2024171.2130.061.2024172160436.hdf
2026-06-03 14:46:56,983 INFO run_pipeline - [process] 2026-06-03 14:46:56,983 INFO process_modis - Step: loaded BT datasets for MOD021KM.A2024171.2130.061.2024172160436.hdf: bt_ir_105,bt_wv_63
2026-06-03 14:47:19,760 INFO run_pipeline - [process] 2026-06-03 14:47:19,759 INFO process_modis - Step: keeping native L1 grid for ir_105
2026-06-03 14:47:20,148 INFO run_pipeline - [process] 2026-06-03 14:47:20,148 INFO process_modis - Step: keeping native L1 grid for wv_63
2026-06-03 14:47:20,849 INFO run_pipeline - [process] 2026-06-03 14:47:20,849 INFO process_modis - Step: loading/resampling cloud mask from MOD35_L2.A2024171.1020.061.2024171191234.hdf
2026-06-03 14:47:20,849 INFO run_pipeline - [process] 2026-06-03 14:47:20,849 INFO process_modis - Step: keeping native L1 grid for cloud mask
2026-06-03 14:47:20,854 INFO run_pipeline - [process] 2026-06-03 14:47:20,853 INFO process_modis - Step: prepared Dataset for MOD021KM.A2024171.1020.061.2024171191107.hdf with vars=bt_ir_105,bt_wv_63,cloud_mask coords=time,crs,latitude,longitude
2026-06-03 14:47:22,551 INFO run_pipeline - [process] 2026-06-03 14:47:22,551 INFO process_modis - Wrote /sat_data/modis/processed/2024/06/19/20240619T1020_modis_terra_bt_ir_105_bt_wv_63_cloud_mask.nc
2026-06-03 14:47:34,138 INFO run_pipeline - [process] 2026-06-03 14:47:34,137 INFO process_modis - Step: keeping native L1 grid for ir_105
2026-06-03 14:47:34,399 INFO run_pipeline - [process] 2026-06-03 14:47:34,399 INFO process_modis - Step: keeping native L1 grid for wv_63
2026-06-03 14:47:34,798 INFO run_pipeline - [process] 2026-06-03 14:47:34,798 INFO process_modis - Step: loading/resampling cloud mask from MOD35_L2.A2024171.0845.061.2024171191234.hdf
2026-06-03 14:47:34,799 INFO run_pipeline - [process] 2026-06-03 14:47:34,798 INFO process_modis - Step: keeping native L1 grid for cloud mask
2026-06-03 14:47:34,803 INFO run_pipeline - [process] 2026-06-03 14:47:34,803 INFO process_modis - Step: prepared Dataset for MOD021KM.A2024171.0845.061.2024171191108.hdf with vars=bt_ir_105,bt_wv_63,cloud_mask coords=time,crs,latitude,longitude
2026-06-03 14:47:36,235 INFO run_pipeline - [process] 2026-06-03 14:47:36,235 INFO process_modis - Wrote /sat_data/modis/processed/2024/06/19/20240619T0845_modis_terra_bt_ir_105_bt_wv_63_cloud_mask.nc
2026-06-03 14:47:43,223 INFO run_pipeline - [process] 2026-06-03 14:47:43,222 INFO process_modis - Step: keeping native L1 grid for ir_105
2026-06-03 14:47:43,551 INFO run_pipeline - [process] 2026-06-03 14:47:43,551 INFO process_modis - Step: keeping native L1 grid for wv_63
2026-06-03 14:47:43,973 INFO run_pipeline - [process] 2026-06-03 14:47:43,973 INFO process_modis - Step: loading/resampling cloud mask from MOD35_L2.A2024171.0840.061.2024171191233.hdf
2026-06-03 14:47:43,974 INFO run_pipeline - [process] 2026-06-03 14:47:43,973 INFO process_modis - Step: keeping native L1 grid for cloud mask
2026-06-03 14:47:43,978 INFO run_pipeline - [process] 2026-06-03 14:47:43,977 INFO process_modis - Step: prepared Dataset for MOD021KM.A2024171.0840.061.2024171191106.hdf with vars=bt_ir_105,bt_wv_63,cloud_mask coords=time,crs,latitude,longitude
2026-06-03 14:47:45,485 INFO run_pipeline - [process] 2026-06-03 14:47:45,485 INFO process_modis - Wrote /sat_data/modis/processed/2024/06/19/20240619T0840_modis_terra_bt_ir_105_bt_wv_63_cloud_mask.nc
2026-06-03 14:48:00,561 INFO run_pipeline - [process] 2026-06-03 14:48:00,561 INFO process_modis - Step: keeping native L1 grid for ir_105
2026-06-03 14:48:00,856 INFO run_pipeline - [process] 2026-06-03 14:48:00,856 INFO process_modis - Step: keeping native L1 grid for wv_63
2026-06-03 14:48:01,269 INFO run_pipeline - [process] 2026-06-03 14:48:01,269 INFO process_modis - Step: loading/resampling cloud mask from MOD35_L2.A2024171.1950.061.2024172160233.hdf
2026-06-03 14:48:01,269 INFO run_pipeline - [process] 2026-06-03 14:48:01,269 INFO process_modis - Step: keeping native L1 grid for cloud mask
2026-06-03 14:48:01,274 INFO run_pipeline - [process] 2026-06-03 14:48:01,274 INFO process_modis - Step: prepared Dataset for MOD021KM.A2024171.1950.061.2024172160116.hdf with vars=bt_ir_105,bt_wv_63,cloud_mask coords=time,crs,latitude,longitude
2026-06-03 14:48:02,733 INFO run_pipeline - [process] 2026-06-03 14:48:02,733 INFO process_modis - Wrote /sat_data/modis/processed/2024/06/19/20240619T1950_modis_terra_bt_ir_105_bt_wv_63_cloud_mask.nc
2026-06-03 14:48:14,573 INFO run_pipeline - [process] 2026-06-03 14:48:14,572 INFO process_modis - Step: keeping native L1 grid for ir_105
2026-06-03 14:48:14,827 INFO run_pipeline - [process] 2026-06-03 14:48:14,826 INFO process_modis - Step: keeping native L1 grid for wv_63
2026-06-03 14:48:15,256 INFO run_pipeline - [process] 2026-06-03 14:48:15,256 INFO process_modis - Step: loading/resampling cloud mask from MOD35_L2.A2024171.2130.061.2024172160608.hdf
2026-06-03 14:48:15,257 INFO run_pipeline - [process] 2026-06-03 14:48:15,256 INFO process_modis - Step: keeping native L1 grid for cloud mask
2026-06-03 14:48:15,261 INFO run_pipeline - [process] 2026-06-03 14:48:15,260 INFO process_modis - Step: prepared Dataset for MOD021KM.A2024171.2130.061.2024172160436.hdf with vars=bt_ir_105,bt_wv_63,cloud_mask coords=time,crs,latitude,longitude
2026-06-03 14:48:16,813 INFO run_pipeline - [process] 2026-06-03 14:48:16,812 INFO process_modis - Wrote /sat_data/modis/processed/2024/06/19/20240619T2130_modis_terra_bt_ir_105_bt_wv_63_cloud_mask.nc
2026-06-03 14:48:16,964 INFO run_pipeline - [process] 2026-06-03 14:48:16,963 INFO process_modis - Processed 6 files for terra in /sat_data/modis/raw/radiances/2024/06/19
2026-06-03 14:48:16,964 INFO run_pipeline - [process] 2026-06-03 14:48:16,964 INFO process_modis - Day aqua /sat_data/modis/raw/radiances/2024/06/19: found 6 L1 files and 6 L2 files (dir totals: 12 radiance, 12 cloud)
2026-06-03 14:48:16,965 INFO run_pipeline - [process] 2026-06-03 14:48:16,964 INFO process_modis - Processing 6 granules with 5 workers
2026-06-03 14:48:16,965 INFO run_pipeline - [process] 2026-06-03 14:48:16,965 INFO process_modis - Processing granule MYD021KM.A2024171.0045.061.2024171155745.hdf timestamp=20240619T0045 matched_L2=MYD35_L2.A2024171.0045.061.2024171155833.hdf
2026-06-03 14:48:16,965 INFO run_pipeline - [process] 2026-06-03 14:48:16,965 INFO process_modis - Step: loading BT datasets for MYD021KM.A2024171.0045.061.2024171155745.hdf
2026-06-03 14:48:16,985 INFO run_pipeline - [process] 2026-06-03 14:48:16,985 INFO process_modis - Processing granule MYD021KM.A2024171.0220.061.2024171162206.hdf timestamp=20240619T0220 matched_L2=MYD35_L2.A2024171.0220.061.2024171162326.hdf
2026-06-03 14:48:16,985 INFO run_pipeline - [process] 2026-06-03 14:48:16,985 INFO process_modis - Step: loading BT datasets for MYD021KM.A2024171.0220.061.2024171162206.hdf
2026-06-03 14:48:16,991 INFO run_pipeline - [process] 2026-06-03 14:48:16,991 INFO process_modis - Processing granule MYD021KM.A2024171.0225.061.2024171161819.hdf timestamp=20240619T0225 matched_L2=MYD35_L2.A2024171.0225.061.2024171161910.hdf
2026-06-03 14:48:16,991 INFO run_pipeline - [process] 2026-06-03 14:48:16,991 INFO process_modis - Step: loading BT datasets for MYD021KM.A2024171.0225.061.2024171161819.hdf
2026-06-03 14:48:16,997 INFO run_pipeline - [process] 2026-06-03 14:48:16,997 INFO process_modis - Processing granule MYD021KM.A2024171.1150.061.2024172150535.hdf timestamp=20240619T1150 matched_L2=MYD35_L2.A2024171.1150.061.2024172150707.hdf
2026-06-03 14:48:16,997 INFO run_pipeline - [process] 2026-06-03 14:48:16,997 INFO process_modis - Step: loading BT datasets for MYD021KM.A2024171.1150.061.2024172150535.hdf
2026-06-03 14:48:17,010 INFO run_pipeline - [process] 2026-06-03 14:48:17,010 INFO process_modis - Processing granule MYD021KM.A2024171.1155.061.2024172151000.hdf timestamp=20240619T1155 matched_L2=MYD35_L2.A2024171.1155.061.2024172151131.hdf
2026-06-03 14:48:17,010 INFO run_pipeline - [process] 2026-06-03 14:48:17,010 INFO process_modis - Step: loading BT datasets for MYD021KM.A2024171.1155.061.2024172151000.hdf
2026-06-03 14:48:18,266 INFO run_pipeline - [process] 2026-06-03 14:48:18,265 INFO process_modis - Step: loaded BT datasets for MYD021KM.A2024171.1150.061.2024172150535.hdf: bt_ir_105,bt_wv_63
2026-06-03 14:48:18,312 INFO run_pipeline - [process] 2026-06-03 14:48:18,311 INFO process_modis - Step: loaded BT datasets for MYD021KM.A2024171.1155.061.2024172151000.hdf: bt_ir_105,bt_wv_63
2026-06-03 14:48:18,352 INFO run_pipeline - [process] 2026-06-03 14:48:18,352 INFO process_modis - Step: loaded BT datasets for MYD021KM.A2024171.0225.061.2024171161819.hdf: bt_ir_105,bt_wv_63
2026-06-03 14:48:18,371 INFO run_pipeline - [process] 2026-06-03 14:48:18,371 INFO process_modis - Step: loaded BT datasets for MYD021KM.A2024171.0045.061.2024171155745.hdf: bt_ir_105,bt_wv_63
2026-06-03 14:48:18,387 INFO run_pipeline - [process] 2026-06-03 14:48:18,387 INFO process_modis - Step: loaded BT datasets for MYD021KM.A2024171.0220.061.2024171162206.hdf: bt_ir_105,bt_wv_63
2026-06-03 14:51:52,617 INFO run_pipeline - [process] 2026-06-03 14:51:52,617 INFO process_modis - Step: keeping native L1 grid for ir_105
2026-06-03 14:51:52,992 INFO run_pipeline - [process] 2026-06-03 14:51:52,991 INFO process_modis - Step: keeping native L1 grid for wv_63
2026-06-03 14:51:53,601 INFO run_pipeline - [process] 2026-06-03 14:51:53,600 INFO process_modis - Step: loading/resampling cloud mask from MYD35_L2.A2024171.0225.061.2024171161910.hdf
2026-06-03 14:51:53,601 INFO run_pipeline - [process] 2026-06-03 14:51:53,600 INFO process_modis - Step: keeping native L1 grid for cloud mask
2026-06-03 14:51:53,608 INFO run_pipeline - [process] 2026-06-03 14:51:53,608 INFO process_modis - Step: prepared Dataset for MYD021KM.A2024171.0225.061.2024171161819.hdf with vars=bt_ir_105,bt_wv_63,cloud_mask coords=time,crs,latitude,longitude
2026-06-03 14:51:55,286 INFO run_pipeline - [process] 2026-06-03 14:51:55,286 INFO process_modis - Wrote /sat_data/modis/processed/2024/06/19/20240619T0225_modis_aqua_bt_ir_105_bt_wv_63_cloud_mask.nc
2026-06-03 14:51:55,459 INFO run_pipeline - [process] 2026-06-03 14:51:55,459 INFO process_modis - Processing granule MYD021KM.A2024171.1330.061.2024172150959.hdf timestamp=20240619T1330 matched_L2=MYD35_L2.A2024171.1330.061.2024172151128.hdf
2026-06-03 14:51:55,460 INFO run_pipeline - [process] 2026-06-03 14:51:55,459 INFO process_modis - Step: loading BT datasets for MYD021KM.A2024171.1330.061.2024172150959.hdf
2026-06-03 14:51:56,088 INFO run_pipeline - [process] 2026-06-03 14:51:56,088 INFO process_modis - Step: loaded BT datasets for MYD021KM.A2024171.1330.061.2024172150959.hdf: bt_ir_105,bt_wv_63
2026-06-03 14:52:24,214 INFO run_pipeline - [process] 2026-06-03 14:52:24,213 INFO process_modis - Step: keeping native L1 grid for ir_105
2026-06-03 14:52:24,542 INFO run_pipeline - [process] 2026-06-03 14:52:24,541 INFO process_modis - Step: keeping native L1 grid for wv_63
2026-06-03 14:52:25,155 INFO run_pipeline - [process] 2026-06-03 14:52:25,154 INFO process_modis - Step: loading/resampling cloud mask from MYD35_L2.A2024171.1150.061.2024172150707.hdf
2026-06-03 14:52:25,155 INFO run_pipeline - [process] 2026-06-03 14:52:25,154 INFO process_modis - Step: keeping native L1 grid for cloud mask
2026-06-03 14:52:25,158 INFO run_pipeline - [process] 2026-06-03 14:52:25,158 INFO process_modis - Step: prepared Dataset for MYD021KM.A2024171.1150.061.2024172150535.hdf with vars=bt_ir_105,bt_wv_63,cloud_mask coords=time,crs,latitude,longitude
2026-06-03 14:52:26,791 INFO run_pipeline - [process] 2026-06-03 14:52:26,790 INFO process_modis - Wrote /sat_data/modis/processed/2024/06/19/20240619T1150_modis_aqua_bt_ir_105_bt_wv_63_cloud_mask.nc
2026-06-03 14:52:30,243 INFO run_pipeline - [process] 2026-06-03 14:52:30,242 INFO process_modis - Step: keeping native L1 grid for ir_105
2026-06-03 14:52:30,503 INFO run_pipeline - [process] 2026-06-03 14:52:30,503 INFO process_modis - Step: keeping native L1 grid for wv_63
2026-06-03 14:52:30,969 INFO run_pipeline - [process] 2026-06-03 14:52:30,969 INFO process_modis - Step: loading/resampling cloud mask from MYD35_L2.A2024171.0220.061.2024171162326.hdf
2026-06-03 14:52:30,970 INFO run_pipeline - [process] 2026-06-03 14:52:30,969 INFO process_modis - Step: keeping native L1 grid for cloud mask
2026-06-03 14:52:30,975 INFO run_pipeline - [process] 2026-06-03 14:52:30,974 INFO process_modis - Step: prepared Dataset for MYD021KM.A2024171.0220.061.2024171162206.hdf with vars=bt_ir_105,bt_wv_63,cloud_mask coords=time,crs,latitude,longitude
2026-06-03 14:52:30,984 INFO run_pipeline - [process] 2026-06-03 14:52:30,984 INFO process_modis - Step: keeping native L1 grid for ir_105
2026-06-03 14:52:31,228 INFO run_pipeline - [process] 2026-06-03 14:52:31,228 INFO process_modis - Step: keeping native L1 grid for wv_63
2026-06-03 14:52:31,739 INFO run_pipeline - [process] 2026-06-03 14:52:31,738 INFO process_modis - Step: loading/resampling cloud mask from MYD35_L2.A2024171.1155.061.2024172151131.hdf
2026-06-03 14:52:31,739 INFO run_pipeline - [process] 2026-06-03 14:52:31,739 INFO process_modis - Step: keeping native L1 grid for cloud mask
2026-06-03 14:52:31,747 INFO run_pipeline - [process] 2026-06-03 14:52:31,747 INFO process_modis - Step: prepared Dataset for MYD021KM.A2024171.1155.061.2024172151000.hdf with vars=bt_ir_105,bt_wv_63,cloud_mask coords=time,crs,latitude,longitude
2026-06-03 14:52:32,476 INFO run_pipeline - [process] 2026-06-03 14:52:32,476 INFO process_modis - Wrote /sat_data/modis/processed/2024/06/19/20240619T0220_modis_aqua_bt_ir_105_bt_wv_63_cloud_mask.nc
2026-06-03 14:52:33,500 INFO run_pipeline - [process] 2026-06-03 14:52:33,499 INFO process_modis - Step: keeping native L1 grid for ir_105
2026-06-03 14:52:33,737 INFO run_pipeline - [process] 2026-06-03 14:52:33,737 INFO process_modis - Step: keeping native L1 grid for wv_63
2026-06-03 14:52:34,161 INFO run_pipeline - [process] 2026-06-03 14:52:34,160 INFO process_modis - Step: loading/resampling cloud mask from MYD35_L2.A2024171.0045.061.2024171155833.hdf
2026-06-03 14:52:34,161 INFO run_pipeline - [process] 2026-06-03 14:52:34,161 INFO process_modis - Step: keeping native L1 grid for cloud mask
2026-06-03 14:52:34,165 INFO run_pipeline - [process] 2026-06-03 14:52:34,165 INFO process_modis - Step: prepared Dataset for MYD021KM.A2024171.0045.061.2024171155745.hdf with vars=bt_ir_105,bt_wv_63,cloud_mask coords=time,crs,latitude,longitude
2026-06-03 14:52:34,186 INFO run_pipeline - [process] 2026-06-03 14:52:34,186 INFO process_modis - Wrote /sat_data/modis/processed/2024/06/19/20240619T1155_modis_aqua_bt_ir_105_bt_wv_63_cloud_mask.nc
2026-06-03 14:52:35,617 INFO run_pipeline - [process] 2026-06-03 14:52:35,617 INFO process_modis - Wrote /sat_data/modis/processed/2024/06/19/20240619T0045_modis_aqua_bt_ir_105_bt_wv_63_cloud_mask.nc
2026-06-03 14:52:52,349 INFO run_pipeline - [process] 2026-06-03 14:52:52,348 INFO process_modis - Step: keeping native L1 grid for ir_105
2026-06-03 14:52:52,636 INFO run_pipeline - [process] 2026-06-03 14:52:52,636 INFO process_modis - Step: keeping native L1 grid for wv_63
2026-06-03 14:52:53,224 INFO run_pipeline - [process] 2026-06-03 14:52:53,223 INFO process_modis - Step: loading/resampling cloud mask from MYD35_L2.A2024171.1330.061.2024172151128.hdf
2026-06-03 14:52:53,224 INFO run_pipeline - [process] 2026-06-03 14:52:53,223 INFO process_modis - Step: keeping native L1 grid for cloud mask
2026-06-03 14:52:53,227 INFO run_pipeline - [process] 2026-06-03 14:52:53,227 INFO process_modis - Step: prepared Dataset for MYD021KM.A2024171.1330.061.2024172150959.hdf with vars=bt_ir_105,bt_wv_63,cloud_mask coords=time,crs,latitude,longitude
2026-06-03 14:52:54,745 INFO run_pipeline - [process] 2026-06-03 14:52:54,745 INFO process_modis - Wrote /sat_data/modis/processed/2024/06/19/20240619T1330_modis_aqua_bt_ir_105_bt_wv_63_cloud_mask.nc
2026-06-03 14:52:54,926 INFO run_pipeline - [process] 2026-06-03 14:52:54,926 INFO process_modis - Processed 6 files for aqua in /sat_data/modis/raw/radiances/2024/06/19
2026-06-03 14:52:55,488 INFO run_pipeline - Finished process in 547.91s with return code 0
2026-06-03 14:52:55,488 INFO run_pipeline - Starting upload: /home/Daniele/miniforge3/envs/satpy/bin/python /home/Daniele/codes/MODIS-processing/scripts/2_upload_s3.py --config /home/Daniele/codes/MODIS-processing/config/pipeline_config.yaml --credentials /home/Daniele/codes/MODIS-processing/s3_credentials.py --date 2024-06-19 --log-level INFO --verify
2026-06-03 14:53:11,531 INFO run_pipeline - [upload] 2026-06-03 14:53:11,531 INFO upload_s3 - Uploaded 12 files
2026-06-03 14:53:11,780 INFO run_pipeline - Finished upload in 16.29s with return code 0
2026-06-03 14:53:11,780 INFO run_pipeline - Batch 2024-06-19 finished in download=29.70s process=547.91s upload=16.29s | L1=12 L2=12 processed=12 uploaded=12 errors=0 failed_stage=none
2026-06-03 14:53:11,780 INFO run_pipeline - === Batch 2024-06-20 ===
2026-06-03 14:53:11,780 INFO run_pipeline - Starting download: /home/Daniele/miniforge3/envs/satpy/bin/python /home/Daniele/codes/MODIS-processing/scripts/0_download_modis.py --config /home/Daniele/codes/MODIS-processing/config/pipeline_config.yaml --date 2024-06-20 --log-level INFO
2026-06-03 14:53:12,863 INFO run_pipeline - [download] 2026-06-03 14:53:12,863 INFO download_modis - Searching CMR for MOD021KM between 2024-06-20 00:00:00 and 2024-06-21 00:00:00
2026-06-03 14:53:13,232 INFO run_pipeline - [download] 2026-06-03 14:53:13,232 INFO download_modis - Downloading 6 granules with 6 workers for MOD021KM
2026-06-03 14:53:23,590 INFO run_pipeline - [download] 2026-06-03 14:53:23,590 INFO download_modis - Searching CMR for MOD35_L2 between 2024-06-20 00:00:00 and 2024-06-21 00:00:00
2026-06-03 14:53:23,874 INFO run_pipeline - [download] 2026-06-03 14:53:23,874 INFO download_modis - Downloading 6 granules with 6 workers for MOD35_L2
2026-06-03 14:53:28,226 INFO run_pipeline - [download] 2026-06-03 14:53:28,226 INFO download_modis - terra [2024-06-20 - 2024-06-21] L1 downloaded=6 skipped=6 | L2 downloaded=6 skipped=0
2026-06-03 14:53:28,227 INFO run_pipeline - [download] 2026-06-03 14:53:28,226 INFO download_modis - Searching CMR for MYD021KM between 2024-06-20 00:00:00 and 2024-06-21 00:00:00
2026-06-03 14:53:28,481 INFO run_pipeline - [download] 2026-06-03 14:53:28,480 INFO download_modis - Downloading 7 granules with 6 workers for MYD021KM
2026-06-03 14:53:42,746 INFO run_pipeline - [download] 2026-06-03 14:53:42,746 INFO download_modis - Searching CMR for MYD35_L2 between 2024-06-20 00:00:00 and 2024-06-21 00:00:00
2026-06-03 14:53:43,041 INFO run_pipeline - [download] 2026-06-03 14:53:43,035 INFO download_modis - Downloading 7 granules with 6 workers for MYD35_L2
2026-06-03 14:53:49,773 INFO run_pipeline - [download] 2026-06-03 14:53:49,773 INFO download_modis - aqua [2024-06-20 - 2024-06-21] L1 downloaded=7 skipped=7 | L2 downloaded=7 skipped=0
2026-06-03 14:53:49,978 INFO run_pipeline - Finished download in 38.20s with return code 0
2026-06-03 14:53:49,979 INFO run_pipeline - Starting process: /home/Daniele/miniforge3/envs/satpy/bin/python /home/Daniele/codes/MODIS-processing/scripts/1_process_modis.py --config /home/Daniele/codes/MODIS-processing/config/pipeline_config.yaml --date 2024-06-20 --log-level INFO
2026-06-03 14:53:51,068 INFO run_pipeline - [process] 2026-06-03 14:53:51,068 INFO process_modis - Day terra /sat_data/modis/raw/radiances/2024/06/20: found 6 L1 files and 6 L2 files (dir totals: 13 radiance, 13 cloud)
2026-06-03 14:53:51,069 INFO run_pipeline - [process] 2026-06-03 14:53:51,068 INFO process_modis - Processing 6 granules with 5 workers
2026-06-03 14:53:51,069 INFO run_pipeline - [process] 2026-06-03 14:53:51,069 INFO process_modis - Processing granule MOD021KM.A2024172.0920.061.2024172191559.hdf timestamp=20240620T0920 matched_L2=MOD35_L2.A2024172.0920.061.2024172191753.hdf
2026-06-03 14:53:51,069 INFO run_pipeline - [process] 2026-06-03 14:53:51,069 INFO process_modis - Step: loading BT datasets for MOD021KM.A2024172.0920.061.2024172191559.hdf
2026-06-03 14:53:51,069 INFO run_pipeline - [process] 2026-06-03 14:53:51,069 INFO process_modis - Processing granule MOD021KM.A2024172.0925.061.2024172191538.hdf timestamp=20240620T0925 matched_L2=MOD35_L2.A2024172.0925.061.2024172191724.hdf
2026-06-03 14:53:51,070 INFO run_pipeline - [process] 2026-06-03 14:53:51,069 INFO process_modis - Step: loading BT datasets for MOD021KM.A2024172.0925.061.2024172191538.hdf
2026-06-03 14:53:51,070 INFO run_pipeline - [process] 2026-06-03 14:53:51,070 INFO process_modis - Processing granule MOD021KM.A2024172.1100.061.2024172191545.hdf timestamp=20240620T1100 matched_L2=MOD35_L2.A2024172.1100.061.2024172191733.hdf
2026-06-03 14:53:51,070 INFO run_pipeline - [process] 2026-06-03 14:53:51,070 INFO process_modis - Step: loading BT datasets for MOD021KM.A2024172.1100.061.2024172191545.hdf
2026-06-03 14:53:51,071 INFO run_pipeline - [process] 2026-06-03 14:53:51,071 INFO process_modis - Processing granule MOD021KM.A2024172.1850.061.2024173072618.hdf timestamp=20240620T1850 matched_L2=MOD35_L2.A2024172.1850.061.2024173072710.hdf
2026-06-03 14:53:51,071 INFO run_pipeline - [process] 2026-06-03 14:53:51,071 INFO process_modis - Step: loading BT datasets for MOD021KM.A2024172.1850.061.2024173072618.hdf
2026-06-03 14:53:51,072 INFO run_pipeline - [process] 2026-06-03 14:53:51,072 INFO process_modis - Processing granule MOD021KM.A2024172.1855.061.2024173072649.hdf timestamp=20240620T1855 matched_L2=MOD35_L2.A2024172.1855.061.2024173072832.hdf
2026-06-03 14:53:51,072 INFO run_pipeline - [process] 2026-06-03 14:53:51,072 INFO process_modis - Step: loading BT datasets for MOD021KM.A2024172.1855.061.2024173072649.hdf
2026-06-03 14:53:53,251 INFO run_pipeline - [process] 2026-06-03 14:53:53,251 INFO process_modis - Step: loaded BT datasets for MOD021KM.A2024172.1855.061.2024173072649.hdf: bt_ir_105,bt_wv_63
2026-06-03 14:53:53,307 INFO run_pipeline - [process] 2026-06-03 14:53:53,307 INFO process_modis - Step: loaded BT datasets for MOD021KM.A2024172.0920.061.2024172191559.hdf: bt_ir_105,bt_wv_63
2026-06-03 14:53:53,347 INFO run_pipeline - [process] 2026-06-03 14:53:53,346 INFO process_modis - Step: loaded BT datasets for MOD021KM.A2024172.0925.061.2024172191538.hdf: bt_ir_105,bt_wv_63
2026-06-03 14:53:53,385 INFO run_pipeline - [process] 2026-06-03 14:53:53,384 INFO process_modis - Step: loaded BT datasets for MOD021KM.A2024172.1850.061.2024173072618.hdf: bt_ir_105,bt_wv_63
2026-06-03 14:53:53,421 INFO run_pipeline - [process] 2026-06-03 14:53:53,421 INFO process_modis - Step: loaded BT datasets for MOD021KM.A2024172.1100.061.2024172191545.hdf: bt_ir_105,bt_wv_63
2026-06-03 14:56:46,612 INFO run_pipeline - [process] 2026-06-03 14:56:46,611 INFO process_modis - Step: keeping native L1 grid for ir_105
2026-06-03 14:56:46,878 INFO run_pipeline - [process] 2026-06-03 14:56:46,878 INFO process_modis - Step: keeping native L1 grid for wv_63
2026-06-03 14:56:47,302 INFO run_pipeline - [process] 2026-06-03 14:56:47,302 INFO process_modis - Step: loading/resampling cloud mask from MOD35_L2.A2024172.0925.061.2024172191724.hdf
2026-06-03 14:56:47,303 INFO run_pipeline - [process] 2026-06-03 14:56:47,302 INFO process_modis - Step: keeping native L1 grid for cloud mask
2026-06-03 14:56:47,308 INFO run_pipeline - [process] 2026-06-03 14:56:47,308 INFO process_modis - Step: prepared Dataset for MOD021KM.A2024172.0925.061.2024172191538.hdf with vars=bt_ir_105,bt_wv_63,cloud_mask coords=time,crs,latitude,longitude
2026-06-03 14:56:48,887 INFO run_pipeline - [process] 2026-06-03 14:56:48,886 INFO process_modis - Wrote /sat_data/modis/processed/2024/06/20/20240620T0925_modis_terra_bt_ir_105_bt_wv_63_cloud_mask.nc
2026-06-03 14:56:48,896 INFO run_pipeline - [process] 2026-06-03 14:56:48,896 INFO process_modis - Processing granule MOD021KM.A2024172.2030.061.2024173072643.hdf timestamp=20240620T2030 matched_L2=MOD35_L2.A2024172.2030.061.2024173072759.hdf
2026-06-03 14:56:48,896 INFO run_pipeline - [process] 2026-06-03 14:56:48,896 INFO process_modis - Step: loading BT datasets for MOD021KM.A2024172.2030.061.2024173072643.hdf
2026-06-03 14:56:49,465 INFO run_pipeline - [process] 2026-06-03 14:56:49,465 INFO process_modis - Step: loaded BT datasets for MOD021KM.A2024172.2030.061.2024173072643.hdf: bt_ir_105,bt_wv_63
2026-06-03 14:57:33,424 INFO run_pipeline - [process] 2026-06-03 14:57:33,423 INFO process_modis - Step: keeping native L1 grid for ir_105
2026-06-03 14:57:33,792 INFO run_pipeline - [process] 2026-06-03 14:57:33,792 INFO process_modis - Step: keeping native L1 grid for wv_63
2026-06-03 14:57:34,494 INFO run_pipeline - [process] 2026-06-03 14:57:34,494 INFO process_modis - Step: loading/resampling cloud mask from MOD35_L2.A2024172.1100.061.2024172191733.hdf
2026-06-03 14:57:34,494 INFO run_pipeline - [process] 2026-06-03 14:57:34,494 INFO process_modis - Step: keeping native L1 grid for cloud mask
2026-06-03 14:57:34,498 INFO run_pipeline - [process] 2026-06-03 14:57:34,498 INFO process_modis - Step: prepared Dataset for MOD021KM.A2024172.1100.061.2024172191545.hdf with vars=bt_ir_105,bt_wv_63,cloud_mask coords=time,crs,latitude,longitude
2026-06-03 14:57:36,036 INFO run_pipeline - [process] 2026-06-03 14:57:36,035 INFO process_modis - Wrote /sat_data/modis/processed/2024/06/20/20240620T1100_modis_terra_bt_ir_105_bt_wv_63_cloud_mask.nc
2026-06-03 14:57:43,442 INFO run_pipeline - [process] 2026-06-03 14:57:43,442 INFO process_modis - Step: keeping native L1 grid for ir_105
2026-06-03 14:57:43,718 INFO run_pipeline - [process] 2026-06-03 14:57:43,718 INFO process_modis - Step: keeping native L1 grid for wv_63
2026-06-03 14:57:44,139 INFO run_pipeline - [process] 2026-06-03 14:57:44,139 INFO process_modis - Step: loading/resampling cloud mask from MOD35_L2.A2024172.1850.061.2024173072710.hdf
2026-06-03 14:57:44,139 INFO run_pipeline - [process] 2026-06-03 14:57:44,139 INFO process_modis - Step: keeping native L1 grid for cloud mask
2026-06-03 14:57:44,144 INFO run_pipeline - [process] 2026-06-03 14:57:44,144 INFO process_modis - Step: prepared Dataset for MOD021KM.A2024172.1850.061.2024173072618.hdf with vars=bt_ir_105,bt_wv_63,cloud_mask coords=time,crs,latitude,longitude
2026-06-03 14:57:45,610 INFO run_pipeline - [process] 2026-06-03 14:57:45,610 INFO process_modis - Wrote /sat_data/modis/processed/2024/06/20/20240620T1850_modis_terra_bt_ir_105_bt_wv_63_cloud_mask.nc
2026-06-03 14:57:51,777 INFO run_pipeline - [process] 2026-06-03 14:57:51,776 INFO process_modis - Step: keeping native L1 grid for ir_105
2026-06-03 14:57:52,020 INFO run_pipeline - [process] 2026-06-03 14:57:52,020 INFO process_modis - Step: keeping native L1 grid for wv_63
2026-06-03 14:57:52,455 INFO run_pipeline - [process] 2026-06-03 14:57:52,454 INFO process_modis - Step: loading/resampling cloud mask from MOD35_L2.A2024172.0920.061.2024172191753.hdf
2026-06-03 14:57:52,455 INFO run_pipeline - [process] 2026-06-03 14:57:52,455 INFO process_modis - Step: keeping native L1 grid for cloud mask
2026-06-03 14:57:52,459 INFO run_pipeline - [process] 2026-06-03 14:57:52,459 INFO process_modis - Step: prepared Dataset for MOD021KM.A2024172.0920.061.2024172191559.hdf with vars=bt_ir_105,bt_wv_63,cloud_mask coords=time,crs,latitude,longitude
2026-06-03 14:57:53,950 INFO run_pipeline - [process] 2026-06-03 14:57:53,949 INFO process_modis - Wrote /sat_data/modis/processed/2024/06/20/20240620T0920_modis_terra_bt_ir_105_bt_wv_63_cloud_mask.nc
2026-06-03 14:58:03,385 INFO run_pipeline - [process] 2026-06-03 14:58:03,384 INFO process_modis - Step: keeping native L1 grid for ir_105
2026-06-03 14:58:03,619 INFO run_pipeline - [process] 2026-06-03 14:58:03,619 INFO process_modis - Step: keeping native L1 grid for wv_63
2026-06-03 14:58:04,073 INFO run_pipeline - [process] 2026-06-03 14:58:04,073 INFO process_modis - Step: loading/resampling cloud mask from MOD35_L2.A2024172.1855.061.2024173072832.hdf
2026-06-03 14:58:04,074 INFO run_pipeline - [process] 2026-06-03 14:58:04,073 INFO process_modis - Step: keeping native L1 grid for cloud mask
2026-06-03 14:58:04,078 INFO run_pipeline - [process] 2026-06-03 14:58:04,078 INFO process_modis - Step: prepared Dataset for MOD021KM.A2024172.1855.061.2024173072649.hdf with vars=bt_ir_105,bt_wv_63,cloud_mask coords=time,crs,latitude,longitude
2026-06-03 14:58:05,590 INFO run_pipeline - [process] 2026-06-03 14:58:05,590 INFO process_modis - Wrote /sat_data/modis/processed/2024/06/20/20240620T1855_modis_terra_bt_ir_105_bt_wv_63_cloud_mask.nc
2026-06-03 14:58:19,081 INFO run_pipeline - [process] 2026-06-03 14:58:19,080 INFO process_modis - Step: keeping native L1 grid for ir_105
2026-06-03 14:58:19,329 INFO run_pipeline - [process] 2026-06-03 14:58:19,329 INFO process_modis - Step: keeping native L1 grid for wv_63
2026-06-03 14:58:19,833 INFO run_pipeline - [process] 2026-06-03 14:58:19,833 INFO process_modis - Step: loading/resampling cloud mask from MOD35_L2.A2024172.2030.061.2024173072759.hdf
2026-06-03 14:58:19,833 INFO run_pipeline - [process] 2026-06-03 14:58:19,833 INFO process_modis - Step: keeping native L1 grid for cloud mask
2026-06-03 14:58:19,837 INFO run_pipeline - [process] 2026-06-03 14:58:19,837 INFO process_modis - Step: prepared Dataset for MOD021KM.A2024172.2030.061.2024173072643.hdf with vars=bt_ir_105,bt_wv_63,cloud_mask coords=time,crs,latitude,longitude
2026-06-03 14:58:21,321 INFO run_pipeline - [process] 2026-06-03 14:58:21,321 INFO process_modis - Wrote /sat_data/modis/processed/2024/06/20/20240620T2030_modis_terra_bt_ir_105_bt_wv_63_cloud_mask.nc
2026-06-03 14:58:21,382 INFO run_pipeline - [process] 2026-06-03 14:58:21,382 INFO process_modis - Processed 6 files for terra in /sat_data/modis/raw/radiances/2024/06/20
2026-06-03 14:58:21,383 INFO run_pipeline - [process] 2026-06-03 14:58:21,383 INFO process_modis - Day aqua /sat_data/modis/raw/radiances/2024/06/20: found 7 L1 files and 7 L2 files (dir totals: 13 radiance, 13 cloud)
2026-06-03 14:58:21,383 INFO run_pipeline - [process] 2026-06-03 14:58:21,383 INFO process_modis - Processing 7 granules with 5 workers
2026-06-03 14:58:21,384 INFO run_pipeline - [process] 2026-06-03 14:58:21,384 INFO process_modis - Processing granule MYD021KM.A2024172.0125.061.2024172152100.hdf timestamp=20240620T0125 matched_L2=MYD35_L2.A2024172.0125.061.2024172152144.hdf
2026-06-03 14:58:21,384 INFO run_pipeline - [process] 2026-06-03 14:58:21,384 INFO process_modis - Step: loading BT datasets for MYD021KM.A2024172.0125.061.2024172152100.hdf
2026-06-03 14:58:21,385 INFO run_pipeline - [process] 2026-06-03 14:58:21,384 INFO process_modis - Processing granule MYD021KM.A2024172.0300.061.2024172152757.hdf timestamp=20240620T0300 matched_L2=MYD35_L2.A2024172.0300.061.2024172152946.hdf
2026-06-03 14:58:21,385 INFO run_pipeline - [process] 2026-06-03 14:58:21,385 INFO process_modis - Step: loading BT datasets for MYD021KM.A2024172.0300.061.2024172152757.hdf
2026-06-03 14:58:21,396 INFO run_pipeline - [process] 2026-06-03 14:58:21,396 INFO process_modis - Processing granule MYD021KM.A2024172.0305.061.2024172152110.hdf timestamp=20240620T0305 matched_L2=MYD35_L2.A2024172.0305.061.2024172152201.hdf
2026-06-03 14:58:21,396 INFO run_pipeline - [process] 2026-06-03 14:58:21,396 INFO process_modis - Step: loading BT datasets for MYD021KM.A2024172.0305.061.2024172152110.hdf
2026-06-03 14:58:21,412 INFO run_pipeline - [process] 2026-06-03 14:58:21,412 INFO process_modis - Processing granule MYD021KM.A2024172.1230.061.2024173151316.hdf timestamp=20240620T1230 matched_L2=MYD35_L2.A2024172.1230.061.2024173151448.hdf
2026-06-03 14:58:21,412 INFO run_pipeline - [process] 2026-06-03 14:58:21,412 INFO process_modis - Step: loading BT datasets for MYD021KM.A2024172.1230.061.2024173151316.hdf
2026-06-03 14:58:21,572 INFO run_pipeline - [process] 2026-06-03 14:58:21,572 INFO process_modis - Processing granule MYD021KM.A2024172.1235.061.2024173151326.hdf timestamp=20240620T1235 matched_L2=MYD35_L2.A2024172.1235.061.2024173151509.hdf
2026-06-03 14:58:21,572 INFO run_pipeline - [process] 2026-06-03 14:58:21,572 INFO process_modis - Step: loading BT datasets for MYD021KM.A2024172.1235.061.2024173151326.hdf
2026-06-03 14:58:22,659 INFO run_pipeline - [process] 2026-06-03 14:58:22,659 INFO process_modis - Step: loaded BT datasets for MYD021KM.A2024172.0305.061.2024172152110.hdf: bt_ir_105,bt_wv_63
2026-06-03 14:58:22,685 INFO run_pipeline - [process] 2026-06-03 14:58:22,685 INFO process_modis - Step: loaded BT datasets for MYD021KM.A2024172.1230.061.2024173151316.hdf: bt_ir_105,bt_wv_63
2026-06-03 14:58:22,716 INFO run_pipeline - [process] 2026-06-03 14:58:22,715 INFO process_modis - Step: loaded BT datasets for MYD021KM.A2024172.0300.061.2024172152757.hdf: bt_ir_105,bt_wv_63
2026-06-03 14:58:22,807 INFO run_pipeline - [process] 2026-06-03 14:58:22,807 INFO process_modis - Step: loaded BT datasets for MYD021KM.A2024172.0125.061.2024172152100.hdf: bt_ir_105,bt_wv_63
2026-06-03 14:58:22,827 INFO run_pipeline - [process] 2026-06-03 14:58:22,827 INFO process_modis - Step: loaded BT datasets for MYD021KM.A2024172.1235.061.2024173151326.hdf: bt_ir_105,bt_wv_63
2026-06-03 15:01:53,600 INFO run_pipeline - [process] 2026-06-03 15:01:53,600 INFO process_modis - Step: keeping native L1 grid for ir_105
2026-06-03 15:01:53,919 INFO run_pipeline - [process] 2026-06-03 15:01:53,919 INFO process_modis - Step: keeping native L1 grid for wv_63
2026-06-03 15:01:54,376 INFO run_pipeline - [process] 2026-06-03 15:01:54,375 INFO process_modis - Step: loading/resampling cloud mask from MYD35_L2.A2024172.1235.061.2024173151509.hdf
2026-06-03 15:01:54,376 INFO run_pipeline - [process] 2026-06-03 15:01:54,376 INFO process_modis - Step: keeping native L1 grid for cloud mask
2026-06-03 15:01:54,380 INFO run_pipeline - [process] 2026-06-03 15:01:54,380 INFO process_modis - Step: prepared Dataset for MYD021KM.A2024172.1235.061.2024173151326.hdf with vars=bt_ir_105,bt_wv_63,cloud_mask coords=time,crs,latitude,longitude
2026-06-03 15:01:55,899 INFO run_pipeline - [process] 2026-06-03 15:01:55,899 INFO process_modis - Wrote /sat_data/modis/processed/2024/06/20/20240620T1235_modis_aqua_bt_ir_105_bt_wv_63_cloud_mask.nc
2026-06-03 15:01:56,053 INFO run_pipeline - [process] 2026-06-03 15:01:56,053 INFO process_modis - Processing granule MYD021KM.A2024172.1410.061.2024173151322.hdf timestamp=20240620T1410 matched_L2=MYD35_L2.A2024172.1410.061.2024173151515.hdf
2026-06-03 15:01:56,053 INFO run_pipeline - [process] 2026-06-03 15:01:56,053 INFO process_modis - Step: loading BT datasets for MYD021KM.A2024172.1410.061.2024173151322.hdf
2026-06-03 15:01:56,627 INFO run_pipeline - [process] 2026-06-03 15:01:56,627 INFO process_modis - Step: loaded BT datasets for MYD021KM.A2024172.1410.061.2024173151322.hdf: bt_ir_105,bt_wv_63
2026-06-03 15:02:23,145 INFO run_pipeline - [process] 2026-06-03 15:02:23,145 INFO process_modis - Step: keeping native L1 grid for ir_105
2026-06-03 15:02:23,487 INFO run_pipeline - [process] 2026-06-03 15:02:23,486 INFO process_modis - Step: keeping native L1 grid for wv_63
2026-06-03 15:02:23,952 INFO run_pipeline - [process] 2026-06-03 15:02:23,952 INFO process_modis - Step: loading/resampling cloud mask from MYD35_L2.A2024172.1230.061.2024173151448.hdf
2026-06-03 15:02:23,952 INFO run_pipeline - [process] 2026-06-03 15:02:23,952 INFO process_modis - Step: keeping native L1 grid for cloud mask
2026-06-03 15:02:23,957 INFO run_pipeline - [process] 2026-06-03 15:02:23,957 INFO process_modis - Step: prepared Dataset for MYD021KM.A2024172.1230.061.2024173151316.hdf with vars=bt_ir_105,bt_wv_63,cloud_mask coords=time,crs,latitude,longitude
2026-06-03 15:02:25,411 INFO run_pipeline - [process] 2026-06-03 15:02:25,411 INFO process_modis - Wrote /sat_data/modis/processed/2024/06/20/20240620T1230_modis_aqua_bt_ir_105_bt_wv_63_cloud_mask.nc
2026-06-03 15:02:25,590 INFO run_pipeline - [process] 2026-06-03 15:02:25,590 INFO process_modis - Processing granule MYD021KM.A2024172.1415.061.2024173151712.hdf timestamp=20240620T1415 matched_L2=MYD35_L2.A2024172.1415.061.2024173151903.hdf
2026-06-03 15:02:25,590 INFO run_pipeline - [process] 2026-06-03 15:02:25,590 INFO process_modis - Step: loading BT datasets for MYD021KM.A2024172.1415.061.2024173151712.hdf
2026-06-03 15:02:26,186 INFO run_pipeline - [process] 2026-06-03 15:02:26,185 INFO process_modis - Step: loaded BT datasets for MYD021KM.A2024172.1415.061.2024173151712.hdf: bt_ir_105,bt_wv_63
2026-06-03 15:02:29,899 INFO run_pipeline - [process] 2026-06-03 15:02:29,899 INFO process_modis - Step: keeping native L1 grid for ir_105
2026-06-03 15:02:30,285 INFO run_pipeline - [process] 2026-06-03 15:02:30,285 INFO process_modis - Step: keeping native L1 grid for wv_63
2026-06-03 15:02:30,856 INFO run_pipeline - [process] 2026-06-03 15:02:30,855 INFO process_modis - Step: loading/resampling cloud mask from MYD35_L2.A2024172.0305.061.2024172152201.hdf
2026-06-03 15:02:30,856 INFO run_pipeline - [process] 2026-06-03 15:02:30,855 INFO process_modis - Step: keeping native L1 grid for cloud mask
2026-06-03 15:02:30,860 INFO run_pipeline - [process] 2026-06-03 15:02:30,860 INFO process_modis - Step: prepared Dataset for MYD021KM.A2024172.0305.061.2024172152110.hdf with vars=bt_ir_105,bt_wv_63,cloud_mask coords=time,crs,latitude,longitude
2026-06-03 15:02:32,366 INFO run_pipeline - [process] 2026-06-03 15:02:32,366 INFO process_modis - Wrote /sat_data/modis/processed/2024/06/20/20240620T0305_modis_aqua_bt_ir_105_bt_wv_63_cloud_mask.nc
2026-06-03 15:02:36,465 INFO run_pipeline - [process] 2026-06-03 15:02:36,464 INFO process_modis - Step: keeping native L1 grid for ir_105
2026-06-03 15:02:36,720 INFO run_pipeline - [process] 2026-06-03 15:02:36,720 INFO process_modis - Step: keeping native L1 grid for wv_63
2026-06-03 15:02:37,212 INFO run_pipeline - [process] 2026-06-03 15:02:37,211 INFO process_modis - Step: loading/resampling cloud mask from MYD35_L2.A2024172.0300.061.2024172152946.hdf
2026-06-03 15:02:37,212 INFO run_pipeline - [process] 2026-06-03 15:02:37,212 INFO process_modis - Step: keeping native L1 grid for cloud mask
2026-06-03 15:02:37,221 INFO run_pipeline - [process] 2026-06-03 15:02:37,221 INFO process_modis - Step: prepared Dataset for MYD021KM.A2024172.0300.061.2024172152757.hdf with vars=bt_ir_105,bt_wv_63,cloud_mask coords=time,crs,latitude,longitude
2026-06-03 15:02:38,775 INFO run_pipeline - [process] 2026-06-03 15:02:38,774 INFO process_modis - Wrote /sat_data/modis/processed/2024/06/20/20240620T0300_modis_aqua_bt_ir_105_bt_wv_63_cloud_mask.nc
2026-06-03 15:02:40,875 INFO run_pipeline - [process] 2026-06-03 15:02:40,874 INFO process_modis - Step: keeping native L1 grid for ir_105
2026-06-03 15:02:41,113 INFO run_pipeline - [process] 2026-06-03 15:02:41,112 INFO process_modis - Step: keeping native L1 grid for wv_63
2026-06-03 15:02:41,640 INFO run_pipeline - [process] 2026-06-03 15:02:41,640 INFO process_modis - Step: loading/resampling cloud mask from MYD35_L2.A2024172.0125.061.2024172152144.hdf
2026-06-03 15:02:41,641 INFO run_pipeline - [process] 2026-06-03 15:02:41,640 INFO process_modis - Step: keeping native L1 grid for cloud mask
2026-06-03 15:02:41,644 INFO run_pipeline - [process] 2026-06-03 15:02:41,644 INFO process_modis - Step: prepared Dataset for MYD021KM.A2024172.0125.061.2024172152100.hdf with vars=bt_ir_105,bt_wv_63,cloud_mask coords=time,crs,latitude,longitude
2026-06-03 15:02:43,121 INFO run_pipeline - [process] 2026-06-03 15:02:43,121 INFO process_modis - Wrote /sat_data/modis/processed/2024/06/20/20240620T0125_modis_aqua_bt_ir_105_bt_wv_63_cloud_mask.nc
2026-06-03 15:02:59,970 INFO run_pipeline - [process] 2026-06-03 15:02:59,970 INFO process_modis - Step: keeping native L1 grid for ir_105
2026-06-03 15:03:00,251 INFO run_pipeline - [process] 2026-06-03 15:03:00,251 INFO process_modis - Step: keeping native L1 grid for wv_63
2026-06-03 15:03:00,689 INFO run_pipeline - [process] 2026-06-03 15:03:00,689 INFO process_modis - Step: loading/resampling cloud mask from MYD35_L2.A2024172.1410.061.2024173151515.hdf
2026-06-03 15:03:00,689 INFO run_pipeline - [process] 2026-06-03 15:03:00,689 INFO process_modis - Step: keeping native L1 grid for cloud mask
2026-06-03 15:03:00,693 INFO run_pipeline - [process] 2026-06-03 15:03:00,693 INFO process_modis - Step: prepared Dataset for MYD021KM.A2024172.1410.061.2024173151322.hdf with vars=bt_ir_105,bt_wv_63,cloud_mask coords=time,crs,latitude,longitude
2026-06-03 15:03:02,191 INFO run_pipeline - [process] 2026-06-03 15:03:02,191 INFO process_modis - Wrote /sat_data/modis/processed/2024/06/20/20240620T1410_modis_aqua_bt_ir_105_bt_wv_63_cloud_mask.nc
2026-06-03 15:03:20,790 INFO run_pipeline - [process] 2026-06-03 15:03:20,789 INFO process_modis - Step: keeping native L1 grid for ir_105
2026-06-03 15:03:21,034 INFO run_pipeline - [process] 2026-06-03 15:03:21,034 INFO process_modis - Step: keeping native L1 grid for wv_63
2026-06-03 15:03:21,453 INFO run_pipeline - [process] 2026-06-03 15:03:21,452 INFO process_modis - Step: loading/resampling cloud mask from MYD35_L2.A2024172.1415.061.2024173151903.hdf
2026-06-03 15:03:21,453 INFO run_pipeline - [process] 2026-06-03 15:03:21,453 INFO process_modis - Step: keeping native L1 grid for cloud mask
2026-06-03 15:03:21,457 INFO run_pipeline - [process] 2026-06-03 15:03:21,457 INFO process_modis - Step: prepared Dataset for MYD021KM.A2024172.1415.061.2024173151712.hdf with vars=bt_ir_105,bt_wv_63,cloud_mask coords=time,crs,latitude,longitude
2026-06-03 15:03:22,901 INFO run_pipeline - [process] 2026-06-03 15:03:22,900 INFO process_modis - Wrote /sat_data/modis/processed/2024/06/20/20240620T1415_modis_aqua_bt_ir_105_bt_wv_63_cloud_mask.nc
2026-06-03 15:03:23,094 INFO run_pipeline - [process] 2026-06-03 15:03:23,094 INFO process_modis - Processed 7 files for aqua in /sat_data/modis/raw/radiances/2024/06/20
2026-06-03 15:03:23,740 INFO run_pipeline - Finished process in 573.76s with return code 0
2026-06-03 15:03:23,740 INFO run_pipeline - Starting upload: /home/Daniele/miniforge3/envs/satpy/bin/python /home/Daniele/codes/MODIS-processing/scripts/2_upload_s3.py --config /home/Daniele/codes/MODIS-processing/config/pipeline_config.yaml --credentials /home/Daniele/codes/MODIS-processing/s3_credentials.py --date 2024-06-20 --log-level INFO --verify
2026-06-03 15:03:36,403 INFO run_pipeline - [upload] 2026-06-03 15:03:36,402 INFO upload_s3 - Uploaded 13 files
2026-06-03 15:03:36,657 INFO run_pipeline - Finished upload in 12.92s with return code 0
2026-06-03 15:03:36,657 INFO run_pipeline - Batch 2024-06-20 finished in download=38.20s process=573.76s upload=12.92s | L1=13 L2=13 processed=13 uploaded=13 errors=0 failed_stage=none
2026-06-03 15:03:36,657 INFO run_pipeline - === Batch 2024-06-21 ===
2026-06-03 15:03:36,657 INFO run_pipeline - Starting download: /home/Daniele/miniforge3/envs/satpy/bin/python /home/Daniele/codes/MODIS-processing/scripts/0_download_modis.py --config /home/Daniele/codes/MODIS-processing/config/pipeline_config.yaml --date 2024-06-21 --log-level INFO
2026-06-03 15:03:37,736 INFO run_pipeline - [download] 2026-06-03 15:03:37,736 INFO download_modis - Searching CMR for MOD021KM between 2024-06-21 00:00:00 and 2024-06-22 00:00:00
2026-06-03 15:03:38,109 INFO run_pipeline - [download] 2026-06-03 15:03:38,109 INFO download_modis - Downloading 7 granules with 6 workers for MOD021KM
2026-06-03 15:03:50,142 INFO run_pipeline - [download] 2026-06-03 15:03:50,142 INFO download_modis - Searching CMR for MOD35_L2 between 2024-06-21 00:00:00 and 2024-06-22 00:00:00
2026-06-03 15:03:50,465 INFO run_pipeline - [download] 2026-06-03 15:03:50,465 INFO download_modis - Downloading 7 granules with 6 workers for MOD35_L2
2026-06-03 15:03:56,526 INFO run_pipeline - [download] 2026-06-03 15:03:56,526 INFO download_modis - terra [2024-06-21 - 2024-06-22] L1 downloaded=7 skipped=7 | L2 downloaded=7 skipped=0
2026-06-03 15:03:56,526 INFO run_pipeline - [download] 2026-06-03 15:03:56,526 INFO download_modis - Searching CMR for MYD021KM between 2024-06-21 00:00:00 and 2024-06-22 00:00:00
2026-06-03 15:03:56,838 INFO run_pipeline - [download] 2026-06-03 15:03:56,838 INFO download_modis - Downloading 7 granules with 6 workers for MYD021KM
2026-06-03 15:04:10,202 INFO run_pipeline - [download] 2026-06-03 15:04:10,201 INFO download_modis - Searching CMR for MYD35_L2 between 2024-06-21 00:00:00 and 2024-06-22 00:00:00
2026-06-03 15:04:10,464 INFO run_pipeline - [download] 2026-06-03 15:04:10,464 INFO download_modis - Downloading 7 granules with 6 workers for MYD35_L2
2026-06-03 15:04:17,312 INFO run_pipeline - [download] 2026-06-03 15:04:17,312 INFO download_modis - aqua [2024-06-21 - 2024-06-22] L1 downloaded=7 skipped=7 | L2 downloaded=7 skipped=0
2026-06-03 15:04:17,504 INFO run_pipeline - Finished download in 40.85s with return code 0
2026-06-03 15:04:17,505 INFO run_pipeline - Starting process: /home/Daniele/miniforge3/envs/satpy/bin/python /home/Daniele/codes/MODIS-processing/scripts/1_process_modis.py --config /home/Daniele/codes/MODIS-processing/config/pipeline_config.yaml --date 2024-06-21 --log-level INFO
2026-06-03 15:04:18,543 INFO run_pipeline - [process] 2026-06-03 15:04:18,543 INFO process_modis - Day terra /sat_data/modis/raw/radiances/2024/06/21: found 7 L1 files and 7 L2 files (dir totals: 14 radiance, 14 cloud)
2026-06-03 15:04:18,543 INFO run_pipeline - [process] 2026-06-03 15:04:18,543 INFO process_modis - Processing 7 granules with 5 workers
2026-06-03 15:04:18,544 INFO run_pipeline - [process] 2026-06-03 15:04:18,543 INFO process_modis - Processing granule MOD021KM.A2024173.0820.061.2024173200002.hdf timestamp=20240621T0820 matched_L2=MOD35_L2.A2024173.0820.061.2024173200158.hdf
2026-06-03 15:04:18,544 INFO run_pipeline - [process] 2026-06-03 15:04:18,543 INFO process_modis - Step: loading BT datasets for MOD021KM.A2024173.0820.061.2024173200002.hdf
2026-06-03 15:04:18,544 INFO run_pipeline - [process] 2026-06-03 15:04:18,544 INFO process_modis - Processing granule MOD021KM.A2024173.0825.061.2024173194202.hdf timestamp=20240621T0825 matched_L2=MOD35_L2.A2024173.0825.061.2024173194417.hdf
2026-06-03 15:04:18,544 INFO run_pipeline - [process] 2026-06-03 15:04:18,544 INFO process_modis - Step: loading BT datasets for MOD021KM.A2024173.0825.061.2024173194202.hdf
2026-06-03 15:04:18,545 INFO run_pipeline - [process] 2026-06-03 15:04:18,545 INFO process_modis - Processing granule MOD021KM.A2024173.1000.061.2024173195247.hdf timestamp=20240621T1000 matched_L2=MOD35_L2.A2024173.1000.061.2024173195447.hdf
2026-06-03 15:04:18,545 INFO run_pipeline - [process] 2026-06-03 15:04:18,545 INFO process_modis - Step: loading BT datasets for MOD021KM.A2024173.1000.061.2024173195247.hdf
2026-06-03 15:04:18,546 INFO run_pipeline - [process] 2026-06-03 15:04:18,545 INFO process_modis - Processing granule MOD021KM.A2024173.1005.061.2024173192206.hdf timestamp=20240621T1005 matched_L2=MOD35_L2.A2024173.1005.061.2024173192430.hdf
2026-06-03 15:04:18,546 INFO run_pipeline - [process] 2026-06-03 15:04:18,545 INFO process_modis - Step: loading BT datasets for MOD021KM.A2024173.1005.061.2024173192206.hdf
2026-06-03 15:04:18,546 INFO run_pipeline - [process] 2026-06-03 15:04:18,546 INFO process_modis - Processing granule MOD021KM.A2024173.1930.061.2024174073115.hdf timestamp=20240621T1930 matched_L2=MOD35_L2.A2024173.1930.061.2024174073205.hdf
2026-06-03 15:04:18,546 INFO run_pipeline - [process] 2026-06-03 15:04:18,546 INFO process_modis - Step: loading BT datasets for MOD021KM.A2024173.1930.061.2024174073115.hdf
2026-06-03 15:04:20,668 INFO run_pipeline - [process] 2026-06-03 15:04:20,668 INFO process_modis - Step: loaded BT datasets for MOD021KM.A2024173.1000.061.2024173195247.hdf: bt_ir_105,bt_wv_63
2026-06-03 15:04:20,740 INFO run_pipeline - [process] 2026-06-03 15:04:20,740 INFO process_modis - Step: loaded BT datasets for MOD021KM.A2024173.1005.061.2024173192206.hdf: bt_ir_105,bt_wv_63
2026-06-03 15:04:20,780 INFO run_pipeline - [process] 2026-06-03 15:04:20,780 INFO process_modis - Step: loaded BT datasets for MOD021KM.A2024173.0825.061.2024173194202.hdf: bt_ir_105,bt_wv_63
2026-06-03 15:04:20,797 INFO run_pipeline - [process] 2026-06-03 15:04:20,797 INFO process_modis - Step: loaded BT datasets for MOD021KM.A2024173.0820.061.2024173200002.hdf: bt_ir_105,bt_wv_63
2026-06-03 15:04:20,841 INFO run_pipeline - [process] 2026-06-03 15:04:20,841 INFO process_modis - Step: loaded BT datasets for MOD021KM.A2024173.1930.061.2024174073115.hdf: bt_ir_105,bt_wv_63
2026-06-03 15:07:51,957 INFO run_pipeline - [process] 2026-06-03 15:07:51,956 INFO process_modis - Step: keeping native L1 grid for ir_105
2026-06-03 15:07:52,201 INFO run_pipeline - [process] 2026-06-03 15:07:52,200 INFO process_modis - Step: keeping native L1 grid for wv_63
2026-06-03 15:07:52,693 INFO run_pipeline - [process] 2026-06-03 15:07:52,692 INFO process_modis - Step: loading/resampling cloud mask from MOD35_L2.A2024173.1930.061.2024174073205.hdf
2026-06-03 15:07:52,693 INFO run_pipeline - [process] 2026-06-03 15:07:52,693 INFO process_modis - Step: keeping native L1 grid for cloud mask
2026-06-03 15:07:52,699 INFO run_pipeline - [process] 2026-06-03 15:07:52,699 INFO process_modis - Step: prepared Dataset for MOD021KM.A2024173.1930.061.2024174073115.hdf with vars=bt_ir_105,bt_wv_63,cloud_mask coords=time,crs,latitude,longitude
2026-06-03 15:07:54,227 INFO run_pipeline - [process] 2026-06-03 15:07:54,226 INFO process_modis - Wrote /sat_data/modis/processed/2024/06/21/20240621T1930_modis_terra_bt_ir_105_bt_wv_63_cloud_mask.nc
2026-06-03 15:07:54,373 INFO run_pipeline - [process] 2026-06-03 15:07:54,373 INFO process_modis - Processing granule MOD021KM.A2024173.1935.061.2024174073132.hdf timestamp=20240621T1935 matched_L2=MOD35_L2.A2024173.1935.061.2024174073300.hdf
2026-06-03 15:07:54,373 INFO run_pipeline - [process] 2026-06-03 15:07:54,373 INFO process_modis - Step: loading BT datasets for MOD021KM.A2024173.1935.061.2024174073132.hdf
2026-06-03 15:07:54,813 INFO run_pipeline - [process] 2026-06-03 15:07:54,813 INFO process_modis - Step: loaded BT datasets for MOD021KM.A2024173.1935.061.2024174073132.hdf: bt_ir_105,bt_wv_63
2026-06-03 15:08:14,415 INFO run_pipeline - [process] 2026-06-03 15:08:14,415 INFO process_modis - Step: keeping native L1 grid for ir_105
2026-06-03 15:08:14,662 INFO run_pipeline - [process] 2026-06-03 15:08:14,662 INFO process_modis - Step: keeping native L1 grid for wv_63
2026-06-03 15:08:15,182 INFO run_pipeline - [process] 2026-06-03 15:08:15,182 INFO process_modis - Step: loading/resampling cloud mask from MOD35_L2.A2024173.0825.061.2024173194417.hdf
2026-06-03 15:08:15,183 INFO run_pipeline - [process] 2026-06-03 15:08:15,182 INFO process_modis - Step: keeping native L1 grid for cloud mask
2026-06-03 15:08:15,186 INFO run_pipeline - [process] 2026-06-03 15:08:15,186 INFO process_modis - Step: prepared Dataset for MOD021KM.A2024173.0825.061.2024173194202.hdf with vars=bt_ir_105,bt_wv_63,cloud_mask coords=time,crs,latitude,longitude
2026-06-03 15:08:16,678 INFO run_pipeline - [process] 2026-06-03 15:08:16,677 INFO process_modis - Wrote /sat_data/modis/processed/2024/06/21/20240621T0825_modis_terra_bt_ir_105_bt_wv_63_cloud_mask.nc
2026-06-03 15:08:16,689 INFO run_pipeline - [process] 2026-06-03 15:08:16,689 INFO process_modis - Processing granule MOD021KM.A2024173.2110.061.2024174073113.hdf timestamp=20240621T2110 matched_L2=MOD35_L2.A2024173.2110.061.2024174073208.hdf
2026-06-03 15:08:16,689 INFO run_pipeline - [process] 2026-06-03 15:08:16,689 INFO process_modis - Step: loading BT datasets for MOD021KM.A2024173.2110.061.2024174073113.hdf
2026-06-03 15:08:17,133 INFO run_pipeline - [process] 2026-06-03 15:08:17,133 INFO process_modis - Step: loaded BT datasets for MOD021KM.A2024173.2110.061.2024174073113.hdf: bt_ir_105,bt_wv_63
2026-06-03 15:08:23,238 INFO run_pipeline - [process] 2026-06-03 15:08:23,237 INFO process_modis - Step: keeping native L1 grid for ir_105
2026-06-03 15:08:23,509 INFO run_pipeline - [process] 2026-06-03 15:08:23,509 INFO process_modis - Step: keeping native L1 grid for wv_63
2026-06-03 15:08:23,950 INFO run_pipeline - [process] 2026-06-03 15:08:23,950 INFO process_modis - Step: loading/resampling cloud mask from MOD35_L2.A2024173.1005.061.2024173192430.hdf
2026-06-03 15:08:23,950 INFO run_pipeline - [process] 2026-06-03 15:08:23,950 INFO process_modis - Step: keeping native L1 grid for cloud mask
2026-06-03 15:08:23,956 INFO run_pipeline - [process] 2026-06-03 15:08:23,956 INFO process_modis - Step: prepared Dataset for MOD021KM.A2024173.1005.061.2024173192206.hdf with vars=bt_ir_105,bt_wv_63,cloud_mask coords=time,crs,latitude,longitude
2026-06-03 15:08:25,320 INFO run_pipeline - [process] 2026-06-03 15:08:25,319 INFO process_modis - Step: keeping native L1 grid for ir_105
2026-06-03 15:08:25,435 INFO run_pipeline - [process] 2026-06-03 15:08:25,435 INFO process_modis - Wrote /sat_data/modis/processed/2024/06/21/20240621T1005_modis_terra_bt_ir_105_bt_wv_63_cloud_mask.nc
2026-06-03 15:08:25,721 INFO run_pipeline - [process] 2026-06-03 15:08:25,721 INFO process_modis - Step: keeping native L1 grid for wv_63
2026-06-03 15:08:26,158 INFO run_pipeline - [process] 2026-06-03 15:08:26,157 INFO process_modis - Step: loading/resampling cloud mask from MOD35_L2.A2024173.0820.061.2024173200158.hdf
2026-06-03 15:08:26,158 INFO run_pipeline - [process] 2026-06-03 15:08:26,157 INFO process_modis - Step: keeping native L1 grid for cloud mask
2026-06-03 15:08:26,162 INFO run_pipeline - [process] 2026-06-03 15:08:26,161 INFO process_modis - Step: prepared Dataset for MOD021KM.A2024173.0820.061.2024173200002.hdf with vars=bt_ir_105,bt_wv_63,cloud_mask coords=time,crs,latitude,longitude
2026-06-03 15:08:26,381 INFO run_pipeline - [process] 2026-06-03 15:08:26,381 INFO process_modis - Step: keeping native L1 grid for ir_105
2026-06-03 15:08:26,718 INFO run_pipeline - [process] 2026-06-03 15:08:26,717 INFO process_modis - Step: keeping native L1 grid for wv_63
2026-06-03 15:08:27,189 INFO run_pipeline - [process] 2026-06-03 15:08:27,189 INFO process_modis - Step: loading/resampling cloud mask from MOD35_L2.A2024173.1000.061.2024173195447.hdf
2026-06-03 15:08:27,189 INFO run_pipeline - [process] 2026-06-03 15:08:27,189 INFO process_modis - Step: keeping native L1 grid for cloud mask
2026-06-03 15:08:27,193 INFO run_pipeline - [process] 2026-06-03 15:08:27,193 INFO process_modis - Step: prepared Dataset for MOD021KM.A2024173.1000.061.2024173195247.hdf with vars=bt_ir_105,bt_wv_63,cloud_mask coords=time,crs,latitude,longitude
2026-06-03 15:08:30,221 INFO run_pipeline - [process] 2026-06-03 15:08:30,221 INFO process_modis - Wrote /sat_data/modis/processed/2024/06/21/20240621T0820_modis_terra_bt_ir_105_bt_wv_63_cloud_mask.nc
2026-06-03 15:08:32,147 INFO run_pipeline - [process] 2026-06-03 15:08:32,147 INFO process_modis - Wrote /sat_data/modis/processed/2024/06/21/20240621T1000_modis_terra_bt_ir_105_bt_wv_63_cloud_mask.nc
2026-06-03 15:09:02,288 INFO run_pipeline - [process] 2026-06-03 15:09:02,287 INFO process_modis - Step: keeping native L1 grid for ir_105
2026-06-03 15:09:02,527 INFO run_pipeline - [process] 2026-06-03 15:09:02,527 INFO process_modis - Step: keeping native L1 grid for wv_63
2026-06-03 15:09:02,981 INFO run_pipeline - [process] 2026-06-03 15:09:02,981 INFO process_modis - Step: loading/resampling cloud mask from MOD35_L2.A2024173.1935.061.2024174073300.hdf
2026-06-03 15:09:02,982 INFO run_pipeline - [process] 2026-06-03 15:09:02,981 INFO process_modis - Step: keeping native L1 grid for cloud mask
2026-06-03 15:09:02,986 INFO run_pipeline - [process] 2026-06-03 15:09:02,986 INFO process_modis - Step: prepared Dataset for MOD021KM.A2024173.1935.061.2024174073132.hdf with vars=bt_ir_105,bt_wv_63,cloud_mask coords=time,crs,latitude,longitude
2026-06-03 15:09:04,596 INFO run_pipeline - [process] 2026-06-03 15:09:04,595 INFO process_modis - Wrote /sat_data/modis/processed/2024/06/21/20240621T1935_modis_terra_bt_ir_105_bt_wv_63_cloud_mask.nc
2026-06-03 15:09:17,561 INFO run_pipeline - [process] 2026-06-03 15:09:17,561 INFO process_modis - Step: keeping native L1 grid for ir_105
2026-06-03 15:09:17,832 INFO run_pipeline - [process] 2026-06-03 15:09:17,832 INFO process_modis - Step: keeping native L1 grid for wv_63
2026-06-03 15:09:18,266 INFO run_pipeline - [process] 2026-06-03 15:09:18,265 INFO process_modis - Step: loading/resampling cloud mask from MOD35_L2.A2024173.2110.061.2024174073208.hdf
2026-06-03 15:09:18,266 INFO run_pipeline - [process] 2026-06-03 15:09:18,266 INFO process_modis - Step: keeping native L1 grid for cloud mask
2026-06-03 15:09:18,270 INFO run_pipeline - [process] 2026-06-03 15:09:18,270 INFO process_modis - Step: prepared Dataset for MOD021KM.A2024173.2110.061.2024174073113.hdf with vars=bt_ir_105,bt_wv_63,cloud_mask coords=time,crs,latitude,longitude
2026-06-03 15:09:19,748 INFO run_pipeline - [process] 2026-06-03 15:09:19,748 INFO process_modis - Wrote /sat_data/modis/processed/2024/06/21/20240621T2110_modis_terra_bt_ir_105_bt_wv_63_cloud_mask.nc
2026-06-03 15:09:19,820 INFO run_pipeline - [process] 2026-06-03 15:09:19,819 INFO process_modis - Processed 7 files for terra in /sat_data/modis/raw/radiances/2024/06/21
2026-06-03 15:09:19,836 INFO run_pipeline - [process] 2026-06-03 15:09:19,836 INFO process_modis - Day aqua /sat_data/modis/raw/radiances/2024/06/21: found 7 L1 files and 7 L2 files (dir totals: 14 radiance, 14 cloud)
2026-06-03 15:09:19,836 INFO run_pipeline - [process] 2026-06-03 15:09:19,836 INFO process_modis - Processing 7 granules with 5 workers
2026-06-03 15:09:19,836 INFO run_pipeline - [process] 2026-06-03 15:09:19,836 INFO process_modis - Processing granule MYD021KM.A2024173.0205.061.2024173152509.hdf timestamp=20240621T0205 matched_L2=MYD35_L2.A2024173.0205.061.2024173152632.hdf
2026-06-03 15:09:19,837 INFO run_pipeline - [process] 2026-06-03 15:09:19,836 INFO process_modis - Step: loading BT datasets for MYD021KM.A2024173.0205.061.2024173152509.hdf
2026-06-03 15:09:19,869 INFO run_pipeline - [process] 2026-06-03 15:09:19,869 INFO process_modis - Processing granule MYD021KM.A2024173.0210.061.2024173152150.hdf timestamp=20240621T0210 matched_L2=MYD35_L2.A2024173.0210.061.2024173152240.hdf
2026-06-03 15:09:19,869 INFO run_pipeline - [process] 2026-06-03 15:09:19,869 INFO process_modis - Step: loading BT datasets for MYD021KM.A2024173.0210.061.2024173152150.hdf
2026-06-03 15:09:19,957 INFO run_pipeline - [process] 2026-06-03 15:09:19,957 INFO process_modis - Processing granule MYD021KM.A2024173.0340.061.2024173152937.hdf timestamp=20240621T0340 matched_L2=MYD35_L2.A2024173.0340.061.2024173153129.hdf
2026-06-03 15:09:19,957 INFO run_pipeline - [process] 2026-06-03 15:09:19,957 INFO process_modis - Step: loading BT datasets for MYD021KM.A2024173.0340.061.2024173152937.hdf
2026-06-03 15:09:19,963 INFO run_pipeline - [process] 2026-06-03 15:09:19,963 INFO process_modis - Processing granule MYD021KM.A2024173.1135.061.2024174150251.hdf timestamp=20240621T1135 matched_L2=MYD35_L2.A2024173.1135.061.2024174150427.hdf
2026-06-03 15:09:19,963 INFO run_pipeline - [process] 2026-06-03 15:09:19,963 INFO process_modis - Step: loading BT datasets for MYD021KM.A2024173.1135.061.2024174150251.hdf
2026-06-03 15:09:20,005 INFO run_pipeline - [process] 2026-06-03 15:09:20,005 INFO process_modis - Processing granule MYD021KM.A2024173.1140.061.2024174151157.hdf timestamp=20240621T1140 matched_L2=MYD35_L2.A2024173.1140.061.2024174151347.hdf
2026-06-03 15:09:20,005 INFO run_pipeline - [process] 2026-06-03 15:09:20,005 INFO process_modis - Step: loading BT datasets for MYD021KM.A2024173.1140.061.2024174151157.hdf
2026-06-03 15:09:21,242 INFO run_pipeline - [process] 2026-06-03 15:09:21,241 INFO process_modis - Step: loaded BT datasets for MYD021KM.A2024173.0340.061.2024173152937.hdf: bt_ir_105,bt_wv_63
2026-06-03 15:09:21,257 INFO run_pipeline - [process] 2026-06-03 15:09:21,257 INFO process_modis - Step: loaded BT datasets for MYD021KM.A2024173.0210.061.2024173152150.hdf: bt_ir_105,bt_wv_63
2026-06-03 15:09:21,321 INFO run_pipeline - [process] 2026-06-03 15:09:21,321 INFO process_modis - Step: loaded BT datasets for MYD021KM.A2024173.1135.061.2024174150251.hdf: bt_ir_105,bt_wv_63
2026-06-03 15:09:21,401 INFO run_pipeline - [process] 2026-06-03 15:09:21,401 INFO process_modis - Step: loaded BT datasets for MYD021KM.A2024173.1140.061.2024174151157.hdf: bt_ir_105,bt_wv_63
2026-06-03 15:09:21,467 INFO run_pipeline - [process] 2026-06-03 15:09:21,467 INFO process_modis - Step: loaded BT datasets for MYD021KM.A2024173.0205.061.2024173152509.hdf: bt_ir_105,bt_wv_63
2026-06-03 15:12:33,404 INFO run_pipeline - [process] 2026-06-03 15:12:33,404 INFO process_modis - Step: keeping native L1 grid for ir_105
2026-06-03 15:12:33,663 INFO run_pipeline - [process] 2026-06-03 15:12:33,663 INFO process_modis - Step: keeping native L1 grid for wv_63
2026-06-03 15:12:34,273 INFO run_pipeline - [process] 2026-06-03 15:12:34,273 INFO process_modis - Step: loading/resampling cloud mask from MYD35_L2.A2024173.0210.061.2024173152240.hdf
2026-06-03 15:12:34,273 INFO run_pipeline - [process] 2026-06-03 15:12:34,273 INFO process_modis - Step: keeping native L1 grid for cloud mask
2026-06-03 15:12:34,278 INFO run_pipeline - [process] 2026-06-03 15:12:34,277 INFO process_modis - Step: prepared Dataset for MYD021KM.A2024173.0210.061.2024173152150.hdf with vars=bt_ir_105,bt_wv_63,cloud_mask coords=time,crs,latitude,longitude
2026-06-03 15:12:35,792 INFO run_pipeline - [process] 2026-06-03 15:12:35,792 INFO process_modis - Wrote /sat_data/modis/processed/2024/06/21/20240621T0210_modis_aqua_bt_ir_105_bt_wv_63_cloud_mask.nc
2026-06-03 15:12:35,945 INFO run_pipeline - [process] 2026-06-03 15:12:35,945 INFO process_modis - Processing granule MYD021KM.A2024173.1310.061.2024174150250.hdf timestamp=20240621T1310 matched_L2=MYD35_L2.A2024173.1310.061.2024174150425.hdf
2026-06-03 15:12:35,945 INFO run_pipeline - [process] 2026-06-03 15:12:35,945 INFO process_modis - Step: loading BT datasets for MYD021KM.A2024173.1310.061.2024174150250.hdf
2026-06-03 15:12:36,480 INFO run_pipeline - [process] 2026-06-03 15:12:36,480 INFO process_modis - Step: loaded BT datasets for MYD021KM.A2024173.1310.061.2024174150250.hdf: bt_ir_105,bt_wv_63
2026-06-03 15:13:33,787 INFO run_pipeline - [process] 2026-06-03 15:13:33,787 INFO process_modis - Step: keeping native L1 grid for ir_105
2026-06-03 15:13:34,097 INFO run_pipeline - [process] 2026-06-03 15:13:34,096 INFO process_modis - Step: keeping native L1 grid for wv_63
2026-06-03 15:13:34,669 INFO run_pipeline - [process] 2026-06-03 15:13:34,668 INFO process_modis - Step: loading/resampling cloud mask from MYD35_L2.A2024173.0340.061.2024173153129.hdf
2026-06-03 15:13:34,669 INFO run_pipeline - [process] 2026-06-03 15:13:34,669 INFO process_modis - Step: keeping native L1 grid for cloud mask
2026-06-03 15:13:34,674 INFO run_pipeline - [process] 2026-06-03 15:13:34,673 INFO process_modis - Step: prepared Dataset for MYD021KM.A2024173.0340.061.2024173152937.hdf with vars=bt_ir_105,bt_wv_63,cloud_mask coords=time,crs,latitude,longitude
2026-06-03 15:13:36,065 INFO run_pipeline - [process] 2026-06-03 15:13:36,064 INFO process_modis - Step: keeping native L1 grid for ir_105
2026-06-03 15:13:36,171 INFO run_pipeline - [process] 2026-06-03 15:13:36,171 INFO process_modis - Wrote /sat_data/modis/processed/2024/06/21/20240621T0340_modis_aqua_bt_ir_105_bt_wv_63_cloud_mask.nc
2026-06-03 15:13:36,326 INFO run_pipeline - [process] 2026-06-03 15:13:36,325 INFO process_modis - Processing granule MYD021KM.A2024173.1315.061.2024174150737.hdf timestamp=20240621T1315 matched_L2=MYD35_L2.A2024173.1315.061.2024174150931.hdf
2026-06-03 15:13:36,326 INFO run_pipeline - [process] 2026-06-03 15:13:36,325 INFO process_modis - Step: loading BT datasets for MYD021KM.A2024173.1315.061.2024174150737.hdf
2026-06-03 15:13:36,585 INFO run_pipeline - [process] 2026-06-03 15:13:36,585 INFO process_modis - Step: keeping native L1 grid for wv_63
2026-06-03 15:13:36,920 INFO run_pipeline - [process] 2026-06-03 15:13:36,920 INFO process_modis - Step: loaded BT datasets for MYD021KM.A2024173.1315.061.2024174150737.hdf: bt_ir_105,bt_wv_63
2026-06-03 15:13:36,955 INFO run_pipeline - [process] 2026-06-03 15:13:36,955 INFO process_modis - Step: keeping native L1 grid for ir_105
2026-06-03 15:13:37,192 INFO run_pipeline - [process] 2026-06-03 15:13:37,192 INFO process_modis - Step: loading/resampling cloud mask from MYD35_L2.A2024173.0205.061.2024173152632.hdf
2026-06-03 15:13:37,192 INFO run_pipeline - [process] 2026-06-03 15:13:37,192 INFO process_modis - Step: keeping native L1 grid for cloud mask
2026-06-03 15:13:37,196 INFO run_pipeline - [process] 2026-06-03 15:13:37,196 INFO process_modis - Step: prepared Dataset for MYD021KM.A2024173.0205.061.2024173152509.hdf with vars=bt_ir_105,bt_wv_63,cloud_mask coords=time,crs,latitude,longitude
2026-06-03 15:13:37,288 INFO run_pipeline - [process] 2026-06-03 15:13:37,288 INFO process_modis - Step: keeping native L1 grid for wv_63
2026-06-03 15:13:37,891 INFO run_pipeline - [process] 2026-06-03 15:13:37,891 INFO process_modis - Step: loading/resampling cloud mask from MYD35_L2.A2024173.1135.061.2024174150427.hdf
2026-06-03 15:13:37,891 INFO run_pipeline - [process] 2026-06-03 15:13:37,891 INFO process_modis - Step: keeping native L1 grid for cloud mask
2026-06-03 15:13:37,897 INFO run_pipeline - [process] 2026-06-03 15:13:37,897 INFO process_modis - Step: prepared Dataset for MYD021KM.A2024173.1135.061.2024174150251.hdf with vars=bt_ir_105,bt_wv_63,cloud_mask coords=time,crs,latitude,longitude
2026-06-03 15:13:38,004 INFO run_pipeline - [process] 2026-06-03 15:13:38,004 INFO process_modis - Step: keeping native L1 grid for ir_105
2026-06-03 15:13:38,246 INFO run_pipeline - [process] 2026-06-03 15:13:38,246 INFO process_modis - Step: keeping native L1 grid for wv_63
2026-06-03 15:13:38,716 INFO run_pipeline - [process] 2026-06-03 15:13:38,716 INFO process_modis - Step: loading/resampling cloud mask from MYD35_L2.A2024173.1140.061.2024174151347.hdf
2026-06-03 15:13:38,716 INFO run_pipeline - [process] 2026-06-03 15:13:38,716 INFO process_modis - Step: keeping native L1 grid for cloud mask
2026-06-03 15:13:38,721 INFO run_pipeline - [process] 2026-06-03 15:13:38,721 INFO process_modis - Step: prepared Dataset for MYD021KM.A2024173.1140.061.2024174151157.hdf with vars=bt_ir_105,bt_wv_63,cloud_mask coords=time,crs,latitude,longitude
2026-06-03 15:13:38,799 INFO run_pipeline - [process] 2026-06-03 15:13:38,799 INFO process_modis - Wrote /sat_data/modis/processed/2024/06/21/20240621T0205_modis_aqua_bt_ir_105_bt_wv_63_cloud_mask.nc
2026-06-03 15:13:40,729 INFO run_pipeline - [process] 2026-06-03 15:13:40,729 INFO process_modis - Wrote /sat_data/modis/processed/2024/06/21/20240621T1135_modis_aqua_bt_ir_105_bt_wv_63_cloud_mask.nc
2026-06-03 15:13:41,862 INFO run_pipeline - [process] 2026-06-03 15:13:41,862 INFO process_modis - Wrote /sat_data/modis/processed/2024/06/21/20240621T1140_modis_aqua_bt_ir_105_bt_wv_63_cloud_mask.nc
2026-06-03 15:13:55,276 INFO run_pipeline - [process] 2026-06-03 15:13:55,275 INFO process_modis - Step: keeping native L1 grid for ir_105
2026-06-03 15:13:55,548 INFO run_pipeline - [process] 2026-06-03 15:13:55,548 INFO process_modis - Step: keeping native L1 grid for wv_63
2026-06-03 15:13:55,975 INFO run_pipeline - [process] 2026-06-03 15:13:55,975 INFO process_modis - Step: loading/resampling cloud mask from MYD35_L2.A2024173.1310.061.2024174150425.hdf
2026-06-03 15:13:55,975 INFO run_pipeline - [process] 2026-06-03 15:13:55,975 INFO process_modis - Step: keeping native L1 grid for cloud mask
2026-06-03 15:13:55,980 INFO run_pipeline - [process] 2026-06-03 15:13:55,980 INFO process_modis - Step: prepared Dataset for MYD021KM.A2024173.1310.061.2024174150250.hdf with vars=bt_ir_105,bt_wv_63,cloud_mask coords=time,crs,latitude,longitude
2026-06-03 15:13:57,399 INFO run_pipeline - [process] 2026-06-03 15:13:57,399 INFO process_modis - Wrote /sat_data/modis/processed/2024/06/21/20240621T1310_modis_aqua_bt_ir_105_bt_wv_63_cloud_mask.nc
2026-06-03 15:14:32,973 INFO run_pipeline - [process] 2026-06-03 15:14:32,973 INFO process_modis - Step: keeping native L1 grid for ir_105
2026-06-03 15:14:33,224 INFO run_pipeline - [process] 2026-06-03 15:14:33,224 INFO process_modis - Step: keeping native L1 grid for wv_63
2026-06-03 15:14:33,747 INFO run_pipeline - [process] 2026-06-03 15:14:33,746 INFO process_modis - Step: loading/resampling cloud mask from MYD35_L2.A2024173.1315.061.2024174150931.hdf
2026-06-03 15:14:33,747 INFO run_pipeline - [process] 2026-06-03 15:14:33,746 INFO process_modis - Step: keeping native L1 grid for cloud mask
2026-06-03 15:14:33,750 INFO run_pipeline - [process] 2026-06-03 15:14:33,750 INFO process_modis - Step: prepared Dataset for MYD021KM.A2024173.1315.061.2024174150737.hdf with vars=bt_ir_105,bt_wv_63,cloud_mask coords=time,crs,latitude,longitude
2026-06-03 15:14:35,220 INFO run_pipeline - [process] 2026-06-03 15:14:35,220 INFO process_modis - Wrote /sat_data/modis/processed/2024/06/21/20240621T1315_modis_aqua_bt_ir_105_bt_wv_63_cloud_mask.nc
2026-06-03 15:14:35,379 INFO run_pipeline - [process] 2026-06-03 15:14:35,379 INFO process_modis - Processed 7 files for aqua in /sat_data/modis/raw/radiances/2024/06/21
2026-06-03 15:14:35,924 INFO run_pipeline - Finished process in 618.42s with return code 0
2026-06-03 15:14:35,925 INFO run_pipeline - Starting upload: /home/Daniele/miniforge3/envs/satpy/bin/python /home/Daniele/codes/MODIS-processing/scripts/2_upload_s3.py --config /home/Daniele/codes/MODIS-processing/config/pipeline_config.yaml --credentials /home/Daniele/codes/MODIS-processing/s3_credentials.py --date 2024-06-21 --log-level INFO --verify
2026-06-03 15:14:42,162 INFO run_pipeline - [upload] 2026-06-03 15:14:42,162 INFO upload_s3 - Uploaded 14 files
2026-06-03 15:14:42,406 INFO run_pipeline - Finished upload in 6.48s with return code 0
2026-06-03 15:14:42,406 INFO run_pipeline - Batch 2024-06-21 finished in download=40.85s process=618.42s upload=6.48s | L1=14 L2=14 processed=14 uploaded=14 errors=0 failed_stage=none
2026-06-03 15:14:42,406 INFO run_pipeline - === Batch 2024-06-22 ===
2026-06-03 15:14:42,407 INFO run_pipeline - Starting download: /home/Daniele/miniforge3/envs/satpy/bin/python /home/Daniele/codes/MODIS-processing/scripts/0_download_modis.py --config /home/Daniele/codes/MODIS-processing/config/pipeline_config.yaml --date 2024-06-22 --log-level INFO
2026-06-03 15:14:43,485 INFO run_pipeline - [download] 2026-06-03 15:14:43,484 INFO download_modis - Searching CMR for MOD021KM between 2024-06-22 00:00:00 and 2024-06-23 00:00:00
2026-06-03 15:14:43,973 INFO run_pipeline - [download] 2026-06-03 15:14:43,972 INFO download_modis - Downloading 6 granules with 6 workers for MOD021KM
2026-06-03 15:14:53,660 INFO run_pipeline - [download] 2026-06-03 15:14:53,660 INFO download_modis - Searching CMR for MOD35_L2 between 2024-06-22 00:00:00 and 2024-06-23 00:00:00
2026-06-03 15:14:53,928 INFO run_pipeline - [download] 2026-06-03 15:14:53,928 INFO download_modis - Downloading 6 granules with 6 workers for MOD35_L2
2026-06-03 15:14:58,110 INFO run_pipeline - [download] 2026-06-03 15:14:58,109 INFO download_modis - terra [2024-06-22 - 2024-06-23] L1 downloaded=6 skipped=6 | L2 downloaded=6 skipped=0
2026-06-03 15:14:58,110 INFO run_pipeline - [download] 2026-06-03 15:14:58,110 INFO download_modis - Searching CMR for MYD021KM between 2024-06-22 00:00:00 and 2024-06-23 00:00:00
2026-06-03 15:14:58,381 INFO run_pipeline - [download] 2026-06-03 15:14:58,381 INFO download_modis - Downloading 7 granules with 6 workers for MYD021KM
2026-06-03 15:15:32,642 INFO run_pipeline - [download] 2026-06-03 15:15:32,642 INFO download_modis - Searching CMR for MYD35_L2 between 2024-06-22 00:00:00 and 2024-06-23 00:00:00
2026-06-03 15:15:32,928 INFO run_pipeline - [download] 2026-06-03 15:15:32,927 INFO download_modis - Downloading 7 granules with 6 workers for MYD35_L2
2026-06-03 15:15:38,442 INFO run_pipeline - [download] 2026-06-03 15:15:38,442 INFO download_modis - aqua [2024-06-22 - 2024-06-23] L1 downloaded=7 skipped=7 | L2 downloaded=7 skipped=0
2026-06-03 15:15:38,648 INFO run_pipeline - Finished download in 56.24s with return code 0
2026-06-03 15:15:38,648 INFO run_pipeline - Starting process: /home/Daniele/miniforge3/envs/satpy/bin/python /home/Daniele/codes/MODIS-processing/scripts/1_process_modis.py --config /home/Daniele/codes/MODIS-processing/config/pipeline_config.yaml --date 2024-06-22 --log-level INFO
2026-06-03 15:15:39,686 INFO run_pipeline - [process] 2026-06-03 15:15:39,686 INFO process_modis - Day terra /sat_data/modis/raw/radiances/2024/06/22: found 6 L1 files and 6 L2 files (dir totals: 13 radiance, 13 cloud)
2026-06-03 15:15:39,687 INFO run_pipeline - [process] 2026-06-03 15:15:39,686 INFO process_modis - Processing 6 granules with 5 workers
2026-06-03 15:15:39,687 INFO run_pipeline - [process] 2026-06-03 15:15:39,687 INFO process_modis - Processing granule MOD021KM.A2024174.0905.061.2024174192151.hdf timestamp=20240622T0905 matched_L2=MOD35_L2.A2024174.0905.061.2024174192322.hdf
2026-06-03 15:15:39,687 INFO run_pipeline - [process] 2026-06-03 15:15:39,687 INFO process_modis - Step: loading BT datasets for MOD021KM.A2024174.0905.061.2024174192151.hdf
2026-06-03 15:15:39,688 INFO run_pipeline - [process] 2026-06-03 15:15:39,688 INFO process_modis - Processing granule MOD021KM.A2024174.1040.061.2024174192130.hdf timestamp=20240622T1040 matched_L2=MOD35_L2.A2024174.1040.061.2024174192306.hdf
2026-06-03 15:15:39,688 INFO run_pipeline - [process] 2026-06-03 15:15:39,688 INFO process_modis - Step: loading BT datasets for MOD021KM.A2024174.1040.061.2024174192130.hdf
2026-06-03 15:15:39,689 INFO run_pipeline - [process] 2026-06-03 15:15:39,688 INFO process_modis - Processing granule MOD021KM.A2024174.1045.061.2024174192140.hdf timestamp=20240622T1045 matched_L2=MOD35_L2.A2024174.1045.061.2024174192322.hdf
2026-06-03 15:15:39,689 INFO run_pipeline - [process] 2026-06-03 15:15:39,689 INFO process_modis - Step: loading BT datasets for MOD021KM.A2024174.1045.061.2024174192140.hdf
2026-06-03 15:15:39,689 INFO run_pipeline - [process] 2026-06-03 15:15:39,689 INFO process_modis - Processing granule MOD021KM.A2024174.2010.061.2024175073311.hdf timestamp=20240622T2010 matched_L2=MOD35_L2.A2024174.2010.061.2024175073405.hdf
2026-06-03 15:15:39,690 INFO run_pipeline - [process] 2026-06-03 15:15:39,689 INFO process_modis - Step: loading BT datasets for MOD021KM.A2024174.2010.061.2024175073311.hdf
2026-06-03 15:15:39,690 INFO run_pipeline - [process] 2026-06-03 15:15:39,690 INFO process_modis - Processing granule MOD021KM.A2024174.2015.061.2024175073326.hdf timestamp=20240622T2015 matched_L2=MOD35_L2.A2024174.2015.061.2024175073512.hdf
2026-06-03 15:15:39,690 INFO run_pipeline - [process] 2026-06-03 15:15:39,690 INFO process_modis - Step: loading BT datasets for MOD021KM.A2024174.2015.061.2024175073326.hdf
2026-06-03 15:15:41,954 INFO run_pipeline - [process] 2026-06-03 15:15:41,953 INFO process_modis - Step: loaded BT datasets for MOD021KM.A2024174.2010.061.2024175073311.hdf: bt_ir_105,bt_wv_63
2026-06-03 15:15:41,965 INFO run_pipeline - [process] 2026-06-03 15:15:41,965 INFO process_modis - Step: loaded BT datasets for MOD021KM.A2024174.2015.061.2024175073326.hdf: bt_ir_105,bt_wv_63
2026-06-03 15:15:41,998 INFO run_pipeline - [process] 2026-06-03 15:15:41,998 INFO process_modis - Step: loaded BT datasets for MOD021KM.A2024174.1045.061.2024174192140.hdf: bt_ir_105,bt_wv_63
2026-06-03 15:15:42,009 INFO run_pipeline - [process] 2026-06-03 15:15:42,009 INFO process_modis - Step: loaded BT datasets for MOD021KM.A2024174.0905.061.2024174192151.hdf: bt_ir_105,bt_wv_63
2026-06-03 15:15:42,041 INFO run_pipeline - [process] 2026-06-03 15:15:42,040 INFO process_modis - Step: loaded BT datasets for MOD021KM.A2024174.1040.061.2024174192130.hdf: bt_ir_105,bt_wv_63
2026-06-03 15:18:49,345 INFO run_pipeline - [process] 2026-06-03 15:18:49,344 INFO process_modis - Step: keeping native L1 grid for ir_105
2026-06-03 15:18:49,589 INFO run_pipeline - [process] 2026-06-03 15:18:49,589 INFO process_modis - Step: keeping native L1 grid for wv_63
2026-06-03 15:18:50,069 INFO run_pipeline - [process] 2026-06-03 15:18:50,068 INFO process_modis - Step: loading/resampling cloud mask from MOD35_L2.A2024174.0905.061.2024174192322.hdf
2026-06-03 15:18:50,069 INFO run_pipeline - [process] 2026-06-03 15:18:50,069 INFO process_modis - Step: keeping native L1 grid for cloud mask
2026-06-03 15:18:50,075 INFO run_pipeline - [process] 2026-06-03 15:18:50,075 INFO process_modis - Step: prepared Dataset for MOD021KM.A2024174.0905.061.2024174192151.hdf with vars=bt_ir_105,bt_wv_63,cloud_mask coords=time,crs,latitude,longitude
2026-06-03 15:18:51,708 INFO run_pipeline - [process] 2026-06-03 15:18:51,707 INFO process_modis - Wrote /sat_data/modis/processed/2024/06/22/20240622T0905_modis_terra_bt_ir_105_bt_wv_63_cloud_mask.nc
2026-06-03 15:18:51,873 INFO run_pipeline - [process] 2026-06-03 15:18:51,873 INFO process_modis - Processing granule MOD021KM.A2024174.2150.061.2024175073304.hdf timestamp=20240622T2150 matched_L2=MOD35_L2.A2024174.2150.061.2024175073401.hdf
2026-06-03 15:18:51,873 INFO run_pipeline - [process] 2026-06-03 15:18:51,873 INFO process_modis - Step: loading BT datasets for MOD021KM.A2024174.2150.061.2024175073304.hdf
2026-06-03 15:18:52,559 INFO run_pipeline - [process] 2026-06-03 15:18:52,559 INFO process_modis - Step: loaded BT datasets for MOD021KM.A2024174.2150.061.2024175073304.hdf: bt_ir_105,bt_wv_63
2026-06-03 15:19:37,576 INFO run_pipeline - [process] 2026-06-03 15:19:37,575 INFO process_modis - Step: keeping native L1 grid for ir_105
2026-06-03 15:19:37,836 INFO run_pipeline - [process] 2026-06-03 15:19:37,835 INFO process_modis - Step: keeping native L1 grid for wv_63
2026-06-03 15:19:38,284 INFO run_pipeline - [process] 2026-06-03 15:19:38,284 INFO process_modis - Step: loading/resampling cloud mask from MOD35_L2.A2024174.1045.061.2024174192322.hdf
2026-06-03 15:19:38,284 INFO run_pipeline - [process] 2026-06-03 15:19:38,284 INFO process_modis - Step: keeping native L1 grid for cloud mask
2026-06-03 15:19:38,288 INFO run_pipeline - [process] 2026-06-03 15:19:38,288 INFO process_modis - Step: prepared Dataset for MOD021KM.A2024174.1045.061.2024174192140.hdf with vars=bt_ir_105,bt_wv_63,cloud_mask coords=time,crs,latitude,longitude
2026-06-03 15:19:39,865 INFO run_pipeline - [process] 2026-06-03 15:19:39,864 INFO process_modis - Wrote /sat_data/modis/processed/2024/06/22/20240622T1045_modis_terra_bt_ir_105_bt_wv_63_cloud_mask.nc
2026-06-03 15:19:44,061 INFO run_pipeline - [process] 2026-06-03 15:19:44,061 INFO process_modis - Step: keeping native L1 grid for ir_105
2026-06-03 15:19:44,318 INFO run_pipeline - [process] 2026-06-03 15:19:44,318 INFO process_modis - Step: keeping native L1 grid for wv_63
2026-06-03 15:19:44,818 INFO run_pipeline - [process] 2026-06-03 15:19:44,817 INFO process_modis - Step: loading/resampling cloud mask from MOD35_L2.A2024174.1040.061.2024174192306.hdf
2026-06-03 15:19:44,818 INFO run_pipeline - [process] 2026-06-03 15:19:44,818 INFO process_modis - Step: keeping native L1 grid for cloud mask
2026-06-03 15:19:44,822 INFO run_pipeline - [process] 2026-06-03 15:19:44,822 INFO process_modis - Step: prepared Dataset for MOD021KM.A2024174.1040.061.2024174192130.hdf with vars=bt_ir_105,bt_wv_63,cloud_mask coords=time,crs,latitude,longitude
2026-06-03 15:19:46,488 INFO run_pipeline - [process] 2026-06-03 15:19:46,488 INFO process_modis - Wrote /sat_data/modis/processed/2024/06/22/20240622T1040_modis_terra_bt_ir_105_bt_wv_63_cloud_mask.nc
2026-06-03 15:20:02,170 INFO run_pipeline - [process] 2026-06-03 15:20:02,170 INFO process_modis - Step: keeping native L1 grid for ir_105
2026-06-03 15:20:02,431 INFO run_pipeline - [process] 2026-06-03 15:20:02,431 INFO process_modis - Step: keeping native L1 grid for wv_63
2026-06-03 15:20:02,654 INFO run_pipeline - [process] 2026-06-03 15:20:02,654 INFO process_modis - Step: keeping native L1 grid for ir_105
2026-06-03 15:20:02,901 INFO run_pipeline - [process] 2026-06-03 15:20:02,901 INFO process_modis - Step: loading/resampling cloud mask from MOD35_L2.A2024174.2010.061.2024175073405.hdf
2026-06-03 15:20:02,901 INFO run_pipeline - [process] 2026-06-03 15:20:02,901 INFO process_modis - Step: keeping native L1 grid for cloud mask
2026-06-03 15:20:02,905 INFO run_pipeline - [process] 2026-06-03 15:20:02,905 INFO process_modis - Step: prepared Dataset for MOD021KM.A2024174.2010.061.2024175073311.hdf with vars=bt_ir_105,bt_wv_63,cloud_mask coords=time,crs,latitude,longitude
2026-06-03 15:20:02,915 INFO run_pipeline - [process] 2026-06-03 15:20:02,915 INFO process_modis - Step: keeping native L1 grid for wv_63
2026-06-03 15:20:03,539 INFO run_pipeline - [process] 2026-06-03 15:20:03,539 INFO process_modis - Step: loading/resampling cloud mask from MOD35_L2.A2024174.2015.061.2024175073512.hdf
2026-06-03 15:20:03,539 INFO run_pipeline - [process] 2026-06-03 15:20:03,539 INFO process_modis - Step: keeping native L1 grid for cloud mask
2026-06-03 15:20:03,546 INFO run_pipeline - [process] 2026-06-03 15:20:03,545 INFO process_modis - Step: prepared Dataset for MOD021KM.A2024174.2015.061.2024175073326.hdf with vars=bt_ir_105,bt_wv_63,cloud_mask coords=time,crs,latitude,longitude
2026-06-03 15:20:04,857 INFO run_pipeline - [process] 2026-06-03 15:20:04,856 INFO process_modis - Wrote /sat_data/modis/processed/2024/06/22/20240622T2010_modis_terra_bt_ir_105_bt_wv_63_cloud_mask.nc
2026-06-03 15:20:05,961 INFO run_pipeline - [process] 2026-06-03 15:20:05,961 INFO process_modis - Wrote /sat_data/modis/processed/2024/06/22/20240622T2015_modis_terra_bt_ir_105_bt_wv_63_cloud_mask.nc
2026-06-03 15:20:18,729 INFO run_pipeline - [process] 2026-06-03 15:20:18,728 INFO process_modis - Step: keeping native L1 grid for ir_105
2026-06-03 15:20:18,982 INFO run_pipeline - [process] 2026-06-03 15:20:18,981 INFO process_modis - Step: keeping native L1 grid for wv_63
2026-06-03 15:20:19,429 INFO run_pipeline - [process] 2026-06-03 15:20:19,429 INFO process_modis - Step: loading/resampling cloud mask from MOD35_L2.A2024174.2150.061.2024175073401.hdf
2026-06-03 15:20:19,430 INFO run_pipeline - [process] 2026-06-03 15:20:19,429 INFO process_modis - Step: keeping native L1 grid for cloud mask
2026-06-03 15:20:19,435 INFO run_pipeline - [process] 2026-06-03 15:20:19,435 INFO process_modis - Step: prepared Dataset for MOD021KM.A2024174.2150.061.2024175073304.hdf with vars=bt_ir_105,bt_wv_63,cloud_mask coords=time,crs,latitude,longitude
2026-06-03 15:20:20,901 INFO run_pipeline - [process] 2026-06-03 15:20:20,900 INFO process_modis - Wrote /sat_data/modis/processed/2024/06/22/20240622T2150_modis_terra_bt_ir_105_bt_wv_63_cloud_mask.nc
2026-06-03 15:20:21,041 INFO run_pipeline - [process] 2026-06-03 15:20:21,041 INFO process_modis - Processed 6 files for terra in /sat_data/modis/raw/radiances/2024/06/22
2026-06-03 15:20:21,042 INFO run_pipeline - [process] 2026-06-03 15:20:21,042 INFO process_modis - Day aqua /sat_data/modis/raw/radiances/2024/06/22: found 7 L1 files and 7 L2 files (dir totals: 13 radiance, 13 cloud)
2026-06-03 15:20:21,043 INFO run_pipeline - [process] 2026-06-03 15:20:21,042 INFO process_modis - Processing 7 granules with 5 workers
2026-06-03 15:20:21,043 INFO run_pipeline - [process] 2026-06-03 15:20:21,043 INFO process_modis - Processing granule MYD021KM.A2024174.0105.061.2024174152223.hdf timestamp=20240622T0105 matched_L2=MYD35_L2.A2024174.0105.061.2024174152404.hdf
2026-06-03 15:20:21,043 INFO run_pipeline - [process] 2026-06-03 15:20:21,043 INFO process_modis - Step: loading BT datasets for MYD021KM.A2024174.0105.061.2024174152223.hdf
2026-06-03 15:20:21,045 INFO run_pipeline - [process] 2026-06-03 15:20:21,044 INFO process_modis - Processing granule MYD021KM.A2024174.0110.061.2024174151657.hdf timestamp=20240622T0110 matched_L2=MYD35_L2.A2024174.0110.061.2024174151804.hdf
2026-06-03 15:20:21,045 INFO run_pipeline - [process] 2026-06-03 15:20:21,045 INFO process_modis - Step: loading BT datasets for MYD021KM.A2024174.0110.061.2024174151657.hdf
2026-06-03 15:20:21,120 INFO run_pipeline - [process] 2026-06-03 15:20:21,120 INFO process_modis - Processing granule MYD021KM.A2024174.0245.061.2024174151921.hdf timestamp=20240622T0245 matched_L2=MYD35_L2.A2024174.0245.061.2024174152054.hdf
2026-06-03 15:20:21,120 INFO run_pipeline - [process] 2026-06-03 15:20:21,120 INFO process_modis - Step: loading BT datasets for MYD021KM.A2024174.0245.061.2024174151921.hdf
2026-06-03 15:20:21,213 INFO run_pipeline - [process] 2026-06-03 15:20:21,212 INFO process_modis - Processing granule MYD021KM.A2024174.0250.061.2024174151615.hdf timestamp=20240622T0250 matched_L2=MYD35_L2.A2024174.0250.061.2024174151707.hdf
2026-06-03 15:20:21,213 INFO run_pipeline - [process] 2026-06-03 15:20:21,212 INFO process_modis - Step: loading BT datasets for MYD021KM.A2024174.0250.061.2024174151615.hdf
2026-06-03 15:20:21,271 INFO run_pipeline - [process] 2026-06-03 15:20:21,271 INFO process_modis - Processing granule MYD021KM.A2024174.1215.061.2024175145918.hdf timestamp=20240622T1215 matched_L2=MYD35_L2.A2024174.1215.061.2024175150051.hdf
2026-06-03 15:20:21,271 INFO run_pipeline - [process] 2026-06-03 15:20:21,271 INFO process_modis - Step: loading BT datasets for MYD021KM.A2024174.1215.061.2024175145918.hdf
2026-06-03 15:20:22,349 INFO run_pipeline - [process] 2026-06-03 15:20:22,349 INFO process_modis - Step: loaded BT datasets for MYD021KM.A2024174.0105.061.2024174152223.hdf: bt_ir_105,bt_wv_63
2026-06-03 15:20:22,451 INFO run_pipeline - [process] 2026-06-03 15:20:22,451 INFO process_modis - Step: loaded BT datasets for MYD021KM.A2024174.0110.061.2024174151657.hdf: bt_ir_105,bt_wv_63
2026-06-03 15:20:22,632 INFO run_pipeline - [process] 2026-06-03 15:20:22,632 INFO process_modis - Step: loaded BT datasets for MYD021KM.A2024174.0250.061.2024174151615.hdf: bt_ir_105,bt_wv_63
2026-06-03 15:20:22,657 INFO run_pipeline - [process] 2026-06-03 15:20:22,657 INFO process_modis - Step: loaded BT datasets for MYD021KM.A2024174.1215.061.2024175145918.hdf: bt_ir_105,bt_wv_63
2026-06-03 15:20:22,682 INFO run_pipeline - [process] 2026-06-03 15:20:22,681 INFO process_modis - Step: loaded BT datasets for MYD021KM.A2024174.0245.061.2024174151921.hdf: bt_ir_105,bt_wv_63
2026-06-03 15:23:37,246 INFO run_pipeline - [process] 2026-06-03 15:23:37,246 INFO process_modis - Step: keeping native L1 grid for ir_105
2026-06-03 15:23:37,538 INFO run_pipeline - [process] 2026-06-03 15:23:37,538 INFO process_modis - Step: keeping native L1 grid for wv_63
2026-06-03 15:23:38,087 INFO run_pipeline - [process] 2026-06-03 15:23:38,087 INFO process_modis - Step: loading/resampling cloud mask from MYD35_L2.A2024174.1215.061.2024175150051.hdf
2026-06-03 15:23:38,087 INFO run_pipeline - [process] 2026-06-03 15:23:38,087 INFO process_modis - Step: keeping native L1 grid for cloud mask
2026-06-03 15:23:38,091 INFO run_pipeline - [process] 2026-06-03 15:23:38,091 INFO process_modis - Step: prepared Dataset for MYD021KM.A2024174.1215.061.2024175145918.hdf with vars=bt_ir_105,bt_wv_63,cloud_mask coords=time,crs,latitude,longitude
2026-06-03 15:23:39,552 INFO run_pipeline - [process] 2026-06-03 15:23:39,552 INFO process_modis - Wrote /sat_data/modis/processed/2024/06/22/20240622T1215_modis_aqua_bt_ir_105_bt_wv_63_cloud_mask.nc
2026-06-03 15:23:39,719 INFO run_pipeline - [process] 2026-06-03 15:23:39,719 INFO process_modis - Processing granule MYD021KM.A2024174.1220.061.2024175150413.hdf timestamp=20240622T1220 matched_L2=MYD35_L2.A2024174.1220.061.2024175150547.hdf
2026-06-03 15:23:39,719 INFO run_pipeline - [process] 2026-06-03 15:23:39,719 INFO process_modis - Step: loading BT datasets for MYD021KM.A2024174.1220.061.2024175150413.hdf
2026-06-03 15:23:40,259 INFO run_pipeline - [process] 2026-06-03 15:23:40,259 INFO process_modis - Step: loaded BT datasets for MYD021KM.A2024174.1220.061.2024175150413.hdf: bt_ir_105,bt_wv_63
2026-06-03 15:24:28,425 INFO run_pipeline - [process] 2026-06-03 15:24:28,425 INFO process_modis - Step: keeping native L1 grid for ir_105
2026-06-03 15:24:28,669 INFO run_pipeline - [process] 2026-06-03 15:24:28,668 INFO process_modis - Step: keeping native L1 grid for wv_63
2026-06-03 15:24:29,097 INFO run_pipeline - [process] 2026-06-03 15:24:29,097 INFO process_modis - Step: loading/resampling cloud mask from MYD35_L2.A2024174.0105.061.2024174152404.hdf
2026-06-03 15:24:29,097 INFO run_pipeline - [process] 2026-06-03 15:24:29,097 INFO process_modis - Step: keeping native L1 grid for cloud mask
2026-06-03 15:24:29,102 INFO run_pipeline - [process] 2026-06-03 15:24:29,102 INFO process_modis - Step: prepared Dataset for MYD021KM.A2024174.0105.061.2024174152223.hdf with vars=bt_ir_105,bt_wv_63,cloud_mask coords=time,crs,latitude,longitude
2026-06-03 15:24:29,695 INFO run_pipeline - [process] 2026-06-03 15:24:29,695 INFO process_modis - Step: keeping native L1 grid for ir_105
2026-06-03 15:24:29,948 INFO run_pipeline - [process] 2026-06-03 15:24:29,948 INFO process_modis - Step: keeping native L1 grid for wv_63
2026-06-03 15:24:30,378 INFO run_pipeline - [process] 2026-06-03 15:24:30,377 INFO process_modis - Step: loading/resampling cloud mask from MYD35_L2.A2024174.0245.061.2024174152054.hdf
2026-06-03 15:24:30,378 INFO run_pipeline - [process] 2026-06-03 15:24:30,377 INFO process_modis - Step: keeping native L1 grid for cloud mask
2026-06-03 15:24:30,383 INFO run_pipeline - [process] 2026-06-03 15:24:30,383 INFO process_modis - Step: prepared Dataset for MYD021KM.A2024174.0245.061.2024174151921.hdf with vars=bt_ir_105,bt_wv_63,cloud_mask coords=time,crs,latitude,longitude
2026-06-03 15:24:30,586 INFO run_pipeline - [process] 2026-06-03 15:24:30,586 INFO process_modis - Wrote /sat_data/modis/processed/2024/06/22/20240622T0105_modis_aqua_bt_ir_105_bt_wv_63_cloud_mask.nc
2026-06-03 15:24:30,755 INFO run_pipeline - [process] 2026-06-03 15:24:30,755 INFO process_modis - Processing granule MYD021KM.A2024174.1355.061.2024175150355.hdf timestamp=20240622T1355 matched_L2=MYD35_L2.A2024174.1355.061.2024175150521.hdf
2026-06-03 15:24:30,755 INFO run_pipeline - [process] 2026-06-03 15:24:30,755 INFO process_modis - Step: loading BT datasets for MYD021KM.A2024174.1355.061.2024175150355.hdf
2026-06-03 15:24:31,492 INFO run_pipeline - [process] 2026-06-03 15:24:31,492 INFO process_modis - Step: loaded BT datasets for MYD021KM.A2024174.1355.061.2024175150355.hdf: bt_ir_105,bt_wv_63
2026-06-03 15:24:32,452 INFO run_pipeline - [process] 2026-06-03 15:24:32,452 INFO process_modis - Wrote /sat_data/modis/processed/2024/06/22/20240622T0245_modis_aqua_bt_ir_105_bt_wv_63_cloud_mask.nc
2026-06-03 15:24:32,624 INFO run_pipeline - [process] 2026-06-03 15:24:32,623 INFO process_modis - Step: keeping native L1 grid for ir_105
2026-06-03 15:24:32,863 INFO run_pipeline - [process] 2026-06-03 15:24:32,863 INFO process_modis - Step: keeping native L1 grid for wv_63
2026-06-03 15:24:33,286 INFO run_pipeline - [process] 2026-06-03 15:24:33,286 INFO process_modis - Step: loading/resampling cloud mask from MYD35_L2.A2024174.0110.061.2024174151804.hdf
2026-06-03 15:24:33,286 INFO run_pipeline - [process] 2026-06-03 15:24:33,286 INFO process_modis - Step: keeping native L1 grid for cloud mask
2026-06-03 15:24:33,291 INFO run_pipeline - [process] 2026-06-03 15:24:33,290 INFO process_modis - Step: prepared Dataset for MYD021KM.A2024174.0110.061.2024174151657.hdf with vars=bt_ir_105,bt_wv_63,cloud_mask coords=time,crs,latitude,longitude
2026-06-03 15:24:34,734 INFO run_pipeline - [process] 2026-06-03 15:24:34,734 INFO process_modis - Wrote /sat_data/modis/processed/2024/06/22/20240622T0110_modis_aqua_bt_ir_105_bt_wv_63_cloud_mask.nc
2026-06-03 15:24:46,321 INFO run_pipeline - [process] 2026-06-03 15:24:46,320 INFO process_modis - Step: keeping native L1 grid for ir_105
2026-06-03 15:24:46,590 INFO run_pipeline - [process] 2026-06-03 15:24:46,590 INFO process_modis - Step: keeping native L1 grid for wv_63
2026-06-03 15:24:47,079 INFO run_pipeline - [process] 2026-06-03 15:24:47,078 INFO process_modis - Step: loading/resampling cloud mask from MYD35_L2.A2024174.0250.061.2024174151707.hdf
2026-06-03 15:24:47,079 INFO run_pipeline - [process] 2026-06-03 15:24:47,078 INFO process_modis - Step: keeping native L1 grid for cloud mask
2026-06-03 15:24:47,085 INFO run_pipeline - [process] 2026-06-03 15:24:47,085 INFO process_modis - Step: prepared Dataset for MYD021KM.A2024174.0250.061.2024174151615.hdf with vars=bt_ir_105,bt_wv_63,cloud_mask coords=time,crs,latitude,longitude
2026-06-03 15:24:48,770 INFO run_pipeline - [process] 2026-06-03 15:24:48,770 INFO process_modis - Wrote /sat_data/modis/processed/2024/06/22/20240622T0250_modis_aqua_bt_ir_105_bt_wv_63_cloud_mask.nc
2026-06-03 15:25:04,328 INFO run_pipeline - [process] 2026-06-03 15:25:04,327 INFO process_modis - Step: keeping native L1 grid for ir_105
2026-06-03 15:25:04,684 INFO run_pipeline - [process] 2026-06-03 15:25:04,684 INFO process_modis - Step: keeping native L1 grid for wv_63
2026-06-03 15:25:05,233 INFO run_pipeline - [process] 2026-06-03 15:25:05,233 INFO process_modis - Step: loading/resampling cloud mask from MYD35_L2.A2024174.1220.061.2024175150547.hdf
2026-06-03 15:25:05,233 INFO run_pipeline - [process] 2026-06-03 15:25:05,233 INFO process_modis - Step: keeping native L1 grid for cloud mask
2026-06-03 15:25:05,237 INFO run_pipeline - [process] 2026-06-03 15:25:05,237 INFO process_modis - Step: prepared Dataset for MYD021KM.A2024174.1220.061.2024175150413.hdf with vars=bt_ir_105,bt_wv_63,cloud_mask coords=time,crs,latitude,longitude
2026-06-03 15:25:06,817 INFO run_pipeline - [process] 2026-06-03 15:25:06,817 INFO process_modis - Wrote /sat_data/modis/processed/2024/06/22/20240622T1220_modis_aqua_bt_ir_105_bt_wv_63_cloud_mask.nc
2026-06-03 15:25:23,223 INFO run_pipeline - [process] 2026-06-03 15:25:23,222 INFO process_modis - Step: keeping native L1 grid for ir_105
2026-06-03 15:25:23,475 INFO run_pipeline - [process] 2026-06-03 15:25:23,475 INFO process_modis - Step: keeping native L1 grid for wv_63
2026-06-03 15:25:23,997 INFO run_pipeline - [process] 2026-06-03 15:25:23,997 INFO process_modis - Step: loading/resampling cloud mask from MYD35_L2.A2024174.1355.061.2024175150521.hdf
2026-06-03 15:25:23,998 INFO run_pipeline - [process] 2026-06-03 15:25:23,997 INFO process_modis - Step: keeping native L1 grid for cloud mask
2026-06-03 15:25:24,001 INFO run_pipeline - [process] 2026-06-03 15:25:24,001 INFO process_modis - Step: prepared Dataset for MYD021KM.A2024174.1355.061.2024175150355.hdf with vars=bt_ir_105,bt_wv_63,cloud_mask coords=time,crs,latitude,longitude
2026-06-03 15:25:25,483 INFO run_pipeline - [process] 2026-06-03 15:25:25,483 INFO process_modis - Wrote /sat_data/modis/processed/2024/06/22/20240622T1355_modis_aqua_bt_ir_105_bt_wv_63_cloud_mask.nc
2026-06-03 15:25:25,652 INFO run_pipeline - [process] 2026-06-03 15:25:25,651 INFO process_modis - Processed 7 files for aqua in /sat_data/modis/raw/radiances/2024/06/22
2026-06-03 15:25:26,359 INFO run_pipeline - Finished process in 587.71s with return code 0
2026-06-03 15:25:26,359 INFO run_pipeline - Starting upload: /home/Daniele/miniforge3/envs/satpy/bin/python /home/Daniele/codes/MODIS-processing/scripts/2_upload_s3.py --config /home/Daniele/codes/MODIS-processing/config/pipeline_config.yaml --credentials /home/Daniele/codes/MODIS-processing/s3_credentials.py --date 2024-06-22 --log-level INFO --verify
2026-06-03 15:25:31,957 INFO run_pipeline - [upload] 2026-06-03 15:25:31,957 INFO upload_s3 - Uploaded 13 files
2026-06-03 15:25:32,212 INFO run_pipeline - Finished upload in 5.85s with return code 0
2026-06-03 15:25:32,213 INFO run_pipeline - Batch 2024-06-22 finished in download=56.24s process=587.71s upload=5.85s | L1=13 L2=13 processed=13 uploaded=13 errors=0 failed_stage=none
2026-06-03 15:25:32,213 INFO run_pipeline - === Batch 2024-06-23 ===
2026-06-03 15:25:32,213 INFO run_pipeline - Starting download: /home/Daniele/miniforge3/envs/satpy/bin/python /home/Daniele/codes/MODIS-processing/scripts/0_download_modis.py --config /home/Daniele/codes/MODIS-processing/config/pipeline_config.yaml --date 2024-06-23 --log-level INFO
2026-06-03 15:25:33,302 INFO run_pipeline - [download] 2026-06-03 15:25:33,301 INFO download_modis - Searching CMR for MOD021KM between 2024-06-23 00:00:00 and 2024-06-24 00:00:00
2026-06-03 15:25:33,769 INFO run_pipeline - [download] 2026-06-03 15:25:33,769 INFO download_modis - Downloading 4 granules with 6 workers for MOD021KM
2026-06-03 15:25:43,437 INFO run_pipeline - [download] 2026-06-03 15:25:43,437 INFO download_modis - Searching CMR for MOD35_L2 between 2024-06-23 00:00:00 and 2024-06-24 00:00:00
2026-06-03 15:25:43,722 INFO run_pipeline - [download] 2026-06-03 15:25:43,722 INFO download_modis - Downloading 4 granules with 6 workers for MOD35_L2
2026-06-03 15:25:47,522 INFO run_pipeline - [download] 2026-06-03 15:25:47,522 INFO download_modis - terra [2024-06-23 - 2024-06-24] L1 downloaded=4 skipped=4 | L2 downloaded=4 skipped=0
2026-06-03 15:25:47,523 INFO run_pipeline - [download] 2026-06-03 15:25:47,522 INFO download_modis - Searching CMR for MYD021KM between 2024-06-23 00:00:00 and 2024-06-24 00:00:00
2026-06-03 15:25:47,795 INFO run_pipeline - [download] 2026-06-03 15:25:47,794 INFO download_modis - Downloading 5 granules with 6 workers for MYD021KM
2026-06-03 15:25:57,248 INFO run_pipeline - [download] 2026-06-03 15:25:57,248 INFO download_modis - Searching CMR for MYD35_L2 between 2024-06-23 00:00:00 and 2024-06-24 00:00:00
2026-06-03 15:25:57,638 INFO run_pipeline - [download] 2026-06-03 15:25:57,637 INFO download_modis - Downloading 5 granules with 6 workers for MYD35_L2
2026-06-03 15:26:01,377 INFO run_pipeline - [download] 2026-06-03 15:26:01,377 INFO download_modis - aqua [2024-06-23 - 2024-06-24] L1 downloaded=5 skipped=5 | L2 downloaded=5 skipped=0
2026-06-03 15:26:01,576 INFO run_pipeline - Finished download in 29.36s with return code 0
2026-06-03 15:26:01,577 INFO run_pipeline - Starting process: /home/Daniele/miniforge3/envs/satpy/bin/python /home/Daniele/codes/MODIS-processing/scripts/1_process_modis.py --config /home/Daniele/codes/MODIS-processing/config/pipeline_config.yaml --date 2024-06-23 --log-level INFO
2026-06-03 15:26:02,622 INFO run_pipeline - [process] 2026-06-03 15:26:02,622 INFO process_modis - Day terra /sat_data/modis/raw/radiances/2024/06/23: found 4 L1 files and 4 L2 files (dir totals: 9 radiance, 9 cloud)
2026-06-03 15:26:02,622 INFO run_pipeline - [process] 2026-06-03 15:26:02,622 INFO process_modis - Processing 4 granules with 5 workers
2026-06-03 15:26:02,623 INFO run_pipeline - [process] 2026-06-03 15:26:02,622 INFO process_modis - Processing granule MOD021KM.A2024175.0945.061.2024176040845.hdf timestamp=20240623T0945 matched_L2=MOD35_L2.A2024175.0945.061.2024176041037.hdf
2026-06-03 15:26:02,623 INFO run_pipeline - [process] 2026-06-03 15:26:02,622 INFO process_modis - Step: loading BT datasets for MOD021KM.A2024175.0945.061.2024176040845.hdf
2026-06-03 15:26:02,623 INFO run_pipeline - [process] 2026-06-03 15:26:02,623 INFO process_modis - Processing granule MOD021KM.A2024175.1915.061.2024176073521.hdf timestamp=20240623T1915 matched_L2=MOD35_L2.A2024175.1915.061.2024176073646.hdf
2026-06-03 15:26:02,623 INFO run_pipeline - [process] 2026-06-03 15:26:02,623 INFO process_modis - Step: loading BT datasets for MOD021KM.A2024175.1915.061.2024176073521.hdf
2026-06-03 15:26:02,624 INFO run_pipeline - [process] 2026-06-03 15:26:02,624 INFO process_modis - Processing granule MOD021KM.A2024175.2050.061.2024176073526.hdf timestamp=20240623T2050 matched_L2=MOD35_L2.A2024175.2050.061.2024176073620.hdf
2026-06-03 15:26:02,624 INFO run_pipeline - [process] 2026-06-03 15:26:02,624 INFO process_modis - Step: loading BT datasets for MOD021KM.A2024175.2050.061.2024176073526.hdf
2026-06-03 15:26:02,625 INFO run_pipeline - [process] 2026-06-03 15:26:02,625 INFO process_modis - Processing granule MOD021KM.A2024175.2055.061.2024176073543.hdf timestamp=20240623T2055 matched_L2=MOD35_L2.A2024175.2055.061.2024176073710.hdf
2026-06-03 15:26:02,625 INFO run_pipeline - [process] 2026-06-03 15:26:02,625 INFO process_modis - Step: loading BT datasets for MOD021KM.A2024175.2055.061.2024176073543.hdf
2026-06-03 15:26:04,476 INFO run_pipeline - [process] 2026-06-03 15:26:04,475 INFO process_modis - Step: loaded BT datasets for MOD021KM.A2024175.2055.061.2024176073543.hdf: bt_ir_105,bt_wv_63
2026-06-03 15:26:04,527 INFO run_pipeline - [process] 2026-06-03 15:26:04,527 INFO process_modis - Step: loaded BT datasets for MOD021KM.A2024175.1915.061.2024176073521.hdf: bt_ir_105,bt_wv_63
2026-06-03 15:26:04,564 INFO run_pipeline - [process] 2026-06-03 15:26:04,564 INFO process_modis - Step: loaded BT datasets for MOD021KM.A2024175.0945.061.2024176040845.hdf: bt_ir_105,bt_wv_63
2026-06-03 15:26:04,570 INFO run_pipeline - [process] 2026-06-03 15:26:04,570 INFO process_modis - Step: loaded BT datasets for MOD021KM.A2024175.2050.061.2024176073526.hdf: bt_ir_105,bt_wv_63
2026-06-03 15:28:40,648 INFO run_pipeline - [process] 2026-06-03 15:28:40,646 INFO process_modis - Step: keeping native L1 grid for ir_105
2026-06-03 15:28:41,023 INFO run_pipeline - [process] 2026-06-03 15:28:41,022 INFO process_modis - Step: keeping native L1 grid for wv_63
2026-06-03 15:28:41,575 INFO run_pipeline - [process] 2026-06-03 15:28:41,575 INFO process_modis - Step: loading/resampling cloud mask from MOD35_L2.A2024175.2050.061.2024176073620.hdf
2026-06-03 15:28:41,575 INFO run_pipeline - [process] 2026-06-03 15:28:41,575 INFO process_modis - Step: keeping native L1 grid for cloud mask
2026-06-03 15:28:41,580 INFO run_pipeline - [process] 2026-06-03 15:28:41,580 INFO process_modis - Step: prepared Dataset for MOD021KM.A2024175.2050.061.2024176073526.hdf with vars=bt_ir_105,bt_wv_63,cloud_mask coords=time,crs,latitude,longitude
2026-06-03 15:28:43,102 INFO run_pipeline - [process] 2026-06-03 15:28:43,101 INFO process_modis - Wrote /sat_data/modis/processed/2024/06/23/20240623T2050_modis_terra_bt_ir_105_bt_wv_63_cloud_mask.nc
2026-06-03 15:28:46,411 INFO run_pipeline - [process] 2026-06-03 15:28:46,411 INFO process_modis - Step: keeping native L1 grid for ir_105
2026-06-03 15:28:46,668 INFO run_pipeline - [process] 2026-06-03 15:28:46,667 INFO process_modis - Step: keeping native L1 grid for wv_63
2026-06-03 15:28:47,115 INFO run_pipeline - [process] 2026-06-03 15:28:47,115 INFO process_modis - Step: loading/resampling cloud mask from MOD35_L2.A2024175.0945.061.2024176041037.hdf
2026-06-03 15:28:47,116 INFO run_pipeline - [process] 2026-06-03 15:28:47,115 INFO process_modis - Step: keeping native L1 grid for cloud mask
2026-06-03 15:28:47,120 INFO run_pipeline - [process] 2026-06-03 15:28:47,120 INFO process_modis - Step: prepared Dataset for MOD021KM.A2024175.0945.061.2024176040845.hdf with vars=bt_ir_105,bt_wv_63,cloud_mask coords=time,crs,latitude,longitude
2026-06-03 15:28:48,626 INFO run_pipeline - [process] 2026-06-03 15:28:48,626 INFO process_modis - Wrote /sat_data/modis/processed/2024/06/23/20240623T0945_modis_terra_bt_ir_105_bt_wv_63_cloud_mask.nc
2026-06-03 15:28:49,598 INFO run_pipeline - [process] 2026-06-03 15:28:49,597 INFO process_modis - Step: keeping native L1 grid for ir_105
2026-06-03 15:28:49,895 INFO run_pipeline - [process] 2026-06-03 15:28:49,894 INFO process_modis - Step: keeping native L1 grid for wv_63
2026-06-03 15:28:50,372 INFO run_pipeline - [process] 2026-06-03 15:28:50,372 INFO process_modis - Step: loading/resampling cloud mask from MOD35_L2.A2024175.2055.061.2024176073710.hdf
2026-06-03 15:28:50,373 INFO run_pipeline - [process] 2026-06-03 15:28:50,372 INFO process_modis - Step: keeping native L1 grid for cloud mask
2026-06-03 15:28:50,377 INFO run_pipeline - [process] 2026-06-03 15:28:50,376 INFO process_modis - Step: prepared Dataset for MOD021KM.A2024175.2055.061.2024176073543.hdf with vars=bt_ir_105,bt_wv_63,cloud_mask coords=time,crs,latitude,longitude
2026-06-03 15:28:50,626 INFO run_pipeline - [process] 2026-06-03 15:28:50,626 INFO process_modis - Step: keeping native L1 grid for ir_105
2026-06-03 15:28:50,911 INFO run_pipeline - [process] 2026-06-03 15:28:50,911 INFO process_modis - Step: keeping native L1 grid for wv_63
2026-06-03 15:28:51,322 INFO run_pipeline - [process] 2026-06-03 15:28:51,322 INFO process_modis - Step: loading/resampling cloud mask from MOD35_L2.A2024175.1915.061.2024176073646.hdf
2026-06-03 15:28:51,322 INFO run_pipeline - [process] 2026-06-03 15:28:51,322 INFO process_modis - Step: keeping native L1 grid for cloud mask
2026-06-03 15:28:51,326 INFO run_pipeline - [process] 2026-06-03 15:28:51,326 INFO process_modis - Step: prepared Dataset for MOD021KM.A2024175.1915.061.2024176073521.hdf with vars=bt_ir_105,bt_wv_63,cloud_mask coords=time,crs,latitude,longitude
2026-06-03 15:28:51,949 INFO run_pipeline - [process] 2026-06-03 15:28:51,949 INFO process_modis - Wrote /sat_data/modis/processed/2024/06/23/20240623T2055_modis_terra_bt_ir_105_bt_wv_63_cloud_mask.nc
2026-06-03 15:28:53,652 INFO run_pipeline - [process] 2026-06-03 15:28:53,652 INFO process_modis - Wrote /sat_data/modis/processed/2024/06/23/20240623T1915_modis_terra_bt_ir_105_bt_wv_63_cloud_mask.nc
2026-06-03 15:28:53,836 INFO run_pipeline - [process] 2026-06-03 15:28:53,816 INFO process_modis - Processed 4 files for terra in /sat_data/modis/raw/radiances/2024/06/23
2026-06-03 15:28:53,837 INFO run_pipeline - [process] 2026-06-03 15:28:53,836 INFO process_modis - Day aqua /sat_data/modis/raw/radiances/2024/06/23: found 5 L1 files and 5 L2 files (dir totals: 9 radiance, 9 cloud)
2026-06-03 15:28:53,837 INFO run_pipeline - [process] 2026-06-03 15:28:53,837 INFO process_modis - Processing 5 granules with 5 workers
2026-06-03 15:28:53,915 INFO run_pipeline - [process] 2026-06-03 15:28:53,915 INFO process_modis - Processing granule MYD021KM.A2024175.0150.061.2024175151818.hdf timestamp=20240623T0150 matched_L2=MYD35_L2.A2024175.0150.061.2024175151925.hdf
2026-06-03 15:28:53,915 INFO run_pipeline - [process] 2026-06-03 15:28:53,915 INFO process_modis - Step: loading BT datasets for MYD021KM.A2024175.0150.061.2024175151818.hdf
2026-06-03 15:28:53,972 INFO run_pipeline - [process] 2026-06-03 15:28:53,972 INFO process_modis - Processing granule MYD021KM.A2024175.0325.061.2024175152347.hdf timestamp=20240623T0325 matched_L2=MYD35_L2.A2024175.0325.061.2024175152528.hdf
2026-06-03 15:28:53,972 INFO run_pipeline - [process] 2026-06-03 15:28:53,972 INFO process_modis - Step: loading BT datasets for MYD021KM.A2024175.0325.061.2024175152347.hdf
2026-06-03 15:28:53,993 INFO run_pipeline - [process] 2026-06-03 15:28:53,993 INFO process_modis - Processing granule MYD021KM.A2024175.1120.061.2024176150000.hdf timestamp=20240623T1120 matched_L2=MYD35_L2.A2024175.1120.061.2024176150120.hdf
2026-06-03 15:28:53,993 INFO run_pipeline - [process] 2026-06-03 15:28:53,993 INFO process_modis - Step: loading BT datasets for MYD021KM.A2024175.1120.061.2024176150000.hdf
2026-06-03 15:28:54,041 INFO run_pipeline - [process] 2026-06-03 15:28:54,041 INFO process_modis - Processing granule MYD021KM.A2024175.1255.061.2024176150331.hdf timestamp=20240623T1255 matched_L2=MYD35_L2.A2024175.1255.061.2024176150521.hdf
2026-06-03 15:28:54,041 INFO run_pipeline - [process] 2026-06-03 15:28:54,041 INFO process_modis - Step: loading BT datasets for MYD021KM.A2024175.1255.061.2024176150331.hdf
2026-06-03 15:28:54,124 INFO run_pipeline - [process] 2026-06-03 15:28:54,124 INFO process_modis - Processing granule MYD021KM.A2024175.1300.061.2024176150311.hdf timestamp=20240623T1300 matched_L2=MYD35_L2.A2024175.1300.061.2024176150505.hdf
2026-06-03 15:28:54,124 INFO run_pipeline - [process] 2026-06-03 15:28:54,124 INFO process_modis - Step: loading BT datasets for MYD021KM.A2024175.1300.061.2024176150311.hdf
2026-06-03 15:28:55,295 INFO run_pipeline - [process] 2026-06-03 15:28:55,295 INFO process_modis - Step: loaded BT datasets for MYD021KM.A2024175.0150.061.2024175151818.hdf: bt_ir_105,bt_wv_63
2026-06-03 15:28:55,318 INFO run_pipeline - [process] 2026-06-03 15:28:55,318 INFO process_modis - Step: loaded BT datasets for MYD021KM.A2024175.1120.061.2024176150000.hdf: bt_ir_105,bt_wv_63
2026-06-03 15:28:55,380 INFO run_pipeline - [process] 2026-06-03 15:28:55,380 INFO process_modis - Step: loaded BT datasets for MYD021KM.A2024175.1255.061.2024176150331.hdf: bt_ir_105,bt_wv_63
2026-06-03 15:28:55,446 INFO run_pipeline - [process] 2026-06-03 15:28:55,446 INFO process_modis - Step: loaded BT datasets for MYD021KM.A2024175.0325.061.2024175152347.hdf: bt_ir_105,bt_wv_63
2026-06-03 15:28:55,490 INFO run_pipeline - [process] 2026-06-03 15:28:55,489 INFO process_modis - Step: loaded BT datasets for MYD021KM.A2024175.1300.061.2024176150311.hdf: bt_ir_105,bt_wv_63
2026-06-03 15:28:55,593 INFO run_pipeline - [process] 2026-06-03 15:28:55,592 ERROR process_modis - Exception in worker while processing /sat_data/modis/raw/radiances/2024/06/23/MYD021KM.A2024175.1120.061.2024176150000.hdf
2026-06-03 15:28:55,593 INFO run_pipeline - [process] Traceback (most recent call last):
2026-06-03 15:28:55,593 INFO run_pipeline - [process]   File "/home/Daniele/codes/MODIS-processing/scripts/1_process_modis.py", line 762, in process_day
2026-06-03 15:28:55,593 INFO run_pipeline - [process]     produced = fut.result()
2026-06-03 15:28:55,593 INFO run_pipeline - [process]   File "/home/Daniele/miniforge3/envs/satpy/lib/python3.10/concurrent/futures/_base.py", line 451, in result
2026-06-03 15:28:55,593 INFO run_pipeline - [process]     return self.__get_result()
2026-06-03 15:28:55,593 INFO run_pipeline - [process]   File "/home/Daniele/miniforge3/envs/satpy/lib/python3.10/concurrent/futures/_base.py", line 403, in __get_result
2026-06-03 15:28:55,593 INFO run_pipeline - [process]     raise self._exception
2026-06-03 15:28:55,594 INFO run_pipeline - [process]   File "/home/Daniele/miniforge3/envs/satpy/lib/python3.10/concurrent/futures/thread.py", line 58, in run
2026-06-03 15:28:55,594 INFO run_pipeline - [process]     result = self.fn(*self.args, **self.kwargs)
2026-06-03 15:28:55,594 INFO run_pipeline - [process]   File "/home/Daniele/codes/MODIS-processing/scripts/1_process_modis.py", line 370, in _process_single
2026-06-03 15:28:55,594 INFO run_pipeline - [process]     native_cache = build_regrid_cache(ref_lon, ref_lat, local_tgt_lon2d, local_tgt_lat2d)
2026-06-03 15:28:55,594 INFO run_pipeline - [process]   File "/home/Daniele/codes/MODIS-processing/scripts/utils/regrid.py", line 73, in build_regrid_cache
2026-06-03 15:28:55,594 INFO run_pipeline - [process]     return RegridCache(source_lon=src_lon, source_lat=src_lat, target_lon=target_lon, target_lat=target_lat)
2026-06-03 15:28:55,594 INFO run_pipeline - [process]   File "<string>", line 7, in __init__
2026-06-03 15:28:55,594 INFO run_pipeline - [process]   File "/home/Daniele/codes/MODIS-processing/scripts/utils/regrid.py", line 28, in __post_init__
2026-06-03 15:28:55,594 INFO run_pipeline - [process]     self.triangulation = Delaunay(self.source_points)
2026-06-03 15:28:55,594 INFO run_pipeline - [process]   File "_qhull.pyx", line 1885, in scipy.spatial._qhull.Delaunay.__init__
2026-06-03 15:28:55,594 INFO run_pipeline - [process]   File "_qhull.pyx", line 280, in scipy.spatial._qhull._Qhull.__init__
2026-06-03 15:28:55,594 INFO run_pipeline - [process] ValueError: Points cannot contain NaN
2026-06-03 15:30:55,848 INFO run_pipeline - [process] 2026-06-03 15:30:55,846 INFO process_modis - Step: keeping native L1 grid for ir_105
2026-06-03 15:30:56,142 INFO run_pipeline - [process] 2026-06-03 15:30:56,141 INFO process_modis - Step: keeping native L1 grid for wv_63
2026-06-03 15:30:56,630 INFO run_pipeline - [process] 2026-06-03 15:30:56,630 INFO process_modis - Step: loading/resampling cloud mask from MYD35_L2.A2024175.0150.061.2024175151925.hdf
2026-06-03 15:30:56,630 INFO run_pipeline - [process] 2026-06-03 15:30:56,630 INFO process_modis - Step: keeping native L1 grid for cloud mask
2026-06-03 15:30:56,635 INFO run_pipeline - [process] 2026-06-03 15:30:56,635 INFO process_modis - Step: prepared Dataset for MYD021KM.A2024175.0150.061.2024175151818.hdf with vars=bt_ir_105,bt_wv_63,cloud_mask coords=time,crs,latitude,longitude
2026-06-03 15:30:58,082 INFO run_pipeline - [process] 2026-06-03 15:30:58,082 INFO process_modis - Wrote /sat_data/modis/processed/2024/06/23/20240623T0150_modis_aqua_bt_ir_105_bt_wv_63_cloud_mask.nc
2026-06-03 15:31:47,570 INFO run_pipeline - [process] 2026-06-03 15:31:47,569 INFO process_modis - Step: keeping native L1 grid for ir_105
2026-06-03 15:31:47,866 INFO run_pipeline - [process] 2026-06-03 15:31:47,866 INFO process_modis - Step: keeping native L1 grid for wv_63
2026-06-03 15:31:48,361 INFO run_pipeline - [process] 2026-06-03 15:31:48,361 INFO process_modis - Step: loading/resampling cloud mask from MYD35_L2.A2024175.0325.061.2024175152528.hdf
2026-06-03 15:31:48,361 INFO run_pipeline - [process] 2026-06-03 15:31:48,361 INFO process_modis - Step: keeping native L1 grid for cloud mask
2026-06-03 15:31:48,366 INFO run_pipeline - [process] 2026-06-03 15:31:48,366 INFO process_modis - Step: prepared Dataset for MYD021KM.A2024175.0325.061.2024175152347.hdf with vars=bt_ir_105,bt_wv_63,cloud_mask coords=time,crs,latitude,longitude
2026-06-03 15:31:49,972 INFO run_pipeline - [process] 2026-06-03 15:31:49,971 INFO process_modis - Wrote /sat_data/modis/processed/2024/06/23/20240623T0325_modis_aqua_bt_ir_105_bt_wv_63_cloud_mask.nc
2026-06-03 15:32:03,563 INFO run_pipeline - [process] 2026-06-03 15:32:03,563 INFO process_modis - Step: keeping native L1 grid for ir_105
2026-06-03 15:32:03,856 INFO run_pipeline - [process] 2026-06-03 15:32:03,856 INFO process_modis - Step: keeping native L1 grid for wv_63
2026-06-03 15:32:04,264 INFO run_pipeline - [process] 2026-06-03 15:32:04,264 INFO process_modis - Step: keeping native L1 grid for ir_105
2026-06-03 15:32:04,428 INFO run_pipeline - [process] 2026-06-03 15:32:04,428 INFO process_modis - Step: loading/resampling cloud mask from MYD35_L2.A2024175.1255.061.2024176150521.hdf
2026-06-03 15:32:04,428 INFO run_pipeline - [process] 2026-06-03 15:32:04,428 INFO process_modis - Step: keeping native L1 grid for cloud mask
2026-06-03 15:32:04,432 INFO run_pipeline - [process] 2026-06-03 15:32:04,432 INFO process_modis - Step: prepared Dataset for MYD021KM.A2024175.1255.061.2024176150331.hdf with vars=bt_ir_105,bt_wv_63,cloud_mask coords=time,crs,latitude,longitude
2026-06-03 15:32:04,515 INFO run_pipeline - [process] 2026-06-03 15:32:04,514 INFO process_modis - Step: keeping native L1 grid for wv_63
2026-06-03 15:32:05,074 INFO run_pipeline - [process] 2026-06-03 15:32:05,073 INFO process_modis - Step: loading/resampling cloud mask from MYD35_L2.A2024175.1300.061.2024176150505.hdf
2026-06-03 15:32:05,074 INFO run_pipeline - [process] 2026-06-03 15:32:05,074 INFO process_modis - Step: keeping native L1 grid for cloud mask
2026-06-03 15:32:05,078 INFO run_pipeline - [process] 2026-06-03 15:32:05,078 INFO process_modis - Step: prepared Dataset for MYD021KM.A2024175.1300.061.2024176150311.hdf with vars=bt_ir_105,bt_wv_63,cloud_mask coords=time,crs,latitude,longitude
2026-06-03 15:32:06,410 INFO run_pipeline - [process] 2026-06-03 15:32:06,410 INFO process_modis - Wrote /sat_data/modis/processed/2024/06/23/20240623T1255_modis_aqua_bt_ir_105_bt_wv_63_cloud_mask.nc
2026-06-03 15:32:07,525 INFO run_pipeline - [process] 2026-06-03 15:32:07,524 INFO process_modis - Wrote /sat_data/modis/processed/2024/06/23/20240623T1300_modis_aqua_bt_ir_105_bt_wv_63_cloud_mask.nc
2026-06-03 15:32:07,700 INFO run_pipeline - [process] 2026-06-03 15:32:07,699 INFO process_modis - Processed 4 files for aqua in /sat_data/modis/raw/radiances/2024/06/23
2026-06-03 15:32:08,044 INFO run_pipeline - Finished process in 366.47s with return code 0
2026-06-03 15:32:08,045 WARNING run_pipeline - process produced 2 error lines
2026-06-03 15:32:08,045 INFO run_pipeline - Wrote full process output to /sat_data/modis/processed/pipeline_errors.log
2026-06-03 15:32:08,045 INFO run_pipeline - Starting upload: /home/Daniele/miniforge3/envs/satpy/bin/python /home/Daniele/codes/MODIS-processing/scripts/2_upload_s3.py --config /home/Daniele/codes/MODIS-processing/config/pipeline_config.yaml --credentials /home/Daniele/codes/MODIS-processing/s3_credentials.py --date 2024-06-23 --log-level INFO --verify
2026-06-03 15:32:14,227 INFO run_pipeline - [upload] 2026-06-03 15:32:14,227 INFO upload_s3 - Uploaded 8 files
2026-06-03 15:32:14,488 INFO run_pipeline - Finished upload in 6.44s with return code 0
2026-06-03 15:32:14,488 INFO run_pipeline - Batch 2024-06-23 finished in download=29.36s process=366.47s upload=6.44s | L1=9 L2=9 processed=8 uploaded=8 errors=2 failed_stage=none
2026-06-03 15:32:14,488 INFO run_pipeline - === Batch 2024-06-24 ===
2026-06-03 15:32:14,488 INFO run_pipeline - Starting download: /home/Daniele/miniforge3/envs/satpy/bin/python /home/Daniele/codes/MODIS-processing/scripts/0_download_modis.py --config /home/Daniele/codes/MODIS-processing/config/pipeline_config.yaml --date 2024-06-24 --log-level INFO
2026-06-03 15:32:15,584 INFO run_pipeline - [download] 2026-06-03 15:32:15,584 INFO download_modis - Searching CMR for MOD021KM between 2024-06-24 00:00:00 and 2024-06-25 00:00:00
2026-06-03 15:32:15,883 INFO run_pipeline - [download] 2026-06-03 15:32:15,883 INFO download_modis - Downloading 6 granules with 6 workers for MOD021KM
2026-06-03 15:32:25,467 INFO run_pipeline - [download] 2026-06-03 15:32:25,467 INFO download_modis - Searching CMR for MOD35_L2 between 2024-06-24 00:00:00 and 2024-06-25 00:00:00
2026-06-03 15:32:25,712 INFO run_pipeline - [download] 2026-06-03 15:32:25,711 INFO download_modis - Downloading 6 granules with 6 workers for MOD35_L2
2026-06-03 15:32:29,475 INFO run_pipeline - [download] 2026-06-03 15:32:29,475 INFO download_modis - terra [2024-06-24 - 2024-06-25] L1 downloaded=6 skipped=6 | L2 downloaded=6 skipped=0
2026-06-03 15:32:29,476 INFO run_pipeline - [download] 2026-06-03 15:32:29,475 INFO download_modis - Searching CMR for MYD021KM between 2024-06-24 00:00:00 and 2024-06-25 00:00:00
2026-06-03 15:32:29,757 INFO run_pipeline - [download] 2026-06-03 15:32:29,757 INFO download_modis - Downloading 4 granules with 6 workers for MYD021KM
2026-06-03 15:32:39,765 INFO run_pipeline - [download] 2026-06-03 15:32:39,764 INFO download_modis - Searching CMR for MYD35_L2 between 2024-06-24 00:00:00 and 2024-06-25 00:00:00
2026-06-03 15:32:40,008 INFO run_pipeline - [download] 2026-06-03 15:32:40,007 INFO download_modis - Downloading 4 granules with 6 workers for MYD35_L2
2026-06-03 15:32:43,586 INFO run_pipeline - [download] 2026-06-03 15:32:43,586 INFO download_modis - aqua [2024-06-24 - 2024-06-25] L1 downloaded=4 skipped=4 | L2 downloaded=4 skipped=0
2026-06-03 15:32:43,778 INFO run_pipeline - Finished download in 29.29s with return code 0
2026-06-03 15:32:43,778 INFO run_pipeline - Starting process: /home/Daniele/miniforge3/envs/satpy/bin/python /home/Daniele/codes/MODIS-processing/scripts/1_process_modis.py --config /home/Daniele/codes/MODIS-processing/config/pipeline_config.yaml --date 2024-06-24 --log-level INFO
2026-06-03 15:32:44,817 INFO run_pipeline - [process] 2026-06-03 15:32:44,817 INFO process_modis - Day terra /sat_data/modis/raw/radiances/2024/06/24: found 6 L1 files and 6 L2 files (dir totals: 10 radiance, 10 cloud)
2026-06-03 15:32:44,817 INFO run_pipeline - [process] 2026-06-03 15:32:44,817 INFO process_modis - Processing 6 granules with 5 workers
2026-06-03 15:32:44,818 INFO run_pipeline - [process] 2026-06-03 15:32:44,818 INFO process_modis - Processing granule MOD021KM.A2024176.0845.061.2024176191258.hdf timestamp=20240624T0845 matched_L2=MOD35_L2.A2024176.0845.061.2024176191612.hdf
2026-06-03 15:32:44,818 INFO run_pipeline - [process] 2026-06-03 15:32:44,818 INFO process_modis - Step: loading BT datasets for MOD021KM.A2024176.0845.061.2024176191258.hdf
2026-06-03 15:32:44,819 INFO run_pipeline - [process] 2026-06-03 15:32:44,818 INFO process_modis - Processing granule MOD021KM.A2024176.0850.061.2024176191303.hdf timestamp=20240624T0850 matched_L2=MOD35_L2.A2024176.0850.061.2024176191519.hdf
2026-06-03 15:32:44,819 INFO run_pipeline - [process] 2026-06-03 15:32:44,819 INFO process_modis - Step: loading BT datasets for MOD021KM.A2024176.0850.061.2024176191303.hdf
2026-06-03 15:32:44,819 INFO run_pipeline - [process] 2026-06-03 15:32:44,819 INFO process_modis - Processing granule MOD021KM.A2024176.1025.061.2024176191252.hdf timestamp=20240624T1025 matched_L2=MOD35_L2.A2024176.1025.061.2024176191605.hdf
2026-06-03 15:32:44,819 INFO run_pipeline - [process] 2026-06-03 15:32:44,819 INFO process_modis - Step: loading BT datasets for MOD021KM.A2024176.1025.061.2024176191252.hdf
2026-06-03 15:32:44,820 INFO run_pipeline - [process] 2026-06-03 15:32:44,820 INFO process_modis - Processing granule MOD021KM.A2024176.1955.061.2024177073413.hdf timestamp=20240624T1955 matched_L2=MOD35_L2.A2024176.1955.061.2024177073635.hdf
2026-06-03 15:32:44,820 INFO run_pipeline - [process] 2026-06-03 15:32:44,820 INFO process_modis - Step: loading BT datasets for MOD021KM.A2024176.1955.061.2024177073413.hdf
2026-06-03 15:32:44,821 INFO run_pipeline - [process] 2026-06-03 15:32:44,820 INFO process_modis - Processing granule MOD021KM.A2024176.2130.061.2024177073346.hdf timestamp=20240624T2130 matched_L2=MOD35_L2.A2024176.2130.061.2024177073512.hdf
2026-06-03 15:32:44,821 INFO run_pipeline - [process] 2026-06-03 15:32:44,821 INFO process_modis - Step: loading BT datasets for MOD021KM.A2024176.2130.061.2024177073346.hdf
2026-06-03 15:32:47,058 INFO run_pipeline - [process] 2026-06-03 15:32:47,057 INFO process_modis - Step: loaded BT datasets for MOD021KM.A2024176.0850.061.2024176191303.hdf: bt_ir_105,bt_wv_63
2026-06-03 15:32:47,088 INFO run_pipeline - [process] 2026-06-03 15:32:47,088 INFO process_modis - Step: loaded BT datasets for MOD021KM.A2024176.2130.061.2024177073346.hdf: bt_ir_105,bt_wv_63
2026-06-03 15:32:47,126 INFO run_pipeline - [process] 2026-06-03 15:32:47,126 INFO process_modis - Step: loaded BT datasets for MOD021KM.A2024176.1025.061.2024176191252.hdf: bt_ir_105,bt_wv_63
2026-06-03 15:32:47,152 INFO run_pipeline - [process] 2026-06-03 15:32:47,152 INFO process_modis - Step: loaded BT datasets for MOD021KM.A2024176.0845.061.2024176191258.hdf: bt_ir_105,bt_wv_63
2026-06-03 15:32:47,205 INFO run_pipeline - [process] 2026-06-03 15:32:47,205 INFO process_modis - Step: loaded BT datasets for MOD021KM.A2024176.1955.061.2024177073413.hdf: bt_ir_105,bt_wv_63
2026-06-03 15:36:25,995 INFO run_pipeline - [process] 2026-06-03 15:36:25,994 INFO process_modis - Step: keeping native L1 grid for ir_105
2026-06-03 15:36:26,258 INFO run_pipeline - [process] 2026-06-03 15:36:26,258 INFO process_modis - Step: keeping native L1 grid for wv_63
2026-06-03 15:36:26,703 INFO run_pipeline - [process] 2026-06-03 15:36:26,703 INFO process_modis - Step: loading/resampling cloud mask from MOD35_L2.A2024176.1025.061.2024176191605.hdf
2026-06-03 15:36:26,703 INFO run_pipeline - [process] 2026-06-03 15:36:26,703 INFO process_modis - Step: keeping native L1 grid for cloud mask
2026-06-03 15:36:26,709 INFO run_pipeline - [process] 2026-06-03 15:36:26,709 INFO process_modis - Step: prepared Dataset for MOD021KM.A2024176.1025.061.2024176191252.hdf with vars=bt_ir_105,bt_wv_63,cloud_mask coords=time,crs,latitude,longitude
2026-06-03 15:36:28,368 INFO run_pipeline - [process] 2026-06-03 15:36:28,365 INFO process_modis - Wrote /sat_data/modis/processed/2024/06/24/20240624T1025_modis_terra_bt_ir_105_bt_wv_63_cloud_mask.nc
2026-06-03 15:36:28,383 INFO run_pipeline - [process] 2026-06-03 15:36:28,382 INFO process_modis - Processing granule MOD021KM.A2024176.2135.061.2024177073430.hdf timestamp=20240624T2135 matched_L2=MOD35_L2.A2024176.2135.061.2024177073637.hdf
2026-06-03 15:36:28,383 INFO run_pipeline - [process] 2026-06-03 15:36:28,383 INFO process_modis - Step: loading BT datasets for MOD021KM.A2024176.2135.061.2024177073430.hdf
2026-06-03 15:36:29,034 INFO run_pipeline - [process] 2026-06-03 15:36:29,034 INFO process_modis - Step: loaded BT datasets for MOD021KM.A2024176.2135.061.2024177073430.hdf: bt_ir_105,bt_wv_63
2026-06-03 15:36:35,285 INFO run_pipeline - [process] 2026-06-03 15:36:35,284 INFO process_modis - Step: keeping native L1 grid for ir_105
2026-06-03 15:36:35,538 INFO run_pipeline - [process] 2026-06-03 15:36:35,538 INFO process_modis - Step: keeping native L1 grid for wv_63
2026-06-03 15:36:36,062 INFO run_pipeline - [process] 2026-06-03 15:36:36,062 INFO process_modis - Step: loading/resampling cloud mask from MOD35_L2.A2024176.0850.061.2024176191519.hdf
2026-06-03 15:36:36,063 INFO run_pipeline - [process] 2026-06-03 15:36:36,062 INFO process_modis - Step: keeping native L1 grid for cloud mask
2026-06-03 15:36:36,066 INFO run_pipeline - [process] 2026-06-03 15:36:36,066 INFO process_modis - Step: prepared Dataset for MOD021KM.A2024176.0850.061.2024176191303.hdf with vars=bt_ir_105,bt_wv_63,cloud_mask coords=time,crs,latitude,longitude
2026-06-03 15:36:37,314 INFO run_pipeline - [process] 2026-06-03 15:36:37,314 INFO process_modis - Step: keeping native L1 grid for ir_105
2026-06-03 15:36:37,477 INFO run_pipeline - [process] 2026-06-03 15:36:37,477 INFO process_modis - Wrote /sat_data/modis/processed/2024/06/24/20240624T0850_modis_terra_bt_ir_105_bt_wv_63_cloud_mask.nc
2026-06-03 15:36:37,624 INFO run_pipeline - [process] 2026-06-03 15:36:37,624 INFO process_modis - Step: keeping native L1 grid for wv_63
2026-06-03 15:36:38,121 INFO run_pipeline - [process] 2026-06-03 15:36:38,120 INFO process_modis - Step: loading/resampling cloud mask from MOD35_L2.A2024176.0845.061.2024176191612.hdf
2026-06-03 15:36:38,121 INFO run_pipeline - [process] 2026-06-03 15:36:38,121 INFO process_modis - Step: keeping native L1 grid for cloud mask
2026-06-03 15:36:38,125 INFO run_pipeline - [process] 2026-06-03 15:36:38,125 INFO process_modis - Step: prepared Dataset for MOD021KM.A2024176.0845.061.2024176191258.hdf with vars=bt_ir_105,bt_wv_63,cloud_mask coords=time,crs,latitude,longitude
2026-06-03 15:36:39,851 INFO run_pipeline - [process] 2026-06-03 15:36:39,851 INFO process_modis - Wrote /sat_data/modis/processed/2024/06/24/20240624T0845_modis_terra_bt_ir_105_bt_wv_63_cloud_mask.nc
2026-06-03 15:36:40,107 INFO run_pipeline - [process] 2026-06-03 15:36:40,107 INFO process_modis - Step: keeping native L1 grid for ir_105
2026-06-03 15:36:40,363 INFO run_pipeline - [process] 2026-06-03 15:36:40,363 INFO process_modis - Step: keeping native L1 grid for wv_63
2026-06-03 15:36:40,792 INFO run_pipeline - [process] 2026-06-03 15:36:40,792 INFO process_modis - Step: loading/resampling cloud mask from MOD35_L2.A2024176.2130.061.2024177073512.hdf
2026-06-03 15:36:40,792 INFO run_pipeline - [process] 2026-06-03 15:36:40,792 INFO process_modis - Step: keeping native L1 grid for cloud mask
2026-06-03 15:36:40,809 INFO run_pipeline - [process] 2026-06-03 15:36:40,809 INFO process_modis - Step: prepared Dataset for MOD021KM.A2024176.2130.061.2024177073346.hdf with vars=bt_ir_105,bt_wv_63,cloud_mask coords=time,crs,latitude,longitude
2026-06-03 15:36:41,571 INFO run_pipeline - [process] 2026-06-03 15:36:41,570 INFO process_modis - Step: keeping native L1 grid for ir_105
2026-06-03 15:36:41,806 INFO run_pipeline - [process] 2026-06-03 15:36:41,806 INFO process_modis - Step: keeping native L1 grid for wv_63
2026-06-03 15:36:42,286 INFO run_pipeline - [process] 2026-06-03 15:36:42,285 INFO process_modis - Wrote /sat_data/modis/processed/2024/06/24/20240624T2130_modis_terra_bt_ir_105_bt_wv_63_cloud_mask.nc
2026-06-03 15:36:42,463 INFO run_pipeline - [process] 2026-06-03 15:36:42,463 INFO process_modis - Step: loading/resampling cloud mask from MOD35_L2.A2024176.1955.061.2024177073635.hdf
2026-06-03 15:36:42,463 INFO run_pipeline - [process] 2026-06-03 15:36:42,463 INFO process_modis - Step: keeping native L1 grid for cloud mask
2026-06-03 15:36:42,467 INFO run_pipeline - [process] 2026-06-03 15:36:42,467 INFO process_modis - Step: prepared Dataset for MOD021KM.A2024176.1955.061.2024177073413.hdf with vars=bt_ir_105,bt_wv_63,cloud_mask coords=time,crs,latitude,longitude
2026-06-03 15:36:43,939 INFO run_pipeline - [process] 2026-06-03 15:36:43,939 INFO process_modis - Wrote /sat_data/modis/processed/2024/06/24/20240624T1955_modis_terra_bt_ir_105_bt_wv_63_cloud_mask.nc
2026-06-03 15:37:19,552 INFO run_pipeline - [process] 2026-06-03 15:37:19,552 INFO process_modis - Step: keeping native L1 grid for ir_105
2026-06-03 15:37:19,802 INFO run_pipeline - [process] 2026-06-03 15:37:19,801 INFO process_modis - Step: keeping native L1 grid for wv_63
2026-06-03 15:37:20,233 INFO run_pipeline - [process] 2026-06-03 15:37:20,233 INFO process_modis - Step: loading/resampling cloud mask from MOD35_L2.A2024176.2135.061.2024177073637.hdf
2026-06-03 15:37:20,233 INFO run_pipeline - [process] 2026-06-03 15:37:20,233 INFO process_modis - Step: keeping native L1 grid for cloud mask
2026-06-03 15:37:20,238 INFO run_pipeline - [process] 2026-06-03 15:37:20,238 INFO process_modis - Step: prepared Dataset for MOD021KM.A2024176.2135.061.2024177073430.hdf with vars=bt_ir_105,bt_wv_63,cloud_mask coords=time,crs,latitude,longitude
2026-06-03 15:37:21,693 INFO run_pipeline - [process] 2026-06-03 15:37:21,692 INFO process_modis - Wrote /sat_data/modis/processed/2024/06/24/20240624T2135_modis_terra_bt_ir_105_bt_wv_63_cloud_mask.nc
2026-06-03 15:37:21,727 INFO run_pipeline - [process] 2026-06-03 15:37:21,727 INFO process_modis - Processed 6 files for terra in /sat_data/modis/raw/radiances/2024/06/24
2026-06-03 15:37:21,736 INFO run_pipeline - [process] 2026-06-03 15:37:21,736 INFO process_modis - Day aqua /sat_data/modis/raw/radiances/2024/06/24: found 4 L1 files and 4 L2 files (dir totals: 10 radiance, 10 cloud)
2026-06-03 15:37:21,736 INFO run_pipeline - [process] 2026-06-03 15:37:21,736 INFO process_modis - Processing 4 granules with 5 workers
2026-06-03 15:37:21,737 INFO run_pipeline - [process] 2026-06-03 15:37:21,737 INFO process_modis - Processing granule MYD021KM.A2024176.0230.061.2024179174142.hdf timestamp=20240624T0230 matched_L2=MYD35_L2.A2024176.0230.061.2024179174308.hdf
2026-06-03 15:37:21,737 INFO run_pipeline - [process] 2026-06-03 15:37:21,737 INFO process_modis - Step: loading BT datasets for MYD021KM.A2024176.0230.061.2024179174142.hdf
2026-06-03 15:37:21,738 INFO run_pipeline - [process] 2026-06-03 15:37:21,738 INFO process_modis - Processing granule MYD021KM.A2024176.1200.061.2024177151122.hdf timestamp=20240624T1200 matched_L2=MYD35_L2.A2024176.1200.061.2024177151437.hdf
2026-06-03 15:37:21,738 INFO run_pipeline - [process] 2026-06-03 15:37:21,738 INFO process_modis - Step: loading BT datasets for MYD021KM.A2024176.1200.061.2024177151122.hdf
2026-06-03 15:37:21,738 INFO run_pipeline - [process] 2026-06-03 15:37:21,738 INFO process_modis - Processing granule MYD021KM.A2024176.1335.061.2024177151306.hdf timestamp=20240624T1335 matched_L2=MYD35_L2.A2024176.1335.061.2024177151515.hdf
2026-06-03 15:37:21,738 INFO run_pipeline - [process] 2026-06-03 15:37:21,738 INFO process_modis - Step: loading BT datasets for MYD021KM.A2024176.1335.061.2024177151306.hdf
2026-06-03 15:37:21,744 INFO run_pipeline - [process] 2026-06-03 15:37:21,744 INFO process_modis - Processing granule MYD021KM.A2024176.1340.061.2024177151132.hdf timestamp=20240624T1340 matched_L2=MYD35_L2.A2024176.1340.061.2024177151321.hdf
2026-06-03 15:37:21,744 INFO run_pipeline - [process] 2026-06-03 15:37:21,744 INFO process_modis - Step: loading BT datasets for MYD021KM.A2024176.1340.061.2024177151132.hdf
2026-06-03 15:37:22,856 INFO run_pipeline - [process] 2026-06-03 15:37:22,856 INFO process_modis - Step: loaded BT datasets for MYD021KM.A2024176.1200.061.2024177151122.hdf: bt_ir_105,bt_wv_63
2026-06-03 15:37:22,871 INFO run_pipeline - [process] 2026-06-03 15:37:22,871 INFO process_modis - Step: loaded BT datasets for MYD021KM.A2024176.0230.061.2024179174142.hdf: bt_ir_105,bt_wv_63
2026-06-03 15:37:22,928 INFO run_pipeline - [process] 2026-06-03 15:37:22,927 INFO process_modis - Step: loaded BT datasets for MYD021KM.A2024176.1340.061.2024177151132.hdf: bt_ir_105,bt_wv_63
2026-06-03 15:37:22,975 INFO run_pipeline - [process] 2026-06-03 15:37:22,975 INFO process_modis - Step: loaded BT datasets for MYD021KM.A2024176.1335.061.2024177151306.hdf: bt_ir_105,bt_wv_63
2026-06-03 15:39:53,303 INFO run_pipeline - [process] 2026-06-03 15:39:53,302 INFO process_modis - Step: keeping native L1 grid for ir_105
2026-06-03 15:39:53,552 INFO run_pipeline - [process] 2026-06-03 15:39:53,552 INFO process_modis - Step: keeping native L1 grid for wv_63
2026-06-03 15:39:54,000 INFO run_pipeline - [process] 2026-06-03 15:39:54,000 INFO process_modis - Step: loading/resampling cloud mask from MYD35_L2.A2024176.0230.061.2024179174308.hdf
2026-06-03 15:39:54,001 INFO run_pipeline - [process] 2026-06-03 15:39:54,000 INFO process_modis - Step: keeping native L1 grid for cloud mask
2026-06-03 15:39:54,005 INFO run_pipeline - [process] 2026-06-03 15:39:54,005 INFO process_modis - Step: prepared Dataset for MYD021KM.A2024176.0230.061.2024179174142.hdf with vars=bt_ir_105,bt_wv_63,cloud_mask coords=time,crs,latitude,longitude
2026-06-03 15:39:55,638 INFO run_pipeline - [process] 2026-06-03 15:39:55,637 INFO process_modis - Wrote /sat_data/modis/processed/2024/06/24/20240624T0230_modis_aqua_bt_ir_105_bt_wv_63_cloud_mask.nc
2026-06-03 15:40:03,375 INFO run_pipeline - [process] 2026-06-03 15:40:03,374 INFO process_modis - Step: keeping native L1 grid for ir_105
2026-06-03 15:40:03,612 INFO run_pipeline - [process] 2026-06-03 15:40:03,612 INFO process_modis - Step: keeping native L1 grid for wv_63
2026-06-03 15:40:04,246 INFO run_pipeline - [process] 2026-06-03 15:40:04,245 INFO process_modis - Step: loading/resampling cloud mask from MYD35_L2.A2024176.1200.061.2024177151437.hdf
2026-06-03 15:40:04,246 INFO run_pipeline - [process] 2026-06-03 15:40:04,246 INFO process_modis - Step: keeping native L1 grid for cloud mask
2026-06-03 15:40:04,250 INFO run_pipeline - [process] 2026-06-03 15:40:04,250 INFO process_modis - Step: prepared Dataset for MYD021KM.A2024176.1200.061.2024177151122.hdf with vars=bt_ir_105,bt_wv_63,cloud_mask coords=time,crs,latitude,longitude
2026-06-03 15:40:05,917 INFO run_pipeline - [process] 2026-06-03 15:40:05,917 INFO process_modis - Wrote /sat_data/modis/processed/2024/06/24/20240624T1200_modis_aqua_bt_ir_105_bt_wv_63_cloud_mask.nc
2026-06-03 15:40:08,520 INFO run_pipeline - [process] 2026-06-03 15:40:08,520 INFO process_modis - Step: keeping native L1 grid for ir_105
2026-06-03 15:40:08,774 INFO run_pipeline - [process] 2026-06-03 15:40:08,774 INFO process_modis - Step: keeping native L1 grid for wv_63
2026-06-03 15:40:09,204 INFO run_pipeline - [process] 2026-06-03 15:40:09,204 INFO process_modis - Step: loading/resampling cloud mask from MYD35_L2.A2024176.1335.061.2024177151515.hdf
2026-06-03 15:40:09,204 INFO run_pipeline - [process] 2026-06-03 15:40:09,204 INFO process_modis - Step: keeping native L1 grid for cloud mask
2026-06-03 15:40:09,209 INFO run_pipeline - [process] 2026-06-03 15:40:09,208 INFO process_modis - Step: prepared Dataset for MYD021KM.A2024176.1335.061.2024177151306.hdf with vars=bt_ir_105,bt_wv_63,cloud_mask coords=time,crs,latitude,longitude
2026-06-03 15:40:10,686 INFO run_pipeline - [process] 2026-06-03 15:40:10,684 INFO process_modis - Wrote /sat_data/modis/processed/2024/06/24/20240624T1335_modis_aqua_bt_ir_105_bt_wv_63_cloud_mask.nc
2026-06-03 15:40:11,233 INFO run_pipeline - [process] 2026-06-03 15:40:11,232 INFO process_modis - Step: keeping native L1 grid for ir_105
2026-06-03 15:40:11,487 INFO run_pipeline - [process] 2026-06-03 15:40:11,486 INFO process_modis - Step: keeping native L1 grid for wv_63
2026-06-03 15:40:11,926 INFO run_pipeline - [process] 2026-06-03 15:40:11,926 INFO process_modis - Step: loading/resampling cloud mask from MYD35_L2.A2024176.1340.061.2024177151321.hdf
2026-06-03 15:40:11,926 INFO run_pipeline - [process] 2026-06-03 15:40:11,926 INFO process_modis - Step: keeping native L1 grid for cloud mask
2026-06-03 15:40:11,931 INFO run_pipeline - [process] 2026-06-03 15:40:11,930 INFO process_modis - Step: prepared Dataset for MYD021KM.A2024176.1340.061.2024177151132.hdf with vars=bt_ir_105,bt_wv_63,cloud_mask coords=time,crs,latitude,longitude
2026-06-03 15:40:13,437 INFO run_pipeline - [process] 2026-06-03 15:40:13,436 INFO process_modis - Wrote /sat_data/modis/processed/2024/06/24/20240624T1340_modis_aqua_bt_ir_105_bt_wv_63_cloud_mask.nc
2026-06-03 15:40:13,620 INFO run_pipeline - [process] 2026-06-03 15:40:13,619 INFO process_modis - Processed 4 files for aqua in /sat_data/modis/raw/radiances/2024/06/24
2026-06-03 15:40:14,135 INFO run_pipeline - Finished process in 450.36s with return code 0
2026-06-03 15:40:14,135 INFO run_pipeline - Starting upload: /home/Daniele/miniforge3/envs/satpy/bin/python /home/Daniele/codes/MODIS-processing/scripts/2_upload_s3.py --config /home/Daniele/codes/MODIS-processing/config/pipeline_config.yaml --credentials /home/Daniele/codes/MODIS-processing/s3_credentials.py --date 2024-06-24 --log-level INFO --verify
2026-06-03 15:40:19,884 INFO run_pipeline - [upload] 2026-06-03 15:40:19,884 INFO upload_s3 - Uploaded 10 files
2026-06-03 15:40:20,133 INFO run_pipeline - Finished upload in 6.00s with return code 0
2026-06-03 15:40:20,133 INFO run_pipeline - Batch 2024-06-24 finished in download=29.29s process=450.36s upload=6.00s | L1=10 L2=10 processed=10 uploaded=10 errors=0 failed_stage=none
2026-06-03 15:40:20,133 INFO run_pipeline - === Batch 2024-06-25 ===
2026-06-03 15:40:20,134 INFO run_pipeline - Starting download: /home/Daniele/miniforge3/envs/satpy/bin/python /home/Daniele/codes/MODIS-processing/scripts/0_download_modis.py --config /home/Daniele/codes/MODIS-processing/config/pipeline_config.yaml --date 2024-06-25 --log-level INFO
2026-06-03 15:40:21,229 INFO run_pipeline - [download] 2026-06-03 15:40:21,229 INFO download_modis - Searching CMR for MOD021KM between 2024-06-25 00:00:00 and 2024-06-26 00:00:00
2026-06-03 15:40:21,627 INFO run_pipeline - [download] 2026-06-03 15:40:21,627 INFO download_modis - Downloading 6 granules with 6 workers for MOD021KM
2026-06-03 15:40:31,636 INFO run_pipeline - [download] 2026-06-03 15:40:31,636 INFO download_modis - Searching CMR for MOD35_L2 between 2024-06-25 00:00:00 and 2024-06-26 00:00:00
2026-06-03 15:40:31,864 INFO run_pipeline - [download] 2026-06-03 15:40:31,864 INFO download_modis - Downloading 6 granules with 6 workers for MOD35_L2
2026-06-03 15:40:35,952 INFO run_pipeline - [download] 2026-06-03 15:40:35,951 INFO download_modis - terra [2024-06-25 - 2024-06-26] L1 downloaded=6 skipped=6 | L2 downloaded=6 skipped=0
2026-06-03 15:40:35,952 INFO run_pipeline - [download] 2026-06-03 15:40:35,951 INFO download_modis - Searching CMR for MYD021KM between 2024-06-25 00:00:00 and 2024-06-26 00:00:00
2026-06-03 15:40:36,206 INFO run_pipeline - [download] 2026-06-03 15:40:36,205 INFO download_modis - Downloading 4 granules with 6 workers for MYD021KM
2026-06-03 15:40:45,112 INFO run_pipeline - [download] 2026-06-03 15:40:45,112 INFO download_modis - Searching CMR for MYD35_L2 between 2024-06-25 00:00:00 and 2024-06-26 00:00:00
2026-06-03 15:40:45,353 INFO run_pipeline - [download] 2026-06-03 15:40:45,353 INFO download_modis - Downloading 4 granules with 6 workers for MYD35_L2
2026-06-03 15:40:48,730 INFO run_pipeline - [download] 2026-06-03 15:40:48,730 INFO download_modis - aqua [2024-06-25 - 2024-06-26] L1 downloaded=4 skipped=4 | L2 downloaded=4 skipped=0
2026-06-03 15:40:48,922 INFO run_pipeline - Finished download in 28.79s with return code 0
2026-06-03 15:40:48,922 INFO run_pipeline - Starting process: /home/Daniele/miniforge3/envs/satpy/bin/python /home/Daniele/codes/MODIS-processing/scripts/1_process_modis.py --config /home/Daniele/codes/MODIS-processing/config/pipeline_config.yaml --date 2024-06-25 --log-level INFO
2026-06-03 15:40:49,957 INFO run_pipeline - [process] 2026-06-03 15:40:49,957 INFO process_modis - Day terra /sat_data/modis/raw/radiances/2024/06/25: found 6 L1 files and 6 L2 files (dir totals: 10 radiance, 10 cloud)
2026-06-03 15:40:49,958 INFO run_pipeline - [process] 2026-06-03 15:40:49,957 INFO process_modis - Processing 6 granules with 5 workers
2026-06-03 15:40:49,958 INFO run_pipeline - [process] 2026-06-03 15:40:49,958 INFO process_modis - Processing granule MOD021KM.A2024177.0925.061.2024181034150.hdf timestamp=20240625T0925 matched_L2=MOD35_L2.A2024177.0925.061.2024181034445.hdf
2026-06-03 15:40:49,958 INFO run_pipeline - [process] 2026-06-03 15:40:49,958 INFO process_modis - Step: loading BT datasets for MOD021KM.A2024177.0925.061.2024181034150.hdf
2026-06-03 15:40:49,959 INFO run_pipeline - [process] 2026-06-03 15:40:49,959 INFO process_modis - Processing granule MOD021KM.A2024177.0930.061.2024181033225.hdf timestamp=20240625T0930 matched_L2=MOD35_L2.A2024177.0930.061.2024181033649.hdf
2026-06-03 15:40:49,959 INFO run_pipeline - [process] 2026-06-03 15:40:49,959 INFO process_modis - Step: loading BT datasets for MOD021KM.A2024177.0930.061.2024181033225.hdf
2026-06-03 15:40:49,960 INFO run_pipeline - [process] 2026-06-03 15:40:49,960 INFO process_modis - Processing granule MOD021KM.A2024177.1105.061.2024181034915.hdf timestamp=20240625T1105 matched_L2=MOD35_L2.A2024177.1105.061.2024181035409.hdf
2026-06-03 15:40:49,960 INFO run_pipeline - [process] 2026-06-03 15:40:49,960 INFO process_modis - Step: loading BT datasets for MOD021KM.A2024177.1105.061.2024181034915.hdf
2026-06-03 15:40:49,960 INFO run_pipeline - [process] 2026-06-03 15:40:49,960 INFO process_modis - Processing granule MOD021KM.A2024177.1855.061.2024181033848.hdf timestamp=20240625T1855 matched_L2=MOD35_L2.A2024177.1855.061.2024181034055.hdf
2026-06-03 15:40:49,961 INFO run_pipeline - [process] 2026-06-03 15:40:49,960 INFO process_modis - Step: loading BT datasets for MOD021KM.A2024177.1855.061.2024181033848.hdf
2026-06-03 15:40:49,961 INFO run_pipeline - [process] 2026-06-03 15:40:49,961 INFO process_modis - Processing granule MOD021KM.A2024177.1900.061.2024181035500.hdf timestamp=20240625T1900 matched_L2=MOD35_L2.A2024177.1900.061.2024181035844.hdf
2026-06-03 15:40:49,961 INFO run_pipeline - [process] 2026-06-03 15:40:49,961 INFO process_modis - Step: loading BT datasets for MOD021KM.A2024177.1900.061.2024181035500.hdf
2026-06-03 15:40:52,152 INFO run_pipeline - [process] 2026-06-03 15:40:52,152 INFO process_modis - Step: loaded BT datasets for MOD021KM.A2024177.0930.061.2024181033225.hdf: bt_ir_105,bt_wv_63
2026-06-03 15:40:52,193 INFO run_pipeline - [process] 2026-06-03 15:40:52,193 INFO process_modis - Step: loaded BT datasets for MOD021KM.A2024177.1900.061.2024181035500.hdf: bt_ir_105,bt_wv_63
2026-06-03 15:40:52,214 INFO run_pipeline - [process] 2026-06-03 15:40:52,214 INFO process_modis - Step: loaded BT datasets for MOD021KM.A2024177.1105.061.2024181034915.hdf: bt_ir_105,bt_wv_63
2026-06-03 15:40:52,237 INFO run_pipeline - [process] 2026-06-03 15:40:52,237 INFO process_modis - Step: loaded BT datasets for MOD021KM.A2024177.0925.061.2024181034150.hdf: bt_ir_105,bt_wv_63
2026-06-03 15:40:52,276 INFO run_pipeline - [process] 2026-06-03 15:40:52,275 INFO process_modis - Step: loaded BT datasets for MOD021KM.A2024177.1855.061.2024181033848.hdf: bt_ir_105,bt_wv_63
2026-06-03 15:44:27,037 INFO run_pipeline - [process] 2026-06-03 15:44:27,035 INFO process_modis - Step: keeping native L1 grid for ir_105
2026-06-03 15:44:27,292 INFO run_pipeline - [process] 2026-06-03 15:44:27,292 INFO process_modis - Step: keeping native L1 grid for wv_63
2026-06-03 15:44:27,722 INFO run_pipeline - [process] 2026-06-03 15:44:27,722 INFO process_modis - Step: loading/resampling cloud mask from MOD35_L2.A2024177.0930.061.2024181033649.hdf
2026-06-03 15:44:27,723 INFO run_pipeline - [process] 2026-06-03 15:44:27,722 INFO process_modis - Step: keeping native L1 grid for cloud mask
2026-06-03 15:44:27,728 INFO run_pipeline - [process] 2026-06-03 15:44:27,728 INFO process_modis - Step: prepared Dataset for MOD021KM.A2024177.0930.061.2024181033225.hdf with vars=bt_ir_105,bt_wv_63,cloud_mask coords=time,crs,latitude,longitude
2026-06-03 15:44:29,219 INFO run_pipeline - [process] 2026-06-03 15:44:29,219 INFO process_modis - Wrote /sat_data/modis/processed/2024/06/25/20240625T0930_modis_terra_bt_ir_105_bt_wv_63_cloud_mask.nc
2026-06-03 15:44:29,367 INFO run_pipeline - [process] 2026-06-03 15:44:29,367 INFO process_modis - Processing granule MOD021KM.A2024177.2035.061.2024181034123.hdf timestamp=20240625T2035 matched_L2=MOD35_L2.A2024177.2035.061.2024181034347.hdf
2026-06-03 15:44:29,367 INFO run_pipeline - [process] 2026-06-03 15:44:29,367 INFO process_modis - Step: loading BT datasets for MOD021KM.A2024177.2035.061.2024181034123.hdf
2026-06-03 15:44:29,832 INFO run_pipeline - [process] 2026-06-03 15:44:29,832 INFO process_modis - Step: loaded BT datasets for MOD021KM.A2024177.2035.061.2024181034123.hdf: bt_ir_105,bt_wv_63
2026-06-03 15:44:46,305 INFO run_pipeline - [process] 2026-06-03 15:44:46,305 INFO process_modis - Step: keeping native L1 grid for ir_105
2026-06-03 15:44:46,658 INFO run_pipeline - [process] 2026-06-03 15:44:46,657 INFO process_modis - Step: keeping native L1 grid for wv_63
2026-06-03 15:44:47,195 INFO run_pipeline - [process] 2026-06-03 15:44:47,195 INFO process_modis - Step: loading/resampling cloud mask from MOD35_L2.A2024177.0925.061.2024181034445.hdf
2026-06-03 15:44:47,195 INFO run_pipeline - [process] 2026-06-03 15:44:47,195 INFO process_modis - Step: keeping native L1 grid for cloud mask
2026-06-03 15:44:47,210 INFO run_pipeline - [process] 2026-06-03 15:44:47,209 INFO process_modis - Step: prepared Dataset for MOD021KM.A2024177.0925.061.2024181034150.hdf with vars=bt_ir_105,bt_wv_63,cloud_mask coords=time,crs,latitude,longitude
2026-06-03 15:44:48,748 INFO run_pipeline - [process] 2026-06-03 15:44:48,748 INFO process_modis - Wrote /sat_data/modis/processed/2024/06/25/20240625T0925_modis_terra_bt_ir_105_bt_wv_63_cloud_mask.nc
2026-06-03 15:44:51,776 INFO run_pipeline - [process] 2026-06-03 15:44:51,775 INFO process_modis - Step: keeping native L1 grid for ir_105
2026-06-03 15:44:52,022 INFO run_pipeline - [process] 2026-06-03 15:44:52,022 INFO process_modis - Step: keeping native L1 grid for wv_63
2026-06-03 15:44:52,476 INFO run_pipeline - [process] 2026-06-03 15:44:52,475 INFO process_modis - Step: loading/resampling cloud mask from MOD35_L2.A2024177.1855.061.2024181034055.hdf
2026-06-03 15:44:52,476 INFO run_pipeline - [process] 2026-06-03 15:44:52,475 INFO process_modis - Step: keeping native L1 grid for cloud mask
2026-06-03 15:44:52,480 INFO run_pipeline - [process] 2026-06-03 15:44:52,480 INFO process_modis - Step: prepared Dataset for MOD021KM.A2024177.1855.061.2024181033848.hdf with vars=bt_ir_105,bt_wv_63,cloud_mask coords=time,crs,latitude,longitude
2026-06-03 15:44:53,946 INFO run_pipeline - [process] 2026-06-03 15:44:53,946 INFO process_modis - Wrote /sat_data/modis/processed/2024/06/25/20240625T1855_modis_terra_bt_ir_105_bt_wv_63_cloud_mask.nc
2026-06-03 15:44:57,588 INFO run_pipeline - [process] 2026-06-03 15:44:57,588 INFO process_modis - Step: keeping native L1 grid for ir_105
2026-06-03 15:44:57,633 INFO run_pipeline - [process] 2026-06-03 15:44:57,633 INFO process_modis - Step: keeping native L1 grid for ir_105
2026-06-03 15:44:57,862 INFO run_pipeline - [process] 2026-06-03 15:44:57,862 INFO process_modis - Step: keeping native L1 grid for wv_63
2026-06-03 15:44:57,968 INFO run_pipeline - [process] 2026-06-03 15:44:57,968 INFO process_modis - Step: keeping native L1 grid for wv_63
2026-06-03 15:44:58,433 INFO run_pipeline - [process] 2026-06-03 15:44:58,433 INFO process_modis - Step: loading/resampling cloud mask from MOD35_L2.A2024177.1900.061.2024181035844.hdf
2026-06-03 15:44:58,433 INFO run_pipeline - [process] 2026-06-03 15:44:58,433 INFO process_modis - Step: keeping native L1 grid for cloud mask
2026-06-03 15:44:58,438 INFO run_pipeline - [process] 2026-06-03 15:44:58,438 INFO process_modis - Step: prepared Dataset for MOD021KM.A2024177.1900.061.2024181035500.hdf with vars=bt_ir_105,bt_wv_63,cloud_mask coords=time,crs,latitude,longitude
2026-06-03 15:44:58,443 INFO run_pipeline - [process] 2026-06-03 15:44:58,442 INFO process_modis - Step: loading/resampling cloud mask from MOD35_L2.A2024177.1105.061.2024181035409.hdf
2026-06-03 15:44:58,443 INFO run_pipeline - [process] 2026-06-03 15:44:58,443 INFO process_modis - Step: keeping native L1 grid for cloud mask
2026-06-03 15:44:58,449 INFO run_pipeline - [process] 2026-06-03 15:44:58,449 INFO process_modis - Step: prepared Dataset for MOD021KM.A2024177.1105.061.2024181034915.hdf with vars=bt_ir_105,bt_wv_63,cloud_mask coords=time,crs,latitude,longitude
2026-06-03 15:45:00,314 INFO run_pipeline - [process] 2026-06-03 15:45:00,314 INFO process_modis - Wrote /sat_data/modis/processed/2024/06/25/20240625T1900_modis_terra_bt_ir_105_bt_wv_63_cloud_mask.nc
2026-06-03 15:45:01,398 INFO run_pipeline - [process] 2026-06-03 15:45:01,398 INFO process_modis - Wrote /sat_data/modis/processed/2024/06/25/20240625T1105_modis_terra_bt_ir_105_bt_wv_63_cloud_mask.nc
2026-06-03 15:45:23,019 INFO run_pipeline - [process] 2026-06-03 15:45:23,018 INFO process_modis - Step: keeping native L1 grid for ir_105
2026-06-03 15:45:23,275 INFO run_pipeline - [process] 2026-06-03 15:45:23,275 INFO process_modis - Step: keeping native L1 grid for wv_63
2026-06-03 15:45:23,791 INFO run_pipeline - [process] 2026-06-03 15:45:23,790 INFO process_modis - Step: loading/resampling cloud mask from MOD35_L2.A2024177.2035.061.2024181034347.hdf
2026-06-03 15:45:23,791 INFO run_pipeline - [process] 2026-06-03 15:45:23,791 INFO process_modis - Step: keeping native L1 grid for cloud mask
2026-06-03 15:45:23,798 INFO run_pipeline - [process] 2026-06-03 15:45:23,797 INFO process_modis - Step: prepared Dataset for MOD021KM.A2024177.2035.061.2024181034123.hdf with vars=bt_ir_105,bt_wv_63,cloud_mask coords=time,crs,latitude,longitude
2026-06-03 15:45:25,310 INFO run_pipeline - [process] 2026-06-03 15:45:25,310 INFO process_modis - Wrote /sat_data/modis/processed/2024/06/25/20240625T2035_modis_terra_bt_ir_105_bt_wv_63_cloud_mask.nc
2026-06-03 15:45:25,475 INFO run_pipeline - [process] 2026-06-03 15:45:25,474 INFO process_modis - Processed 6 files for terra in /sat_data/modis/raw/radiances/2024/06/25
2026-06-03 15:45:25,476 INFO run_pipeline - [process] 2026-06-03 15:45:25,476 INFO process_modis - Day aqua /sat_data/modis/raw/radiances/2024/06/25: found 4 L1 files and 4 L2 files (dir totals: 10 radiance, 10 cloud)
2026-06-03 15:45:25,476 INFO run_pipeline - [process] 2026-06-03 15:45:25,476 INFO process_modis - Processing 4 granules with 5 workers
2026-06-03 15:45:25,477 INFO run_pipeline - [process] 2026-06-03 15:45:25,476 INFO process_modis - Processing granule MYD021KM.A2024177.0130.061.2024177152055.hdf timestamp=20240625T0130 matched_L2=MYD35_L2.A2024177.0130.061.2024177152221.hdf
2026-06-03 15:45:25,505 INFO run_pipeline - [process] 2026-06-03 15:45:25,505 INFO process_modis - Processing granule MYD021KM.A2024177.0135.061.2024177151950.hdf timestamp=20240625T0135 matched_L2=MYD35_L2.A2024177.0135.061.2024177152047.hdf
2026-06-03 15:45:25,505 INFO run_pipeline - [process] 2026-06-03 15:45:25,505 INFO process_modis - Step: loading BT datasets for MYD021KM.A2024177.0135.061.2024177151950.hdf
2026-06-03 15:45:25,505 INFO run_pipeline - [process] 2026-06-03 15:45:25,491 INFO process_modis - Step: loading BT datasets for MYD021KM.A2024177.0130.061.2024177152055.hdf
2026-06-03 15:45:25,551 INFO run_pipeline - [process] 2026-06-03 15:45:25,551 INFO process_modis - Processing granule MYD021KM.A2024177.0310.061.2024177152046.hdf timestamp=20240625T0310 matched_L2=MYD35_L2.A2024177.0310.061.2024177152222.hdf
2026-06-03 15:45:25,551 INFO run_pipeline - [process] 2026-06-03 15:45:25,551 INFO process_modis - Step: loading BT datasets for MYD021KM.A2024177.0310.061.2024177152046.hdf
2026-06-03 15:45:25,606 INFO run_pipeline - [process] 2026-06-03 15:45:25,606 INFO process_modis - Processing granule MYD021KM.A2024177.1240.061.2024178150537.hdf timestamp=20240625T1240 matched_L2=MYD35_L2.A2024177.1240.061.2024178150826.hdf
2026-06-03 15:45:25,606 INFO run_pipeline - [process] 2026-06-03 15:45:25,606 INFO process_modis - Step: loading BT datasets for MYD021KM.A2024177.1240.061.2024178150537.hdf
2026-06-03 15:45:26,787 INFO run_pipeline - [process] 2026-06-03 15:45:26,786 INFO process_modis - Step: loaded BT datasets for MYD021KM.A2024177.0130.061.2024177152055.hdf: bt_ir_105,bt_wv_63
2026-06-03 15:45:26,837 INFO run_pipeline - [process] 2026-06-03 15:45:26,837 INFO process_modis - Step: loaded BT datasets for MYD021KM.A2024177.1240.061.2024178150537.hdf: bt_ir_105,bt_wv_63
2026-06-03 15:45:26,869 INFO run_pipeline - [process] 2026-06-03 15:45:26,869 INFO process_modis - Step: loaded BT datasets for MYD021KM.A2024177.0135.061.2024177151950.hdf: bt_ir_105,bt_wv_63
2026-06-03 15:45:26,923 INFO run_pipeline - [process] 2026-06-03 15:45:26,923 INFO process_modis - Step: loaded BT datasets for MYD021KM.A2024177.0310.061.2024177152046.hdf: bt_ir_105,bt_wv_63
2026-06-03 15:48:25,705 INFO run_pipeline - [process] 2026-06-03 15:48:25,705 INFO process_modis - Step: keeping native L1 grid for ir_105
2026-06-03 15:48:26,003 INFO run_pipeline - [process] 2026-06-03 15:48:26,003 INFO process_modis - Step: keeping native L1 grid for wv_63
2026-06-03 15:48:26,420 INFO run_pipeline - [process] 2026-06-03 15:48:26,420 INFO process_modis - Step: loading/resampling cloud mask from MYD35_L2.A2024177.0135.061.2024177152047.hdf
2026-06-03 15:48:26,421 INFO run_pipeline - [process] 2026-06-03 15:48:26,420 INFO process_modis - Step: keeping native L1 grid for cloud mask
2026-06-03 15:48:26,425 INFO run_pipeline - [process] 2026-06-03 15:48:26,425 INFO process_modis - Step: prepared Dataset for MYD021KM.A2024177.0135.061.2024177151950.hdf with vars=bt_ir_105,bt_wv_63,cloud_mask coords=time,crs,latitude,longitude
2026-06-03 15:48:27,879 INFO run_pipeline - [process] 2026-06-03 15:48:27,879 INFO process_modis - Wrote /sat_data/modis/processed/2024/06/25/20240625T0135_modis_aqua_bt_ir_105_bt_wv_63_cloud_mask.nc
2026-06-03 15:48:35,812 INFO run_pipeline - [process] 2026-06-03 15:48:35,811 INFO process_modis - Step: keeping native L1 grid for ir_105
2026-06-03 15:48:36,063 INFO run_pipeline - [process] 2026-06-03 15:48:36,063 INFO process_modis - Step: keeping native L1 grid for wv_63
2026-06-03 15:48:36,506 INFO run_pipeline - [process] 2026-06-03 15:48:36,505 INFO process_modis - Step: loading/resampling cloud mask from MYD35_L2.A2024177.0130.061.2024177152221.hdf
2026-06-03 15:48:36,506 INFO run_pipeline - [process] 2026-06-03 15:48:36,505 INFO process_modis - Step: keeping native L1 grid for cloud mask
2026-06-03 15:48:36,510 INFO run_pipeline - [process] 2026-06-03 15:48:36,510 INFO process_modis - Step: prepared Dataset for MYD021KM.A2024177.0130.061.2024177152055.hdf with vars=bt_ir_105,bt_wv_63,cloud_mask coords=time,crs,latitude,longitude
2026-06-03 15:48:37,992 INFO run_pipeline - [process] 2026-06-03 15:48:37,990 INFO process_modis - Wrote /sat_data/modis/processed/2024/06/25/20240625T0130_modis_aqua_bt_ir_105_bt_wv_63_cloud_mask.nc
2026-06-03 15:48:43,842 INFO run_pipeline - [process] 2026-06-03 15:48:43,842 INFO process_modis - Step: keeping native L1 grid for ir_105
2026-06-03 15:48:44,096 INFO run_pipeline - [process] 2026-06-03 15:48:44,096 INFO process_modis - Step: keeping native L1 grid for wv_63
2026-06-03 15:48:44,538 INFO run_pipeline - [process] 2026-06-03 15:48:44,538 INFO process_modis - Step: loading/resampling cloud mask from MYD35_L2.A2024177.0310.061.2024177152222.hdf
2026-06-03 15:48:44,538 INFO run_pipeline - [process] 2026-06-03 15:48:44,538 INFO process_modis - Step: keeping native L1 grid for cloud mask
2026-06-03 15:48:44,543 INFO run_pipeline - [process] 2026-06-03 15:48:44,542 INFO process_modis - Step: prepared Dataset for MYD021KM.A2024177.0310.061.2024177152046.hdf with vars=bt_ir_105,bt_wv_63,cloud_mask coords=time,crs,latitude,longitude
2026-06-03 15:48:44,759 INFO run_pipeline - [process] 2026-06-03 15:48:44,759 INFO process_modis - Step: keeping native L1 grid for ir_105
2026-06-03 15:48:45,065 INFO run_pipeline - [process] 2026-06-03 15:48:45,065 INFO process_modis - Step: keeping native L1 grid for wv_63
2026-06-03 15:48:45,594 INFO run_pipeline - [process] 2026-06-03 15:48:45,594 INFO process_modis - Step: loading/resampling cloud mask from MYD35_L2.A2024177.1240.061.2024178150826.hdf
2026-06-03 15:48:45,594 INFO run_pipeline - [process] 2026-06-03 15:48:45,594 INFO process_modis - Step: keeping native L1 grid for cloud mask
2026-06-03 15:48:45,598 INFO run_pipeline - [process] 2026-06-03 15:48:45,598 INFO process_modis - Step: prepared Dataset for MYD021KM.A2024177.1240.061.2024178150537.hdf with vars=bt_ir_105,bt_wv_63,cloud_mask coords=time,crs,latitude,longitude
2026-06-03 15:48:46,200 INFO run_pipeline - [process] 2026-06-03 15:48:46,200 INFO process_modis - Wrote /sat_data/modis/processed/2024/06/25/20240625T0310_modis_aqua_bt_ir_105_bt_wv_63_cloud_mask.nc
2026-06-03 15:48:47,841 INFO run_pipeline - [process] 2026-06-03 15:48:47,840 INFO process_modis - Wrote /sat_data/modis/processed/2024/06/25/20240625T1240_modis_aqua_bt_ir_105_bt_wv_63_cloud_mask.nc
2026-06-03 15:48:48,011 INFO run_pipeline - [process] 2026-06-03 15:48:48,011 INFO process_modis - Processed 4 files for aqua in /sat_data/modis/raw/radiances/2024/06/25
2026-06-03 15:48:48,378 INFO run_pipeline - Finished process in 479.46s with return code 0
2026-06-03 15:48:48,378 INFO run_pipeline - Starting upload: /home/Daniele/miniforge3/envs/satpy/bin/python /home/Daniele/codes/MODIS-processing/scripts/2_upload_s3.py --config /home/Daniele/codes/MODIS-processing/config/pipeline_config.yaml --credentials /home/Daniele/codes/MODIS-processing/s3_credentials.py --date 2024-06-25 --log-level INFO --verify
2026-06-03 15:48:53,588 INFO run_pipeline - [upload] 2026-06-03 15:48:53,587 INFO upload_s3 - Uploaded 10 files
2026-06-03 15:48:53,833 INFO run_pipeline - Finished upload in 5.45s with return code 0
2026-06-03 15:48:53,833 INFO run_pipeline - Batch 2024-06-25 finished in download=28.79s process=479.46s upload=5.45s | L1=10 L2=10 processed=10 uploaded=10 errors=0 failed_stage=none
2026-06-03 15:48:53,833 INFO run_pipeline - === Batch 2024-06-26 ===
2026-06-03 15:48:53,834 INFO run_pipeline - Starting download: /home/Daniele/miniforge3/envs/satpy/bin/python /home/Daniele/codes/MODIS-processing/scripts/0_download_modis.py --config /home/Daniele/codes/MODIS-processing/config/pipeline_config.yaml --date 2024-06-26 --log-level INFO
2026-06-03 15:48:54,918 INFO run_pipeline - [download] 2026-06-03 15:48:54,917 INFO download_modis - Searching CMR for MOD021KM between 2024-06-26 00:00:00 and 2024-06-27 00:00:00
2026-06-03 15:48:56,293 INFO run_pipeline - [download] 2026-06-03 15:48:56,293 INFO download_modis - Downloading 6 granules with 6 workers for MOD021KM
2026-06-03 15:49:06,177 INFO run_pipeline - [download] 2026-06-03 15:49:06,177 INFO download_modis - Searching CMR for MOD35_L2 between 2024-06-26 00:00:00 and 2024-06-27 00:00:00
2026-06-03 15:49:06,438 INFO run_pipeline - [download] 2026-06-03 15:49:06,438 INFO download_modis - Downloading 6 granules with 6 workers for MOD35_L2
2026-06-03 15:49:10,399 INFO run_pipeline - [download] 2026-06-03 15:49:10,399 INFO download_modis - terra [2024-06-26 - 2024-06-27] L1 downloaded=6 skipped=6 | L2 downloaded=6 skipped=0
2026-06-03 15:49:10,400 INFO run_pipeline - [download] 2026-06-03 15:49:10,399 INFO download_modis - Searching CMR for MYD021KM between 2024-06-26 00:00:00 and 2024-06-27 00:00:00
2026-06-03 15:49:10,659 INFO run_pipeline - [download] 2026-06-03 15:49:10,659 INFO download_modis - Downloading 5 granules with 6 workers for MYD021KM
2026-06-03 15:49:19,353 INFO run_pipeline - [download] 2026-06-03 15:49:19,353 INFO download_modis - Searching CMR for MYD35_L2 between 2024-06-26 00:00:00 and 2024-06-27 00:00:00
2026-06-03 15:49:19,602 INFO run_pipeline - [download] 2026-06-03 15:49:19,601 INFO download_modis - Downloading 5 granules with 6 workers for MYD35_L2
2026-06-03 15:49:23,124 INFO run_pipeline - [download] 2026-06-03 15:49:23,123 INFO download_modis - aqua [2024-06-26 - 2024-06-27] L1 downloaded=5 skipped=5 | L2 downloaded=5 skipped=0
2026-06-03 15:49:23,317 INFO run_pipeline - Finished download in 29.48s with return code 0
2026-06-03 15:49:23,318 INFO run_pipeline - Starting process: /home/Daniele/miniforge3/envs/satpy/bin/python /home/Daniele/codes/MODIS-processing/scripts/1_process_modis.py --config /home/Daniele/codes/MODIS-processing/config/pipeline_config.yaml --date 2024-06-26 --log-level INFO
2026-06-03 15:49:24,389 INFO run_pipeline - [process] 2026-06-03 15:49:24,389 INFO process_modis - Day terra /sat_data/modis/raw/radiances/2024/06/26: found 6 L1 files and 6 L2 files (dir totals: 11 radiance, 11 cloud)
2026-06-03 15:49:24,389 INFO run_pipeline - [process] 2026-06-03 15:49:24,389 INFO process_modis - Processing 6 granules with 5 workers
2026-06-03 15:49:24,390 INFO run_pipeline - [process] 2026-06-03 15:49:24,389 INFO process_modis - Processing granule MOD021KM.A2024178.0830.061.2024178190844.hdf timestamp=20240626T0830 matched_L2=MOD35_L2.A2024178.0830.061.2024178191241.hdf
2026-06-03 15:49:24,390 INFO run_pipeline - [process] 2026-06-03 15:49:24,389 INFO process_modis - Step: loading BT datasets for MOD021KM.A2024178.0830.061.2024178190844.hdf
2026-06-03 15:49:24,390 INFO run_pipeline - [process] 2026-06-03 15:49:24,390 INFO process_modis - Processing granule MOD021KM.A2024178.1005.061.2024178190910.hdf timestamp=20240626T1005 matched_L2=MOD35_L2.A2024178.1005.061.2024178191137.hdf
2026-06-03 15:49:24,390 INFO run_pipeline - [process] 2026-06-03 15:49:24,390 INFO process_modis - Step: loading BT datasets for MOD021KM.A2024178.1005.061.2024178190910.hdf
2026-06-03 15:49:24,391 INFO run_pipeline - [process] 2026-06-03 15:49:24,391 INFO process_modis - Processing granule MOD021KM.A2024178.1010.061.2024178190930.hdf timestamp=20240626T1010 matched_L2=MOD35_L2.A2024178.1010.061.2024178191448.hdf
2026-06-03 15:49:24,391 INFO run_pipeline - [process] 2026-06-03 15:49:24,391 INFO process_modis - Step: loading BT datasets for MOD021KM.A2024178.1010.061.2024178190930.hdf
2026-06-03 15:49:24,391 INFO run_pipeline - [process] 2026-06-03 15:49:24,391 INFO process_modis - Processing granule MOD021KM.A2024178.1935.061.2024179072807.hdf timestamp=20240626T1935 matched_L2=MOD35_L2.A2024178.1935.061.2024179072930.hdf
2026-06-03 15:49:24,392 INFO run_pipeline - [process] 2026-06-03 15:49:24,391 INFO process_modis - Step: loading BT datasets for MOD021KM.A2024178.1935.061.2024179072807.hdf
2026-06-03 15:49:24,392 INFO run_pipeline - [process] 2026-06-03 15:49:24,392 INFO process_modis - Processing granule MOD021KM.A2024178.1940.061.2024179073330.hdf timestamp=20240626T1940 matched_L2=MOD35_L2.A2024178.1940.061.2024179073600.hdf
2026-06-03 15:49:24,392 INFO run_pipeline - [process] 2026-06-03 15:49:24,392 INFO process_modis - Step: loading BT datasets for MOD021KM.A2024178.1940.061.2024179073330.hdf
2026-06-03 15:49:26,547 INFO run_pipeline - [process] 2026-06-03 15:49:26,547 INFO process_modis - Step: loaded BT datasets for MOD021KM.A2024178.0830.061.2024178190844.hdf: bt_ir_105,bt_wv_63
2026-06-03 15:49:26,727 INFO run_pipeline - [process] 2026-06-03 15:49:26,727 INFO process_modis - Step: loaded BT datasets for MOD021KM.A2024178.1940.061.2024179073330.hdf: bt_ir_105,bt_wv_63
2026-06-03 15:49:26,736 INFO run_pipeline - [process] 2026-06-03 15:49:26,736 INFO process_modis - Step: loaded BT datasets for MOD021KM.A2024178.1005.061.2024178190910.hdf: bt_ir_105,bt_wv_63
2026-06-03 15:49:26,755 INFO run_pipeline - [process] 2026-06-03 15:49:26,755 INFO process_modis - Step: loaded BT datasets for MOD021KM.A2024178.1935.061.2024179072807.hdf: bt_ir_105,bt_wv_63
2026-06-03 15:49:26,787 INFO run_pipeline - [process] 2026-06-03 15:49:26,787 INFO process_modis - Step: loaded BT datasets for MOD021KM.A2024178.1010.061.2024178190930.hdf: bt_ir_105,bt_wv_63
2026-06-03 15:52:54,451 INFO run_pipeline - [process] 2026-06-03 15:52:54,448 INFO process_modis - Step: keeping native L1 grid for ir_105
2026-06-03 15:52:54,737 INFO run_pipeline - [process] 2026-06-03 15:52:54,737 INFO process_modis - Step: keeping native L1 grid for wv_63
2026-06-03 15:52:55,321 INFO run_pipeline - [process] 2026-06-03 15:52:55,321 INFO process_modis - Step: loading/resampling cloud mask from MOD35_L2.A2024178.1010.061.2024178191448.hdf
2026-06-03 15:52:55,321 INFO run_pipeline - [process] 2026-06-03 15:52:55,321 INFO process_modis - Step: keeping native L1 grid for cloud mask
2026-06-03 15:52:55,330 INFO run_pipeline - [process] 2026-06-03 15:52:55,330 INFO process_modis - Step: prepared Dataset for MOD021KM.A2024178.1010.061.2024178190930.hdf with vars=bt_ir_105,bt_wv_63,cloud_mask coords=time,crs,latitude,longitude
2026-06-03 15:52:56,976 INFO run_pipeline - [process] 2026-06-03 15:52:56,974 INFO process_modis - Wrote /sat_data/modis/processed/2024/06/26/20240626T1010_modis_terra_bt_ir_105_bt_wv_63_cloud_mask.nc
2026-06-03 15:52:56,992 INFO run_pipeline - [process] 2026-06-03 15:52:56,992 INFO process_modis - Processing granule MOD021KM.A2024178.2115.061.2024179075056.hdf timestamp=20240626T2115 matched_L2=MOD35_L2.A2024178.2115.061.2024179075207.hdf
2026-06-03 15:52:56,992 INFO run_pipeline - [process] 2026-06-03 15:52:56,992 INFO process_modis - Step: loading BT datasets for MOD021KM.A2024178.2115.061.2024179075056.hdf
2026-06-03 15:52:57,483 INFO run_pipeline - [process] 2026-06-03 15:52:57,483 INFO process_modis - Step: loaded BT datasets for MOD021KM.A2024178.2115.061.2024179075056.hdf: bt_ir_105,bt_wv_63
2026-06-03 15:53:26,422 INFO run_pipeline - [process] 2026-06-03 15:53:26,422 INFO process_modis - Step: keeping native L1 grid for ir_105
2026-06-03 15:53:29,044 INFO run_pipeline - [process] 2026-06-03 15:53:29,044 INFO process_modis - Step: keeping native L1 grid for wv_63
2026-06-03 15:53:29,442 INFO run_pipeline - [process] 2026-06-03 15:53:29,441 INFO process_modis - Step: keeping native L1 grid for ir_105
2026-06-03 15:53:29,760 INFO run_pipeline - [process] 2026-06-03 15:53:29,759 INFO process_modis - Step: loading/resampling cloud mask from MOD35_L2.A2024178.0830.061.2024178191241.hdf
2026-06-03 15:53:29,760 INFO run_pipeline - [process] 2026-06-03 15:53:29,760 INFO process_modis - Step: keeping native L1 grid for cloud mask
2026-06-03 15:53:29,764 INFO run_pipeline - [process] 2026-06-03 15:53:29,764 INFO process_modis - Step: prepared Dataset for MOD021KM.A2024178.0830.061.2024178190844.hdf with vars=bt_ir_105,bt_wv_63,cloud_mask coords=time,crs,latitude,longitude
2026-06-03 15:53:29,866 INFO run_pipeline - [process] 2026-06-03 15:53:29,866 INFO process_modis - Step: keeping native L1 grid for wv_63
2026-06-03 15:53:30,444 INFO run_pipeline - [process] 2026-06-03 15:53:30,443 INFO process_modis - Step: loading/resampling cloud mask from MOD35_L2.A2024178.1940.061.2024179073600.hdf
2026-06-03 15:53:30,444 INFO run_pipeline - [process] 2026-06-03 15:53:30,443 INFO process_modis - Step: keeping native L1 grid for cloud mask
2026-06-03 15:53:30,449 INFO run_pipeline - [process] 2026-06-03 15:53:30,449 INFO process_modis - Step: prepared Dataset for MOD021KM.A2024178.1940.061.2024179073330.hdf with vars=bt_ir_105,bt_wv_63,cloud_mask coords=time,crs,latitude,longitude
2026-06-03 15:53:31,448 INFO run_pipeline - [process] 2026-06-03 15:53:31,447 INFO process_modis - Wrote /sat_data/modis/processed/2024/06/26/20240626T0830_modis_terra_bt_ir_105_bt_wv_63_cloud_mask.nc
2026-06-03 15:53:33,046 INFO run_pipeline - [process] 2026-06-03 15:53:33,044 INFO process_modis - Wrote /sat_data/modis/processed/2024/06/26/20240626T1940_modis_terra_bt_ir_105_bt_wv_63_cloud_mask.nc
2026-06-03 15:53:34,091 INFO run_pipeline - [process] 2026-06-03 15:53:34,091 INFO process_modis - Step: keeping native L1 grid for ir_105
2026-06-03 15:53:34,261 INFO run_pipeline - [process] 2026-06-03 15:53:34,261 INFO process_modis - Step: keeping native L1 grid for ir_105
2026-06-03 15:53:34,331 INFO run_pipeline - [process] 2026-06-03 15:53:34,331 INFO process_modis - Step: keeping native L1 grid for wv_63
2026-06-03 15:53:34,582 INFO run_pipeline - [process] 2026-06-03 15:53:34,582 INFO process_modis - Step: keeping native L1 grid for wv_63
2026-06-03 15:53:34,767 INFO run_pipeline - [process] 2026-06-03 15:53:34,767 INFO process_modis - Step: loading/resampling cloud mask from MOD35_L2.A2024178.1935.061.2024179072930.hdf
2026-06-03 15:53:34,768 INFO run_pipeline - [process] 2026-06-03 15:53:34,767 INFO process_modis - Step: keeping native L1 grid for cloud mask
2026-06-03 15:53:34,772 INFO run_pipeline - [process] 2026-06-03 15:53:34,772 INFO process_modis - Step: prepared Dataset for MOD021KM.A2024178.1935.061.2024179072807.hdf with vars=bt_ir_105,bt_wv_63,cloud_mask coords=time,crs,latitude,longitude
2026-06-03 15:53:35,047 INFO run_pipeline - [process] 2026-06-03 15:53:35,047 INFO process_modis - Step: loading/resampling cloud mask from MOD35_L2.A2024178.1005.061.2024178191137.hdf
2026-06-03 15:53:35,048 INFO run_pipeline - [process] 2026-06-03 15:53:35,047 INFO process_modis - Step: keeping native L1 grid for cloud mask
2026-06-03 15:53:35,051 INFO run_pipeline - [process] 2026-06-03 15:53:35,051 INFO process_modis - Step: prepared Dataset for MOD021KM.A2024178.1005.061.2024178190910.hdf with vars=bt_ir_105,bt_wv_63,cloud_mask coords=time,crs,latitude,longitude
2026-06-03 15:53:36,750 INFO run_pipeline - [process] 2026-06-03 15:53:36,750 INFO process_modis - Wrote /sat_data/modis/processed/2024/06/26/20240626T1935_modis_terra_bt_ir_105_bt_wv_63_cloud_mask.nc
2026-06-03 15:53:37,856 INFO run_pipeline - [process] 2026-06-03 15:53:37,856 INFO process_modis - Wrote /sat_data/modis/processed/2024/06/26/20240626T1005_modis_terra_bt_ir_105_bt_wv_63_cloud_mask.nc
2026-06-03 15:53:57,263 INFO run_pipeline - [process] 2026-06-03 15:53:57,263 INFO process_modis - Step: keeping native L1 grid for ir_105
2026-06-03 15:53:57,538 INFO run_pipeline - [process] 2026-06-03 15:53:57,537 INFO process_modis - Step: keeping native L1 grid for wv_63
2026-06-03 15:53:57,963 INFO run_pipeline - [process] 2026-06-03 15:53:57,963 INFO process_modis - Step: loading/resampling cloud mask from MOD35_L2.A2024178.2115.061.2024179075207.hdf
2026-06-03 15:53:57,963 INFO run_pipeline - [process] 2026-06-03 15:53:57,963 INFO process_modis - Step: keeping native L1 grid for cloud mask
2026-06-03 15:53:57,967 INFO run_pipeline - [process] 2026-06-03 15:53:57,967 INFO process_modis - Step: prepared Dataset for MOD021KM.A2024178.2115.061.2024179075056.hdf with vars=bt_ir_105,bt_wv_63,cloud_mask coords=time,crs,latitude,longitude
2026-06-03 15:53:59,450 INFO run_pipeline - [process] 2026-06-03 15:53:59,449 INFO process_modis - Wrote /sat_data/modis/processed/2024/06/26/20240626T2115_modis_terra_bt_ir_105_bt_wv_63_cloud_mask.nc
2026-06-03 15:53:59,508 INFO run_pipeline - [process] 2026-06-03 15:53:59,508 INFO process_modis - Processed 6 files for terra in /sat_data/modis/raw/radiances/2024/06/26
2026-06-03 15:53:59,509 INFO run_pipeline - [process] 2026-06-03 15:53:59,509 INFO process_modis - Day aqua /sat_data/modis/raw/radiances/2024/06/26: found 5 L1 files and 5 L2 files (dir totals: 11 radiance, 11 cloud)
2026-06-03 15:53:59,509 INFO run_pipeline - [process] 2026-06-03 15:53:59,509 INFO process_modis - Processing 5 granules with 5 workers
2026-06-03 15:53:59,510 INFO run_pipeline - [process] 2026-06-03 15:53:59,510 INFO process_modis - Processing granule MYD021KM.A2024178.0210.061.2024178152335.hdf timestamp=20240626T0210 matched_L2=MYD35_L2.A2024178.0210.061.2024178152656.hdf
2026-06-03 15:53:59,510 INFO run_pipeline - [process] 2026-06-03 15:53:59,510 INFO process_modis - Step: loading BT datasets for MYD021KM.A2024178.0210.061.2024178152335.hdf
2026-06-03 15:53:59,511 INFO run_pipeline - [process] 2026-06-03 15:53:59,511 INFO process_modis - Processing granule MYD021KM.A2024178.0215.061.2024178151546.hdf timestamp=20240626T0215 matched_L2=MYD35_L2.A2024178.0215.061.2024178151658.hdf
2026-06-03 15:53:59,511 INFO run_pipeline - [process] 2026-06-03 15:53:59,511 INFO process_modis - Step: loading BT datasets for MYD021KM.A2024178.0215.061.2024178151546.hdf
2026-06-03 15:53:59,558 INFO run_pipeline - [process] 2026-06-03 15:53:59,558 INFO process_modis - Processing granule MYD021KM.A2024178.1140.061.2024179151907.hdf timestamp=20240626T1140 matched_L2=MYD35_L2.A2024178.1140.061.2024179152322.hdf
2026-06-03 15:53:59,558 INFO run_pipeline - [process] 2026-06-03 15:53:59,558 INFO process_modis - Step: loading BT datasets for MYD021KM.A2024178.1140.061.2024179151907.hdf
2026-06-03 15:53:59,625 INFO run_pipeline - [process] 2026-06-03 15:53:59,625 INFO process_modis - Processing granule MYD021KM.A2024178.1145.061.2024179152618.hdf timestamp=20240626T1145 matched_L2=MYD35_L2.A2024178.1145.061.2024179153026.hdf
2026-06-03 15:53:59,625 INFO run_pipeline - [process] 2026-06-03 15:53:59,625 INFO process_modis - Step: loading BT datasets for MYD021KM.A2024178.1145.061.2024179152618.hdf
2026-06-03 15:53:59,657 INFO run_pipeline - [process] 2026-06-03 15:53:59,657 INFO process_modis - Processing granule MYD021KM.A2024178.1320.061.2024179152019.hdf timestamp=20240626T1320 matched_L2=MYD35_L2.A2024178.1320.061.2024179152245.hdf
2026-06-03 15:53:59,657 INFO run_pipeline - [process] 2026-06-03 15:53:59,657 INFO process_modis - Step: loading BT datasets for MYD021KM.A2024178.1320.061.2024179152019.hdf
2026-06-03 15:54:00,954 INFO run_pipeline - [process] 2026-06-03 15:54:00,954 INFO process_modis - Step: loaded BT datasets for MYD021KM.A2024178.0210.061.2024178152335.hdf: bt_ir_105,bt_wv_63
2026-06-03 15:54:01,024 INFO run_pipeline - [process] 2026-06-03 15:54:01,024 INFO process_modis - Step: loaded BT datasets for MYD021KM.A2024178.1145.061.2024179152618.hdf: bt_ir_105,bt_wv_63
2026-06-03 15:54:01,055 INFO run_pipeline - [process] 2026-06-03 15:54:01,054 INFO process_modis - Step: loaded BT datasets for MYD021KM.A2024178.0215.061.2024178151546.hdf: bt_ir_105,bt_wv_63
2026-06-03 15:54:01,070 INFO run_pipeline - [process] 2026-06-03 15:54:01,069 INFO process_modis - Step: loaded BT datasets for MYD021KM.A2024178.1140.061.2024179151907.hdf: bt_ir_105,bt_wv_63
2026-06-03 15:54:01,118 INFO run_pipeline - [process] 2026-06-03 15:54:01,118 INFO process_modis - Step: loaded BT datasets for MYD021KM.A2024178.1320.061.2024179152019.hdf: bt_ir_105,bt_wv_63
2026-06-03 15:57:16,123 INFO run_pipeline - [process] 2026-06-03 15:57:16,122 INFO process_modis - Step: keeping native L1 grid for ir_105
2026-06-03 15:57:16,504 INFO run_pipeline - [process] 2026-06-03 15:57:16,504 INFO process_modis - Step: keeping native L1 grid for wv_63
2026-06-03 15:57:16,974 INFO run_pipeline - [process] 2026-06-03 15:57:16,974 INFO process_modis - Step: loading/resampling cloud mask from MYD35_L2.A2024178.0215.061.2024178151658.hdf
2026-06-03 15:57:16,974 INFO run_pipeline - [process] 2026-06-03 15:57:16,974 INFO process_modis - Step: keeping native L1 grid for cloud mask
2026-06-03 15:57:16,979 INFO run_pipeline - [process] 2026-06-03 15:57:16,979 INFO process_modis - Step: prepared Dataset for MYD021KM.A2024178.0215.061.2024178151546.hdf with vars=bt_ir_105,bt_wv_63,cloud_mask coords=time,crs,latitude,longitude
2026-06-03 15:57:18,629 INFO run_pipeline - [process] 2026-06-03 15:57:18,629 INFO process_modis - Wrote /sat_data/modis/processed/2024/06/26/20240626T0215_modis_aqua_bt_ir_105_bt_wv_63_cloud_mask.nc
2026-06-03 15:57:47,683 INFO run_pipeline - [process] 2026-06-03 15:57:47,683 INFO process_modis - Step: keeping native L1 grid for ir_105
2026-06-03 15:57:47,933 INFO run_pipeline - [process] 2026-06-03 15:57:47,933 INFO process_modis - Step: keeping native L1 grid for wv_63
2026-06-03 15:57:48,460 INFO run_pipeline - [process] 2026-06-03 15:57:48,460 INFO process_modis - Step: loading/resampling cloud mask from MYD35_L2.A2024178.1320.061.2024179152245.hdf
2026-06-03 15:57:48,460 INFO run_pipeline - [process] 2026-06-03 15:57:48,460 INFO process_modis - Step: keeping native L1 grid for cloud mask
2026-06-03 15:57:48,468 INFO run_pipeline - [process] 2026-06-03 15:57:48,468 INFO process_modis - Step: prepared Dataset for MYD021KM.A2024178.1320.061.2024179152019.hdf with vars=bt_ir_105,bt_wv_63,cloud_mask coords=time,crs,latitude,longitude
2026-06-03 15:57:49,972 INFO run_pipeline - [process] 2026-06-03 15:57:49,971 INFO process_modis - Wrote /sat_data/modis/processed/2024/06/26/20240626T1320_modis_aqua_bt_ir_105_bt_wv_63_cloud_mask.nc
2026-06-03 15:57:53,842 INFO run_pipeline - [process] 2026-06-03 15:57:53,842 INFO process_modis - Step: keeping native L1 grid for ir_105
2026-06-03 15:57:54,081 INFO run_pipeline - [process] 2026-06-03 15:57:54,081 INFO process_modis - Step: keeping native L1 grid for wv_63
2026-06-03 15:57:54,497 INFO run_pipeline - [process] 2026-06-03 15:57:54,497 INFO process_modis - Step: loading/resampling cloud mask from MYD35_L2.A2024178.0210.061.2024178152656.hdf
2026-06-03 15:57:54,498 INFO run_pipeline - [process] 2026-06-03 15:57:54,497 INFO process_modis - Step: keeping native L1 grid for cloud mask
2026-06-03 15:57:54,502 INFO run_pipeline - [process] 2026-06-03 15:57:54,501 INFO process_modis - Step: prepared Dataset for MYD021KM.A2024178.0210.061.2024178152335.hdf with vars=bt_ir_105,bt_wv_63,cloud_mask coords=time,crs,latitude,longitude
2026-06-03 15:57:55,989 INFO run_pipeline - [process] 2026-06-03 15:57:55,989 INFO process_modis - Wrote /sat_data/modis/processed/2024/06/26/20240626T0210_modis_aqua_bt_ir_105_bt_wv_63_cloud_mask.nc
2026-06-03 15:57:58,202 INFO run_pipeline - [process] 2026-06-03 15:57:58,202 INFO process_modis - Step: keeping native L1 grid for ir_105
2026-06-03 15:57:58,489 INFO run_pipeline - [process] 2026-06-03 15:57:58,489 INFO process_modis - Step: keeping native L1 grid for wv_63
2026-06-03 15:57:58,593 INFO run_pipeline - [process] 2026-06-03 15:57:58,593 INFO process_modis - Step: keeping native L1 grid for ir_105
2026-06-03 15:57:58,843 INFO run_pipeline - [process] 2026-06-03 15:57:58,843 INFO process_modis - Step: keeping native L1 grid for wv_63
2026-06-03 15:57:59,025 INFO run_pipeline - [process] 2026-06-03 15:57:59,025 INFO process_modis - Step: loading/resampling cloud mask from MYD35_L2.A2024178.1140.061.2024179152322.hdf
2026-06-03 15:57:59,025 INFO run_pipeline - [process] 2026-06-03 15:57:59,025 INFO process_modis - Step: keeping native L1 grid for cloud mask
2026-06-03 15:57:59,029 INFO run_pipeline - [process] 2026-06-03 15:57:59,029 INFO process_modis - Step: prepared Dataset for MYD021KM.A2024178.1140.061.2024179151907.hdf with vars=bt_ir_105,bt_wv_63,cloud_mask coords=time,crs,latitude,longitude
2026-06-03 15:57:59,330 INFO run_pipeline - [process] 2026-06-03 15:57:59,329 INFO process_modis - Step: loading/resampling cloud mask from MYD35_L2.A2024178.1145.061.2024179153026.hdf
2026-06-03 15:57:59,330 INFO run_pipeline - [process] 2026-06-03 15:57:59,329 INFO process_modis - Step: keeping native L1 grid for cloud mask
2026-06-03 15:57:59,334 INFO run_pipeline - [process] 2026-06-03 15:57:59,334 INFO process_modis - Step: prepared Dataset for MYD021KM.A2024178.1145.061.2024179152618.hdf with vars=bt_ir_105,bt_wv_63,cloud_mask coords=time,crs,latitude,longitude
2026-06-03 15:58:00,571 INFO run_pipeline - [process] 2026-06-03 15:58:00,571 INFO process_modis - Wrote /sat_data/modis/processed/2024/06/26/20240626T1140_modis_aqua_bt_ir_105_bt_wv_63_cloud_mask.nc
2026-06-03 15:58:01,880 INFO run_pipeline - [process] 2026-06-03 15:58:01,880 INFO process_modis - Wrote /sat_data/modis/processed/2024/06/26/20240626T1145_modis_aqua_bt_ir_105_bt_wv_63_cloud_mask.nc
2026-06-03 15:58:02,039 INFO run_pipeline - [process] 2026-06-03 15:58:02,039 INFO process_modis - Processed 5 files for aqua in /sat_data/modis/raw/radiances/2024/06/26
2026-06-03 15:58:02,583 INFO run_pipeline - Finished process in 519.27s with return code 0
2026-06-03 15:58:02,584 INFO run_pipeline - Starting upload: /home/Daniele/miniforge3/envs/satpy/bin/python /home/Daniele/codes/MODIS-processing/scripts/2_upload_s3.py --config /home/Daniele/codes/MODIS-processing/config/pipeline_config.yaml --credentials /home/Daniele/codes/MODIS-processing/s3_credentials.py --date 2024-06-26 --log-level INFO --verify
2026-06-03 15:58:06,990 INFO run_pipeline - [upload] 2026-06-03 15:58:06,990 INFO upload_s3 - Uploaded 11 files
2026-06-03 15:58:07,231 INFO run_pipeline - Finished upload in 4.65s with return code 0
2026-06-03 15:58:07,231 INFO run_pipeline - Batch 2024-06-26 finished in download=29.48s process=519.27s upload=4.65s | L1=11 L2=11 processed=11 uploaded=11 errors=0 failed_stage=none
2026-06-03 15:58:07,231 INFO run_pipeline - === Batch 2024-06-27 ===
2026-06-03 15:58:07,232 INFO run_pipeline - Starting download: /home/Daniele/miniforge3/envs/satpy/bin/python /home/Daniele/codes/MODIS-processing/scripts/0_download_modis.py --config /home/Daniele/codes/MODIS-processing/config/pipeline_config.yaml --date 2024-06-27 --log-level INFO
2026-06-03 15:58:08,314 INFO run_pipeline - [download] 2026-06-03 15:58:08,313 INFO download_modis - Searching CMR for MOD021KM between 2024-06-27 00:00:00 and 2024-06-28 00:00:00
2026-06-03 15:58:08,662 INFO run_pipeline - [download] 2026-06-03 15:58:08,662 INFO download_modis - Downloading 5 granules with 6 workers for MOD021KM
2026-06-03 15:58:19,041 INFO run_pipeline - [download] 2026-06-03 15:58:19,041 INFO download_modis - Searching CMR for MOD35_L2 between 2024-06-27 00:00:00 and 2024-06-28 00:00:00
2026-06-03 15:58:19,385 INFO run_pipeline - [download] 2026-06-03 15:58:19,384 INFO download_modis - Downloading 5 granules with 6 workers for MOD35_L2
2026-06-03 15:58:23,686 INFO run_pipeline - [download] 2026-06-03 15:58:23,686 INFO download_modis - terra [2024-06-27 - 2024-06-28] L1 downloaded=5 skipped=5 | L2 downloaded=5 skipped=0
2026-06-03 15:58:23,686 INFO run_pipeline - [download] 2026-06-03 15:58:23,686 INFO download_modis - Searching CMR for MYD021KM between 2024-06-27 00:00:00 and 2024-06-28 00:00:00
2026-06-03 15:58:23,979 INFO run_pipeline - [download] 2026-06-03 15:58:23,979 INFO download_modis - Downloading 7 granules with 6 workers for MYD021KM
2026-06-03 15:58:38,453 INFO run_pipeline - [download] 2026-06-03 15:58:38,453 INFO download_modis - Searching CMR for MYD35_L2 between 2024-06-27 00:00:00 and 2024-06-28 00:00:00
2026-06-03 15:58:38,849 INFO run_pipeline - [download] 2026-06-03 15:58:38,848 INFO download_modis - Downloading 7 granules with 6 workers for MYD35_L2
2026-06-03 15:58:45,918 INFO run_pipeline - [download] 2026-06-03 15:58:45,918 INFO download_modis - aqua [2024-06-27 - 2024-06-28] L1 downloaded=7 skipped=7 | L2 downloaded=7 skipped=0
2026-06-03 15:58:46,107 INFO run_pipeline - Finished download in 38.87s with return code 0
2026-06-03 15:58:46,107 INFO run_pipeline - Starting process: /home/Daniele/miniforge3/envs/satpy/bin/python /home/Daniele/codes/MODIS-processing/scripts/1_process_modis.py --config /home/Daniele/codes/MODIS-processing/config/pipeline_config.yaml --date 2024-06-27 --log-level INFO
2026-06-03 15:58:47,144 INFO run_pipeline - [process] 2026-06-03 15:58:47,144 INFO process_modis - Day terra /sat_data/modis/raw/radiances/2024/06/27: found 5 L1 files and 5 L2 files (dir totals: 12 radiance, 12 cloud)
2026-06-03 15:58:47,144 INFO run_pipeline - [process] 2026-06-03 15:58:47,144 INFO process_modis - Processing 5 granules with 5 workers
2026-06-03 15:58:47,145 INFO run_pipeline - [process] 2026-06-03 15:58:47,144 INFO process_modis - Processing granule MOD021KM.A2024179.0910.061.2024179190727.hdf timestamp=20240627T0910 matched_L2=MOD35_L2.A2024179.0910.061.2024179191055.hdf
2026-06-03 15:58:47,145 INFO run_pipeline - [process] 2026-06-03 15:58:47,145 INFO process_modis - Step: loading BT datasets for MOD021KM.A2024179.0910.061.2024179190727.hdf
2026-06-03 15:58:47,145 INFO run_pipeline - [process] 2026-06-03 15:58:47,145 INFO process_modis - Processing granule MOD021KM.A2024179.1045.061.2024179190701.hdf timestamp=20240627T1045 matched_L2=MOD35_L2.A2024179.1045.061.2024179190915.hdf
2026-06-03 15:58:47,146 INFO run_pipeline - [process] 2026-06-03 15:58:47,145 INFO process_modis - Step: loading BT datasets for MOD021KM.A2024179.1045.061.2024179190701.hdf
2026-06-03 15:58:47,146 INFO run_pipeline - [process] 2026-06-03 15:58:47,146 INFO process_modis - Processing granule MOD021KM.A2024179.1050.061.2024179190735.hdf timestamp=20240627T1050 matched_L2=MOD35_L2.A2024179.1050.061.2024179191022.hdf
2026-06-03 15:58:47,146 INFO run_pipeline - [process] 2026-06-03 15:58:47,146 INFO process_modis - Step: loading BT datasets for MOD021KM.A2024179.1050.061.2024179190735.hdf
2026-06-03 15:58:47,147 INFO run_pipeline - [process] 2026-06-03 15:58:47,147 INFO process_modis - Processing granule MOD021KM.A2024179.2015.061.2024180192020.hdf timestamp=20240627T2015 matched_L2=MOD35_L2.A2024179.2015.061.2024180192235.hdf
2026-06-03 15:58:47,147 INFO run_pipeline - [process] 2026-06-03 15:58:47,147 INFO process_modis - Step: loading BT datasets for MOD021KM.A2024179.2015.061.2024180192020.hdf
2026-06-03 15:58:47,147 INFO run_pipeline - [process] 2026-06-03 15:58:47,147 INFO process_modis - Processing granule MOD021KM.A2024179.2020.061.2024180192246.hdf timestamp=20240627T2020 matched_L2=MOD35_L2.A2024179.2020.061.2024180192520.hdf
2026-06-03 15:58:47,148 INFO run_pipeline - [process] 2026-06-03 15:58:47,147 INFO process_modis - Step: loading BT datasets for MOD021KM.A2024179.2020.061.2024180192246.hdf
2026-06-03 15:58:49,364 INFO run_pipeline - [process] 2026-06-03 15:58:49,364 INFO process_modis - Step: loaded BT datasets for MOD021KM.A2024179.0910.061.2024179190727.hdf: bt_ir_105,bt_wv_63
2026-06-03 15:58:49,388 INFO run_pipeline - [process] 2026-06-03 15:58:49,387 INFO process_modis - Step: loaded BT datasets for MOD021KM.A2024179.1045.061.2024179190701.hdf: bt_ir_105,bt_wv_63
2026-06-03 15:58:49,398 INFO run_pipeline - [process] 2026-06-03 15:58:49,398 INFO process_modis - Step: loaded BT datasets for MOD021KM.A2024179.2020.061.2024180192246.hdf: bt_ir_105,bt_wv_63
2026-06-03 15:58:49,430 INFO run_pipeline - [process] 2026-06-03 15:58:49,430 INFO process_modis - Step: loaded BT datasets for MOD021KM.A2024179.2015.061.2024180192020.hdf: bt_ir_105,bt_wv_63
2026-06-03 15:58:49,434 INFO run_pipeline - [process] 2026-06-03 15:58:49,434 INFO process_modis - Step: loaded BT datasets for MOD021KM.A2024179.1050.061.2024179190735.hdf: bt_ir_105,bt_wv_63
2026-06-03 16:02:32,015 INFO run_pipeline - [process] 2026-06-03 16:02:32,014 INFO process_modis - Step: keeping native L1 grid for ir_105
2026-06-03 16:02:32,378 INFO run_pipeline - [process] 2026-06-03 16:02:32,378 INFO process_modis - Step: keeping native L1 grid for wv_63
2026-06-03 16:02:32,954 INFO run_pipeline - [process] 2026-06-03 16:02:32,953 INFO process_modis - Step: loading/resampling cloud mask from MOD35_L2.A2024179.2015.061.2024180192235.hdf
2026-06-03 16:02:32,954 INFO run_pipeline - [process] 2026-06-03 16:02:32,953 INFO process_modis - Step: keeping native L1 grid for cloud mask
2026-06-03 16:02:32,959 INFO run_pipeline - [process] 2026-06-03 16:02:32,959 INFO process_modis - Step: prepared Dataset for MOD021KM.A2024179.2015.061.2024180192020.hdf with vars=bt_ir_105,bt_wv_63,cloud_mask coords=time,crs,latitude,longitude
2026-06-03 16:02:34,499 INFO run_pipeline - [process] 2026-06-03 16:02:34,498 INFO process_modis - Wrote /sat_data/modis/processed/2024/06/27/20240627T2015_modis_terra_bt_ir_105_bt_wv_63_cloud_mask.nc
2026-06-03 16:02:48,283 INFO run_pipeline - [process] 2026-06-03 16:02:48,282 INFO process_modis - Step: keeping native L1 grid for ir_105
2026-06-03 16:02:48,662 INFO run_pipeline - [process] 2026-06-03 16:02:48,662 INFO process_modis - Step: keeping native L1 grid for wv_63
2026-06-03 16:02:49,190 INFO run_pipeline - [process] 2026-06-03 16:02:49,190 INFO process_modis - Step: loading/resampling cloud mask from MOD35_L2.A2024179.1050.061.2024179191022.hdf
2026-06-03 16:02:49,191 INFO run_pipeline - [process] 2026-06-03 16:02:49,190 INFO process_modis - Step: keeping native L1 grid for cloud mask
2026-06-03 16:02:49,195 INFO run_pipeline - [process] 2026-06-03 16:02:49,195 INFO process_modis - Step: prepared Dataset for MOD021KM.A2024179.1050.061.2024179190735.hdf with vars=bt_ir_105,bt_wv_63,cloud_mask coords=time,crs,latitude,longitude
2026-06-03 16:02:50,761 INFO run_pipeline - [process] 2026-06-03 16:02:50,761 INFO process_modis - Wrote /sat_data/modis/processed/2024/06/27/20240627T1050_modis_terra_bt_ir_105_bt_wv_63_cloud_mask.nc
2026-06-03 16:02:55,958 INFO run_pipeline - [process] 2026-06-03 16:02:55,957 INFO process_modis - Step: keeping native L1 grid for ir_105
2026-06-03 16:02:56,275 INFO run_pipeline - [process] 2026-06-03 16:02:56,275 INFO process_modis - Step: keeping native L1 grid for wv_63
2026-06-03 16:02:56,912 INFO run_pipeline - [process] 2026-06-03 16:02:56,911 INFO process_modis - Step: loading/resampling cloud mask from MOD35_L2.A2024179.0910.061.2024179191055.hdf
2026-06-03 16:02:56,912 INFO run_pipeline - [process] 2026-06-03 16:02:56,911 INFO process_modis - Step: keeping native L1 grid for cloud mask
2026-06-03 16:02:56,916 INFO run_pipeline - [process] 2026-06-03 16:02:56,915 INFO process_modis - Step: prepared Dataset for MOD021KM.A2024179.0910.061.2024179190727.hdf with vars=bt_ir_105,bt_wv_63,cloud_mask coords=time,crs,latitude,longitude
2026-06-03 16:02:57,277 INFO run_pipeline - [process] 2026-06-03 16:02:57,277 INFO process_modis - Step: keeping native L1 grid for ir_105
2026-06-03 16:02:57,633 INFO run_pipeline - [process] 2026-06-03 16:02:57,632 INFO process_modis - Step: keeping native L1 grid for wv_63
2026-06-03 16:02:58,139 INFO run_pipeline - [process] 2026-06-03 16:02:58,139 INFO process_modis - Step: loading/resampling cloud mask from MOD35_L2.A2024179.1045.061.2024179190915.hdf
2026-06-03 16:02:58,139 INFO run_pipeline - [process] 2026-06-03 16:02:58,139 INFO process_modis - Step: keeping native L1 grid for cloud mask
2026-06-03 16:02:58,143 INFO run_pipeline - [process] 2026-06-03 16:02:58,143 INFO process_modis - Step: prepared Dataset for MOD021KM.A2024179.1045.061.2024179190701.hdf with vars=bt_ir_105,bt_wv_63,cloud_mask coords=time,crs,latitude,longitude
2026-06-03 16:02:58,426 INFO run_pipeline - [process] 2026-06-03 16:02:58,425 INFO process_modis - Wrote /sat_data/modis/processed/2024/06/27/20240627T0910_modis_terra_bt_ir_105_bt_wv_63_cloud_mask.nc
2026-06-03 16:02:59,694 INFO run_pipeline - [process] 2026-06-03 16:02:59,693 INFO process_modis - Step: keeping native L1 grid for ir_105
2026-06-03 16:02:59,946 INFO run_pipeline - [process] 2026-06-03 16:02:59,946 INFO process_modis - Step: keeping native L1 grid for wv_63
2026-06-03 16:03:00,121 INFO run_pipeline - [process] 2026-06-03 16:03:00,121 INFO process_modis - Wrote /sat_data/modis/processed/2024/06/27/20240627T1045_modis_terra_bt_ir_105_bt_wv_63_cloud_mask.nc
2026-06-03 16:03:00,524 INFO run_pipeline - [process] 2026-06-03 16:03:00,524 INFO process_modis - Step: loading/resampling cloud mask from MOD35_L2.A2024179.2020.061.2024180192520.hdf
2026-06-03 16:03:00,524 INFO run_pipeline - [process] 2026-06-03 16:03:00,524 INFO process_modis - Step: keeping native L1 grid for cloud mask
2026-06-03 16:03:00,528 INFO run_pipeline - [process] 2026-06-03 16:03:00,528 INFO process_modis - Step: prepared Dataset for MOD021KM.A2024179.2020.061.2024180192246.hdf with vars=bt_ir_105,bt_wv_63,cloud_mask coords=time,crs,latitude,longitude
2026-06-03 16:03:02,029 INFO run_pipeline - [process] 2026-06-03 16:03:02,028 INFO process_modis - Wrote /sat_data/modis/processed/2024/06/27/20240627T2020_modis_terra_bt_ir_105_bt_wv_63_cloud_mask.nc
2026-06-03 16:03:02,324 INFO run_pipeline - [process] 2026-06-03 16:03:02,303 INFO process_modis - Processed 5 files for terra in /sat_data/modis/raw/radiances/2024/06/27
2026-06-03 16:03:02,325 INFO run_pipeline - [process] 2026-06-03 16:03:02,325 INFO process_modis - Day aqua /sat_data/modis/raw/radiances/2024/06/27: found 7 L1 files and 7 L2 files (dir totals: 12 radiance, 12 cloud)
2026-06-03 16:03:02,326 INFO run_pipeline - [process] 2026-06-03 16:03:02,326 INFO process_modis - Processing 7 granules with 5 workers
2026-06-03 16:03:02,326 INFO run_pipeline - [process] 2026-06-03 16:03:02,326 INFO process_modis - Processing granule MYD021KM.A2024179.0115.061.2024179153231.hdf timestamp=20240627T0115 matched_L2=MYD35_L2.A2024179.0115.061.2024179153352.hdf
2026-06-03 16:03:02,327 INFO run_pipeline - [process] 2026-06-03 16:03:02,326 INFO process_modis - Step: loading BT datasets for MYD021KM.A2024179.0115.061.2024179153231.hdf
2026-06-03 16:03:02,358 INFO run_pipeline - [process] 2026-06-03 16:03:02,358 INFO process_modis - Processing granule MYD021KM.A2024179.0250.061.2024179154806.hdf timestamp=20240627T0250 matched_L2=MYD35_L2.A2024179.0250.061.2024179155111.hdf
2026-06-03 16:03:02,358 INFO run_pipeline - [process] 2026-06-03 16:03:02,358 INFO process_modis - Step: loading BT datasets for MYD021KM.A2024179.0250.061.2024179154806.hdf
2026-06-03 16:03:02,374 INFO run_pipeline - [process] 2026-06-03 16:03:02,374 INFO process_modis - Processing granule MYD021KM.A2024179.0255.061.2024179153126.hdf timestamp=20240627T0255 matched_L2=MYD35_L2.A2024179.0255.061.2024179153307.hdf
2026-06-03 16:03:02,374 INFO run_pipeline - [process] 2026-06-03 16:03:02,374 INFO process_modis - Step: loading BT datasets for MYD021KM.A2024179.0255.061.2024179153126.hdf
2026-06-03 16:03:02,385 INFO run_pipeline - [process] 2026-06-03 16:03:02,385 INFO process_modis - Processing granule MYD021KM.A2024179.1220.061.2024180193640.hdf timestamp=20240627T1220 matched_L2=MYD35_L2.A2024179.1220.061.2024180194108.hdf
2026-06-03 16:03:02,385 INFO run_pipeline - [process] 2026-06-03 16:03:02,385 INFO process_modis - Step: loading BT datasets for MYD021KM.A2024179.1220.061.2024180193640.hdf
2026-06-03 16:03:02,570 INFO run_pipeline - [process] 2026-06-03 16:03:02,570 INFO process_modis - Processing granule MYD021KM.A2024179.1225.061.2024180193409.hdf timestamp=20240627T1225 matched_L2=MYD35_L2.A2024179.1225.061.2024180193802.hdf
2026-06-03 16:03:02,570 INFO run_pipeline - [process] 2026-06-03 16:03:02,570 INFO process_modis - Step: loading BT datasets for MYD021KM.A2024179.1225.061.2024180193409.hdf
2026-06-03 16:03:03,673 INFO run_pipeline - [process] 2026-06-03 16:03:03,673 INFO process_modis - Step: loaded BT datasets for MYD021KM.A2024179.0250.061.2024179154806.hdf: bt_ir_105,bt_wv_63
2026-06-03 16:03:03,830 INFO run_pipeline - [process] 2026-06-03 16:03:03,830 INFO process_modis - Step: loaded BT datasets for MYD021KM.A2024179.0115.061.2024179153231.hdf: bt_ir_105,bt_wv_63
2026-06-03 16:03:03,855 INFO run_pipeline - [process] 2026-06-03 16:03:03,854 INFO process_modis - Step: loaded BT datasets for MYD021KM.A2024179.1220.061.2024180193640.hdf: bt_ir_105,bt_wv_63
2026-06-03 16:03:03,877 INFO run_pipeline - [process] 2026-06-03 16:03:03,876 INFO process_modis - Step: loaded BT datasets for MYD021KM.A2024179.0255.061.2024179153126.hdf: bt_ir_105,bt_wv_63
2026-06-03 16:03:03,903 INFO run_pipeline - [process] 2026-06-03 16:03:03,903 INFO process_modis - Step: loaded BT datasets for MYD021KM.A2024179.1225.061.2024180193409.hdf: bt_ir_105,bt_wv_63
2026-06-03 16:06:03,696 INFO run_pipeline - [process] 2026-06-03 16:06:03,695 INFO process_modis - Step: keeping native L1 grid for ir_105
2026-06-03 16:06:03,945 INFO run_pipeline - [process] 2026-06-03 16:06:03,945 INFO process_modis - Step: keeping native L1 grid for wv_63
2026-06-03 16:06:04,441 INFO run_pipeline - [process] 2026-06-03 16:06:04,441 INFO process_modis - Step: loading/resampling cloud mask from MYD35_L2.A2024179.1220.061.2024180194108.hdf
2026-06-03 16:06:04,441 INFO run_pipeline - [process] 2026-06-03 16:06:04,441 INFO process_modis - Step: keeping native L1 grid for cloud mask
2026-06-03 16:06:04,447 INFO run_pipeline - [process] 2026-06-03 16:06:04,446 INFO process_modis - Step: prepared Dataset for MYD021KM.A2024179.1220.061.2024180193640.hdf with vars=bt_ir_105,bt_wv_63,cloud_mask coords=time,crs,latitude,longitude
2026-06-03 16:06:06,072 INFO run_pipeline - [process] 2026-06-03 16:06:06,071 INFO process_modis - Wrote /sat_data/modis/processed/2024/06/27/20240627T1220_modis_aqua_bt_ir_105_bt_wv_63_cloud_mask.nc
2026-06-03 16:06:06,251 INFO run_pipeline - [process] 2026-06-03 16:06:06,251 INFO process_modis - Processing granule MYD021KM.A2024179.1400.061.2024180193752.hdf timestamp=20240627T1400 matched_L2=MYD35_L2.A2024179.1400.061.2024180194021.hdf
2026-06-03 16:06:06,251 INFO run_pipeline - [process] 2026-06-03 16:06:06,251 INFO process_modis - Step: loading BT datasets for MYD021KM.A2024179.1400.061.2024180193752.hdf
2026-06-03 16:06:06,832 INFO run_pipeline - [process] 2026-06-03 16:06:06,832 INFO process_modis - Step: loaded BT datasets for MYD021KM.A2024179.1400.061.2024180193752.hdf: bt_ir_105,bt_wv_63
2026-06-03 16:06:49,333 INFO run_pipeline - [process] 2026-06-03 16:06:49,333 INFO process_modis - Step: keeping native L1 grid for ir_105
2026-06-03 16:06:49,719 INFO run_pipeline - [process] 2026-06-03 16:06:49,718 INFO process_modis - Step: keeping native L1 grid for wv_63
2026-06-03 16:06:50,303 INFO run_pipeline - [process] 2026-06-03 16:06:50,303 INFO process_modis - Step: loading/resampling cloud mask from MYD35_L2.A2024179.0255.061.2024179153307.hdf
2026-06-03 16:06:50,303 INFO run_pipeline - [process] 2026-06-03 16:06:50,303 INFO process_modis - Step: keeping native L1 grid for cloud mask
2026-06-03 16:06:50,309 INFO run_pipeline - [process] 2026-06-03 16:06:50,308 INFO process_modis - Step: prepared Dataset for MYD021KM.A2024179.0255.061.2024179153126.hdf with vars=bt_ir_105,bt_wv_63,cloud_mask coords=time,crs,latitude,longitude
2026-06-03 16:06:51,161 INFO run_pipeline - [process] 2026-06-03 16:06:51,161 INFO process_modis - Step: keeping native L1 grid for ir_105
2026-06-03 16:06:51,458 INFO run_pipeline - [process] 2026-06-03 16:06:51,458 INFO process_modis - Step: keeping native L1 grid for wv_63
2026-06-03 16:06:51,856 INFO run_pipeline - [process] 2026-06-03 16:06:51,855 INFO process_modis - Wrote /sat_data/modis/processed/2024/06/27/20240627T0255_modis_aqua_bt_ir_105_bt_wv_63_cloud_mask.nc
2026-06-03 16:06:52,016 INFO run_pipeline - [process] 2026-06-03 16:06:52,016 INFO process_modis - Processing granule MYD021KM.A2024179.1405.061.2024180193703.hdf timestamp=20240627T1405 matched_L2=MYD35_L2.A2024179.1405.061.2024180194216.hdf
2026-06-03 16:06:52,017 INFO run_pipeline - [process] 2026-06-03 16:06:52,016 INFO process_modis - Step: loading BT datasets for MYD021KM.A2024179.1405.061.2024180193703.hdf
2026-06-03 16:06:52,469 INFO run_pipeline - [process] 2026-06-03 16:06:52,468 INFO process_modis - Step: loading/resampling cloud mask from MYD35_L2.A2024179.1225.061.2024180193802.hdf
2026-06-03 16:06:52,469 INFO run_pipeline - [process] 2026-06-03 16:06:52,469 INFO process_modis - Step: keeping native L1 grid for cloud mask
2026-06-03 16:06:52,476 INFO run_pipeline - [process] 2026-06-03 16:06:52,476 INFO process_modis - Step: prepared Dataset for MYD021KM.A2024179.1225.061.2024180193409.hdf with vars=bt_ir_105,bt_wv_63,cloud_mask coords=time,crs,latitude,longitude
2026-06-03 16:06:52,508 INFO run_pipeline - [process] 2026-06-03 16:06:52,508 INFO process_modis - Step: keeping native L1 grid for ir_105
2026-06-03 16:06:52,794 INFO run_pipeline - [process] 2026-06-03 16:06:52,793 INFO process_modis - Step: keeping native L1 grid for wv_63
2026-06-03 16:06:52,909 INFO run_pipeline - [process] 2026-06-03 16:06:52,909 INFO process_modis - Step: loaded BT datasets for MYD021KM.A2024179.1405.061.2024180193703.hdf: bt_ir_105,bt_wv_63
2026-06-03 16:06:53,496 INFO run_pipeline - [process] 2026-06-03 16:06:53,496 INFO process_modis - Step: loading/resampling cloud mask from MYD35_L2.A2024179.0115.061.2024179153352.hdf
2026-06-03 16:06:53,496 INFO run_pipeline - [process] 2026-06-03 16:06:53,496 INFO process_modis - Step: keeping native L1 grid for cloud mask
2026-06-03 16:06:53,500 INFO run_pipeline - [process] 2026-06-03 16:06:53,500 INFO process_modis - Step: prepared Dataset for MYD021KM.A2024179.0115.061.2024179153231.hdf with vars=bt_ir_105,bt_wv_63,cloud_mask coords=time,crs,latitude,longitude
2026-06-03 16:06:54,029 INFO run_pipeline - [process] 2026-06-03 16:06:54,029 INFO process_modis - Wrote /sat_data/modis/processed/2024/06/27/20240627T1225_modis_aqua_bt_ir_105_bt_wv_63_cloud_mask.nc
2026-06-03 16:06:55,677 INFO run_pipeline - [process] 2026-06-03 16:06:55,676 INFO process_modis - Wrote /sat_data/modis/processed/2024/06/27/20240627T0115_modis_aqua_bt_ir_105_bt_wv_63_cloud_mask.nc
2026-06-03 16:06:58,642 INFO run_pipeline - [process] 2026-06-03 16:06:58,641 INFO process_modis - Step: keeping native L1 grid for ir_105
2026-06-03 16:06:58,887 INFO run_pipeline - [process] 2026-06-03 16:06:58,886 INFO process_modis - Step: keeping native L1 grid for wv_63
2026-06-03 16:06:59,360 INFO run_pipeline - [process] 2026-06-03 16:06:59,360 INFO process_modis - Step: loading/resampling cloud mask from MYD35_L2.A2024179.0250.061.2024179155111.hdf
2026-06-03 16:06:59,360 INFO run_pipeline - [process] 2026-06-03 16:06:59,360 INFO process_modis - Step: keeping native L1 grid for cloud mask
2026-06-03 16:06:59,366 INFO run_pipeline - [process] 2026-06-03 16:06:59,365 INFO process_modis - Step: prepared Dataset for MYD021KM.A2024179.0250.061.2024179154806.hdf with vars=bt_ir_105,bt_wv_63,cloud_mask coords=time,crs,latitude,longitude
2026-06-03 16:07:01,083 INFO run_pipeline - [process] 2026-06-03 16:07:01,082 INFO process_modis - Wrote /sat_data/modis/processed/2024/06/27/20240627T0250_modis_aqua_bt_ir_105_bt_wv_63_cloud_mask.nc
2026-06-03 16:07:16,120 INFO run_pipeline - [process] 2026-06-03 16:07:16,120 INFO process_modis - Step: keeping native L1 grid for ir_105
2026-06-03 16:07:16,371 INFO run_pipeline - [process] 2026-06-03 16:07:16,371 INFO process_modis - Step: keeping native L1 grid for wv_63
2026-06-03 16:07:16,892 INFO run_pipeline - [process] 2026-06-03 16:07:16,891 INFO process_modis - Step: loading/resampling cloud mask from MYD35_L2.A2024179.1400.061.2024180194021.hdf
2026-06-03 16:07:16,892 INFO run_pipeline - [process] 2026-06-03 16:07:16,892 INFO process_modis - Step: keeping native L1 grid for cloud mask
2026-06-03 16:07:16,896 INFO run_pipeline - [process] 2026-06-03 16:07:16,896 INFO process_modis - Step: prepared Dataset for MYD021KM.A2024179.1400.061.2024180193752.hdf with vars=bt_ir_105,bt_wv_63,cloud_mask coords=time,crs,latitude,longitude
2026-06-03 16:07:18,354 INFO run_pipeline - [process] 2026-06-03 16:07:18,354 INFO process_modis - Wrote /sat_data/modis/processed/2024/06/27/20240627T1400_modis_aqua_bt_ir_105_bt_wv_63_cloud_mask.nc
2026-06-03 16:07:46,800 INFO run_pipeline - [process] 2026-06-03 16:07:46,799 INFO process_modis - Step: keeping native L1 grid for ir_105
2026-06-03 16:07:47,046 INFO run_pipeline - [process] 2026-06-03 16:07:47,046 INFO process_modis - Step: keeping native L1 grid for wv_63
2026-06-03 16:07:47,504 INFO run_pipeline - [process] 2026-06-03 16:07:47,503 INFO process_modis - Step: loading/resampling cloud mask from MYD35_L2.A2024179.1405.061.2024180194216.hdf
2026-06-03 16:07:47,504 INFO run_pipeline - [process] 2026-06-03 16:07:47,504 INFO process_modis - Step: keeping native L1 grid for cloud mask
2026-06-03 16:07:47,508 INFO run_pipeline - [process] 2026-06-03 16:07:47,508 INFO process_modis - Step: prepared Dataset for MYD021KM.A2024179.1405.061.2024180193703.hdf with vars=bt_ir_105,bt_wv_63,cloud_mask coords=time,crs,latitude,longitude
2026-06-03 16:07:48,963 INFO run_pipeline - [process] 2026-06-03 16:07:48,963 INFO process_modis - Wrote /sat_data/modis/processed/2024/06/27/20240627T1405_modis_aqua_bt_ir_105_bt_wv_63_cloud_mask.nc
2026-06-03 16:07:49,132 INFO run_pipeline - [process] 2026-06-03 16:07:49,132 INFO process_modis - Processed 7 files for aqua in /sat_data/modis/raw/radiances/2024/06/27
2026-06-03 16:07:49,560 INFO run_pipeline - Finished process in 543.45s with return code 0
2026-06-03 16:07:49,560 INFO run_pipeline - Starting upload: /home/Daniele/miniforge3/envs/satpy/bin/python /home/Daniele/codes/MODIS-processing/scripts/2_upload_s3.py --config /home/Daniele/codes/MODIS-processing/config/pipeline_config.yaml --credentials /home/Daniele/codes/MODIS-processing/s3_credentials.py --date 2024-06-27 --log-level INFO --verify
2026-06-03 16:07:54,522 INFO run_pipeline - [upload] 2026-06-03 16:07:54,522 INFO upload_s3 - Uploaded 12 files
2026-06-03 16:07:54,798 INFO run_pipeline - Finished upload in 5.24s with return code 0
2026-06-03 16:07:54,798 INFO run_pipeline - Batch 2024-06-27 finished in download=38.87s process=543.45s upload=5.24s | L1=12 L2=12 processed=12 uploaded=12 errors=0 failed_stage=none
2026-06-03 16:07:54,798 INFO run_pipeline - === Batch 2024-06-28 ===
2026-06-03 16:07:54,799 INFO run_pipeline - Starting download: /home/Daniele/miniforge3/envs/satpy/bin/python /home/Daniele/codes/MODIS-processing/scripts/0_download_modis.py --config /home/Daniele/codes/MODIS-processing/config/pipeline_config.yaml --date 2024-06-28 --log-level INFO
2026-06-03 16:07:55,873 INFO run_pipeline - [download] 2026-06-03 16:07:55,873 INFO download_modis - Searching CMR for MOD021KM between 2024-06-28 00:00:00 and 2024-06-29 00:00:00
2026-06-03 16:07:56,343 INFO run_pipeline - [download] 2026-06-03 16:07:56,343 INFO download_modis - Downloading 5 granules with 6 workers for MOD021KM
2026-06-03 16:08:07,158 INFO run_pipeline - [download] 2026-06-03 16:08:07,158 INFO download_modis - Searching CMR for MOD35_L2 between 2024-06-28 00:00:00 and 2024-06-29 00:00:00
2026-06-03 16:08:07,403 INFO run_pipeline - [download] 2026-06-03 16:08:07,403 INFO download_modis - Downloading 5 granules with 6 workers for MOD35_L2
2026-06-03 16:08:11,016 INFO run_pipeline - [download] 2026-06-03 16:08:11,015 INFO download_modis - terra [2024-06-28 - 2024-06-29] L1 downloaded=5 skipped=5 | L2 downloaded=5 skipped=0
2026-06-03 16:08:11,016 INFO run_pipeline - [download] 2026-06-03 16:08:11,016 INFO download_modis - Searching CMR for MYD021KM between 2024-06-28 00:00:00 and 2024-06-29 00:00:00
2026-06-03 16:08:11,291 INFO run_pipeline - [download] 2026-06-03 16:08:11,291 INFO download_modis - Downloading 6 granules with 6 workers for MYD021KM
2026-06-03 16:08:20,654 INFO run_pipeline - [download] 2026-06-03 16:08:20,654 INFO download_modis - Searching CMR for MYD35_L2 between 2024-06-28 00:00:00 and 2024-06-29 00:00:00
2026-06-03 16:08:21,001 INFO run_pipeline - [download] 2026-06-03 16:08:21,001 INFO download_modis - Downloading 6 granules with 6 workers for MYD35_L2
2026-06-03 16:08:24,946 INFO run_pipeline - [download] 2026-06-03 16:08:24,946 INFO download_modis - aqua [2024-06-28 - 2024-06-29] L1 downloaded=6 skipped=6 | L2 downloaded=6 skipped=0
2026-06-03 16:08:25,137 INFO run_pipeline - Finished download in 30.34s with return code 0
2026-06-03 16:08:25,137 INFO run_pipeline - Starting process: /home/Daniele/miniforge3/envs/satpy/bin/python /home/Daniele/codes/MODIS-processing/scripts/1_process_modis.py --config /home/Daniele/codes/MODIS-processing/config/pipeline_config.yaml --date 2024-06-28 --log-level INFO
2026-06-03 16:08:26,181 INFO run_pipeline - [process] 2026-06-03 16:08:26,181 INFO process_modis - Day terra /sat_data/modis/raw/radiances/2024/06/28: found 5 L1 files and 5 L2 files (dir totals: 11 radiance, 11 cloud)
2026-06-03 16:08:26,181 INFO run_pipeline - [process] 2026-06-03 16:08:26,181 INFO process_modis - Processing 5 granules with 5 workers
2026-06-03 16:08:26,182 INFO run_pipeline - [process] 2026-06-03 16:08:26,182 INFO process_modis - Processing granule MOD021KM.A2024180.0815.061.2024180222722.hdf timestamp=20240628T0815 matched_L2=MOD35_L2.A2024180.0815.061.2024180223041.hdf
2026-06-03 16:08:26,182 INFO run_pipeline - [process] 2026-06-03 16:08:26,182 INFO process_modis - Step: loading BT datasets for MOD021KM.A2024180.0815.061.2024180222722.hdf
2026-06-03 16:08:26,182 INFO run_pipeline - [process] 2026-06-03 16:08:26,182 INFO process_modis - Processing granule MOD021KM.A2024180.0950.061.2024180220646.hdf timestamp=20240628T0950 matched_L2=MOD35_L2.A2024180.0950.061.2024180221029.hdf
2026-06-03 16:08:26,183 INFO run_pipeline - [process] 2026-06-03 16:08:26,182 INFO process_modis - Step: loading BT datasets for MOD021KM.A2024180.0950.061.2024180220646.hdf
2026-06-03 16:08:26,183 INFO run_pipeline - [process] 2026-06-03 16:08:26,183 INFO process_modis - Processing granule MOD021KM.A2024180.1920.061.2024181073111.hdf timestamp=20240628T1920 matched_L2=MOD35_L2.A2024180.1920.061.2024181073308.hdf
2026-06-03 16:08:26,183 INFO run_pipeline - [process] 2026-06-03 16:08:26,183 INFO process_modis - Step: loading BT datasets for MOD021KM.A2024180.1920.061.2024181073111.hdf
2026-06-03 16:08:26,184 INFO run_pipeline - [process] 2026-06-03 16:08:26,184 INFO process_modis - Processing granule MOD021KM.A2024180.2055.061.2024181073031.hdf timestamp=20240628T2055 matched_L2=MOD35_L2.A2024180.2055.061.2024181073217.hdf
2026-06-03 16:08:26,185 INFO run_pipeline - [process] 2026-06-03 16:08:26,185 INFO process_modis - Processing granule MOD021KM.A2024180.2100.061.2024181073126.hdf timestamp=20240628T2100 matched_L2=MOD35_L2.A2024180.2100.061.2024181073356.hdf
2026-06-03 16:08:26,185 INFO run_pipeline - [process] 2026-06-03 16:08:26,185 INFO process_modis - Step: loading BT datasets for MOD021KM.A2024180.2055.061.2024181073031.hdf
2026-06-03 16:08:26,187 INFO run_pipeline - [process] 2026-06-03 16:08:26,185 INFO process_modis - Step: loading BT datasets for MOD021KM.A2024180.2100.061.2024181073126.hdf
2026-06-03 16:08:28,447 INFO run_pipeline - [process] 2026-06-03 16:08:28,447 INFO process_modis - Step: loaded BT datasets for MOD021KM.A2024180.1920.061.2024181073111.hdf: bt_ir_105,bt_wv_63
2026-06-03 16:08:28,467 INFO run_pipeline - [process] 2026-06-03 16:08:28,466 INFO process_modis - Step: loaded BT datasets for MOD021KM.A2024180.0815.061.2024180222722.hdf: bt_ir_105,bt_wv_63
2026-06-03 16:08:28,491 INFO run_pipeline - [process] 2026-06-03 16:08:28,491 INFO process_modis - Step: loaded BT datasets for MOD021KM.A2024180.2055.061.2024181073031.hdf: bt_ir_105,bt_wv_63
2026-06-03 16:08:28,522 INFO run_pipeline - [process] 2026-06-03 16:08:28,522 INFO process_modis - Step: loaded BT datasets for MOD021KM.A2024180.2100.061.2024181073126.hdf: bt_ir_105,bt_wv_63
2026-06-03 16:08:28,553 INFO run_pipeline - [process] 2026-06-03 16:08:28,553 INFO process_modis - Step: loaded BT datasets for MOD021KM.A2024180.0950.061.2024180220646.hdf: bt_ir_105,bt_wv_63
2026-06-03 16:11:47,975 INFO run_pipeline - [process] 2026-06-03 16:11:47,974 INFO process_modis - Step: keeping native L1 grid for ir_105
2026-06-03 16:11:48,234 INFO run_pipeline - [process] 2026-06-03 16:11:48,234 INFO process_modis - Step: keeping native L1 grid for wv_63
2026-06-03 16:11:48,732 INFO run_pipeline - [process] 2026-06-03 16:11:48,731 INFO process_modis - Step: loading/resampling cloud mask from MOD35_L2.A2024180.2100.061.2024181073356.hdf
2026-06-03 16:11:48,732 INFO run_pipeline - [process] 2026-06-03 16:11:48,732 INFO process_modis - Step: keeping native L1 grid for cloud mask
2026-06-03 16:11:48,738 INFO run_pipeline - [process] 2026-06-03 16:11:48,738 INFO process_modis - Step: prepared Dataset for MOD021KM.A2024180.2100.061.2024181073126.hdf with vars=bt_ir_105,bt_wv_63,cloud_mask coords=time,crs,latitude,longitude
2026-06-03 16:11:50,474 INFO run_pipeline - [process] 2026-06-03 16:11:50,470 INFO process_modis - Wrote /sat_data/modis/processed/2024/06/28/20240628T2100_modis_terra_bt_ir_105_bt_wv_63_cloud_mask.nc
2026-06-03 16:11:59,887 INFO run_pipeline - [process] 2026-06-03 16:11:59,886 INFO process_modis - Step: keeping native L1 grid for ir_105
2026-06-03 16:12:00,206 INFO run_pipeline - [process] 2026-06-03 16:12:00,206 INFO process_modis - Step: keeping native L1 grid for wv_63
2026-06-03 16:12:00,733 INFO run_pipeline - [process] 2026-06-03 16:12:00,733 INFO process_modis - Step: loading/resampling cloud mask from MOD35_L2.A2024180.2055.061.2024181073217.hdf
2026-06-03 16:12:00,733 INFO run_pipeline - [process] 2026-06-03 16:12:00,733 INFO process_modis - Step: keeping native L1 grid for cloud mask
2026-06-03 16:12:00,738 INFO run_pipeline - [process] 2026-06-03 16:12:00,737 INFO process_modis - Step: prepared Dataset for MOD021KM.A2024180.2055.061.2024181073031.hdf with vars=bt_ir_105,bt_wv_63,cloud_mask coords=time,crs,latitude,longitude
2026-06-03 16:12:02,310 INFO run_pipeline - [process] 2026-06-03 16:12:02,309 INFO process_modis - Wrote /sat_data/modis/processed/2024/06/28/20240628T2055_modis_terra_bt_ir_105_bt_wv_63_cloud_mask.nc
2026-06-03 16:12:07,343 INFO run_pipeline - [process] 2026-06-03 16:12:07,343 INFO process_modis - Step: keeping native L1 grid for ir_105
2026-06-03 16:12:07,582 INFO run_pipeline - [process] 2026-06-03 16:12:07,582 INFO process_modis - Step: keeping native L1 grid for wv_63
2026-06-03 16:12:08,091 INFO run_pipeline - [process] 2026-06-03 16:12:08,091 INFO process_modis - Step: loading/resampling cloud mask from MOD35_L2.A2024180.0815.061.2024180223041.hdf
2026-06-03 16:12:08,091 INFO run_pipeline - [process] 2026-06-03 16:12:08,091 INFO process_modis - Step: keeping native L1 grid for cloud mask
2026-06-03 16:12:08,095 INFO run_pipeline - [process] 2026-06-03 16:12:08,095 INFO process_modis - Step: prepared Dataset for MOD021KM.A2024180.0815.061.2024180222722.hdf with vars=bt_ir_105,bt_wv_63,cloud_mask coords=time,crs,latitude,longitude
2026-06-03 16:12:09,501 INFO run_pipeline - [process] 2026-06-03 16:12:09,500 INFO process_modis - Wrote /sat_data/modis/processed/2024/06/28/20240628T0815_modis_terra_bt_ir_105_bt_wv_63_cloud_mask.nc
2026-06-03 16:12:13,851 INFO run_pipeline - [process] 2026-06-03 16:12:13,850 INFO process_modis - Step: keeping native L1 grid for ir_105
2026-06-03 16:12:14,144 INFO run_pipeline - [process] 2026-06-03 16:12:14,144 INFO process_modis - Step: keeping native L1 grid for wv_63
2026-06-03 16:12:14,575 INFO run_pipeline - [process] 2026-06-03 16:12:14,574 INFO process_modis - Step: loading/resampling cloud mask from MOD35_L2.A2024180.1920.061.2024181073308.hdf
2026-06-03 16:12:14,575 INFO run_pipeline - [process] 2026-06-03 16:12:14,574 INFO process_modis - Step: keeping native L1 grid for cloud mask
2026-06-03 16:12:14,581 INFO run_pipeline - [process] 2026-06-03 16:12:14,580 INFO process_modis - Step: prepared Dataset for MOD021KM.A2024180.1920.061.2024181073111.hdf with vars=bt_ir_105,bt_wv_63,cloud_mask coords=time,crs,latitude,longitude
2026-06-03 16:12:16,075 INFO run_pipeline - [process] 2026-06-03 16:12:16,075 INFO process_modis - Wrote /sat_data/modis/processed/2024/06/28/20240628T1920_modis_terra_bt_ir_105_bt_wv_63_cloud_mask.nc
2026-06-03 16:12:17,995 INFO run_pipeline - [process] 2026-06-03 16:12:17,994 INFO process_modis - Step: keeping native L1 grid for ir_105
2026-06-03 16:12:18,253 INFO run_pipeline - [process] 2026-06-03 16:12:18,253 INFO process_modis - Step: keeping native L1 grid for wv_63
2026-06-03 16:12:18,741 INFO run_pipeline - [process] 2026-06-03 16:12:18,740 INFO process_modis - Step: loading/resampling cloud mask from MOD35_L2.A2024180.0950.061.2024180221029.hdf
2026-06-03 16:12:18,741 INFO run_pipeline - [process] 2026-06-03 16:12:18,741 INFO process_modis - Step: keeping native L1 grid for cloud mask
2026-06-03 16:12:18,745 INFO run_pipeline - [process] 2026-06-03 16:12:18,745 INFO process_modis - Step: prepared Dataset for MOD021KM.A2024180.0950.061.2024180220646.hdf with vars=bt_ir_105,bt_wv_63,cloud_mask coords=time,crs,latitude,longitude
2026-06-03 16:12:20,303 INFO run_pipeline - [process] 2026-06-03 16:12:20,302 INFO process_modis - Wrote /sat_data/modis/processed/2024/06/28/20240628T0950_modis_terra_bt_ir_105_bt_wv_63_cloud_mask.nc
2026-06-03 16:12:20,476 INFO run_pipeline - [process] 2026-06-03 16:12:20,475 INFO process_modis - Processed 5 files for terra in /sat_data/modis/raw/radiances/2024/06/28
2026-06-03 16:12:20,477 INFO run_pipeline - [process] 2026-06-03 16:12:20,477 INFO process_modis - Day aqua /sat_data/modis/raw/radiances/2024/06/28: found 6 L1 files and 6 L2 files (dir totals: 11 radiance, 11 cloud)
2026-06-03 16:12:20,477 INFO run_pipeline - [process] 2026-06-03 16:12:20,477 INFO process_modis - Processing 6 granules with 5 workers
2026-06-03 16:12:20,478 INFO run_pipeline - [process] 2026-06-03 16:12:20,478 INFO process_modis - Processing granule MYD021KM.A2024180.0155.061.2024180213005.hdf timestamp=20240628T0155 matched_L2=MYD35_L2.A2024180.0155.061.2024180213212.hdf
2026-06-03 16:12:20,478 INFO run_pipeline - [process] 2026-06-03 16:12:20,478 INFO process_modis - Step: loading BT datasets for MYD021KM.A2024180.0155.061.2024180213005.hdf
2026-06-03 16:12:20,479 INFO run_pipeline - [process] 2026-06-03 16:12:20,479 INFO process_modis - Processing granule MYD021KM.A2024180.0200.061.2024180211505.hdf timestamp=20240628T0200 matched_L2=MYD35_L2.A2024180.0200.061.2024180211737.hdf
2026-06-03 16:12:20,479 INFO run_pipeline - [process] 2026-06-03 16:12:20,479 INFO process_modis - Step: loading BT datasets for MYD021KM.A2024180.0200.061.2024180211505.hdf
2026-06-03 16:12:20,492 INFO run_pipeline - [process] 2026-06-03 16:12:20,492 INFO process_modis - Processing granule MYD021KM.A2024180.0335.061.2024180195020.hdf timestamp=20240628T0335 matched_L2=MYD35_L2.A2024180.0335.061.2024180195129.hdf
2026-06-03 16:12:20,492 INFO run_pipeline - [process] 2026-06-03 16:12:20,492 INFO process_modis - Step: loading BT datasets for MYD021KM.A2024180.0335.061.2024180195020.hdf
2026-06-03 16:12:20,571 INFO run_pipeline - [process] 2026-06-03 16:12:20,571 INFO process_modis - Processing granule MYD021KM.A2024180.1125.061.2024181160836.hdf timestamp=20240628T1125 matched_L2=MYD35_L2.A2024180.1125.061.2024181161338.hdf
2026-06-03 16:12:20,572 INFO run_pipeline - [process] 2026-06-03 16:12:20,571 INFO process_modis - Step: loading BT datasets for MYD021KM.A2024180.1125.061.2024181160836.hdf
2026-06-03 16:12:20,628 INFO run_pipeline - [process] 2026-06-03 16:12:20,628 INFO process_modis - Processing granule MYD021KM.A2024180.1130.061.2024181160848.hdf timestamp=20240628T1130 matched_L2=MYD35_L2.A2024180.1130.061.2024181161211.hdf
2026-06-03 16:12:20,629 INFO run_pipeline - [process] 2026-06-03 16:12:20,628 INFO process_modis - Step: loading BT datasets for MYD021KM.A2024180.1130.061.2024181160848.hdf
2026-06-03 16:12:21,921 INFO run_pipeline - [process] 2026-06-03 16:12:21,921 INFO process_modis - Step: loaded BT datasets for MYD021KM.A2024180.1130.061.2024181160848.hdf: bt_ir_105,bt_wv_63
2026-06-03 16:12:21,928 INFO run_pipeline - [process] 2026-06-03 16:12:21,927 INFO process_modis - Step: loaded BT datasets for MYD021KM.A2024180.0155.061.2024180213005.hdf: bt_ir_105,bt_wv_63
2026-06-03 16:12:21,980 INFO run_pipeline - [process] 2026-06-03 16:12:21,980 INFO process_modis - Step: loaded BT datasets for MYD021KM.A2024180.1125.061.2024181160836.hdf: bt_ir_105,bt_wv_63
2026-06-03 16:12:22,016 INFO run_pipeline - [process] 2026-06-03 16:12:22,015 INFO process_modis - Step: loaded BT datasets for MYD021KM.A2024180.0335.061.2024180195020.hdf: bt_ir_105,bt_wv_63
2026-06-03 16:12:22,059 INFO run_pipeline - [process] 2026-06-03 16:12:22,058 INFO process_modis - Step: loaded BT datasets for MYD021KM.A2024180.0200.061.2024180211505.hdf: bt_ir_105,bt_wv_63
2026-06-03 16:15:34,495 INFO run_pipeline - [process] 2026-06-03 16:15:34,494 INFO process_modis - Step: keeping native L1 grid for ir_105
2026-06-03 16:15:34,749 INFO run_pipeline - [process] 2026-06-03 16:15:34,749 INFO process_modis - Step: keeping native L1 grid for wv_63
2026-06-03 16:15:35,421 INFO run_pipeline - [process] 2026-06-03 16:15:35,420 INFO process_modis - Step: loading/resampling cloud mask from MYD35_L2.A2024180.0200.061.2024180211737.hdf
2026-06-03 16:15:35,421 INFO run_pipeline - [process] 2026-06-03 16:15:35,420 INFO process_modis - Step: keeping native L1 grid for cloud mask
2026-06-03 16:15:35,425 INFO run_pipeline - [process] 2026-06-03 16:15:35,425 INFO process_modis - Step: prepared Dataset for MYD021KM.A2024180.0200.061.2024180211505.hdf with vars=bt_ir_105,bt_wv_63,cloud_mask coords=time,crs,latitude,longitude
2026-06-03 16:15:36,995 INFO run_pipeline - [process] 2026-06-03 16:15:36,994 INFO process_modis - Wrote /sat_data/modis/processed/2024/06/28/20240628T0200_modis_aqua_bt_ir_105_bt_wv_63_cloud_mask.nc
2026-06-03 16:15:37,173 INFO run_pipeline - [process] 2026-06-03 16:15:37,173 INFO process_modis - Processing granule MYD021KM.A2024180.1305.061.2024181160616.hdf timestamp=20240628T1305 matched_L2=MYD35_L2.A2024180.1305.061.2024181161013.hdf
2026-06-03 16:15:37,174 INFO run_pipeline - [process] 2026-06-03 16:15:37,173 INFO process_modis - Step: loading BT datasets for MYD021KM.A2024180.1305.061.2024181160616.hdf
2026-06-03 16:15:37,734 INFO run_pipeline - [process] 2026-06-03 16:15:37,734 INFO process_modis - Step: loaded BT datasets for MYD021KM.A2024180.1305.061.2024181160616.hdf: bt_ir_105,bt_wv_63
2026-06-03 16:16:05,539 INFO run_pipeline - [process] 2026-06-03 16:16:05,538 INFO process_modis - Step: keeping native L1 grid for ir_105
2026-06-03 16:16:05,778 INFO run_pipeline - [process] 2026-06-03 16:16:05,778 INFO process_modis - Step: keeping native L1 grid for wv_63
2026-06-03 16:16:06,299 INFO run_pipeline - [process] 2026-06-03 16:16:06,299 INFO process_modis - Step: loading/resampling cloud mask from MYD35_L2.A2024180.1125.061.2024181161338.hdf
2026-06-03 16:16:06,299 INFO run_pipeline - [process] 2026-06-03 16:16:06,299 INFO process_modis - Step: keeping native L1 grid for cloud mask
2026-06-03 16:16:06,304 INFO run_pipeline - [process] 2026-06-03 16:16:06,303 INFO process_modis - Step: prepared Dataset for MYD021KM.A2024180.1125.061.2024181160836.hdf with vars=bt_ir_105,bt_wv_63,cloud_mask coords=time,crs,latitude,longitude
2026-06-03 16:16:07,942 INFO run_pipeline - [process] 2026-06-03 16:16:07,941 INFO process_modis - Wrote /sat_data/modis/processed/2024/06/28/20240628T1125_modis_aqua_bt_ir_105_bt_wv_63_cloud_mask.nc
2026-06-03 16:16:11,529 INFO run_pipeline - [process] 2026-06-03 16:16:11,529 INFO process_modis - Step: keeping native L1 grid for ir_105
2026-06-03 16:16:11,766 INFO run_pipeline - [process] 2026-06-03 16:16:11,766 INFO process_modis - Step: keeping native L1 grid for wv_63
2026-06-03 16:16:12,335 INFO run_pipeline - [process] 2026-06-03 16:16:12,334 INFO process_modis - Step: loading/resampling cloud mask from MYD35_L2.A2024180.1130.061.2024181161211.hdf
2026-06-03 16:16:12,335 INFO run_pipeline - [process] 2026-06-03 16:16:12,335 INFO process_modis - Step: keeping native L1 grid for cloud mask
2026-06-03 16:16:12,339 INFO run_pipeline - [process] 2026-06-03 16:16:12,339 INFO process_modis - Step: prepared Dataset for MYD021KM.A2024180.1130.061.2024181160848.hdf with vars=bt_ir_105,bt_wv_63,cloud_mask coords=time,crs,latitude,longitude
2026-06-03 16:16:13,980 INFO run_pipeline - [process] 2026-06-03 16:16:13,980 INFO process_modis - Wrote /sat_data/modis/processed/2024/06/28/20240628T1130_modis_aqua_bt_ir_105_bt_wv_63_cloud_mask.nc
2026-06-03 16:16:35,898 INFO run_pipeline - [process] 2026-06-03 16:16:35,897 INFO process_modis - Step: keeping native L1 grid for ir_105
2026-06-03 16:16:36,139 INFO run_pipeline - [process] 2026-06-03 16:16:36,139 INFO process_modis - Step: keeping native L1 grid for wv_63
2026-06-03 16:16:36,694 INFO run_pipeline - [process] 2026-06-03 16:16:36,694 INFO process_modis - Step: loading/resampling cloud mask from MYD35_L2.A2024180.0155.061.2024180213212.hdf
2026-06-03 16:16:36,694 INFO run_pipeline - [process] 2026-06-03 16:16:36,694 INFO process_modis - Step: keeping native L1 grid for cloud mask
2026-06-03 16:16:36,698 INFO run_pipeline - [process] 2026-06-03 16:16:36,698 INFO process_modis - Step: prepared Dataset for MYD021KM.A2024180.0155.061.2024180213005.hdf with vars=bt_ir_105,bt_wv_63,cloud_mask coords=time,crs,latitude,longitude
2026-06-03 16:16:37,637 INFO run_pipeline - [process] 2026-06-03 16:16:37,637 INFO process_modis - Step: keeping native L1 grid for ir_105
2026-06-03 16:16:37,925 INFO run_pipeline - [process] 2026-06-03 16:16:37,925 INFO process_modis - Step: keeping native L1 grid for wv_63
2026-06-03 16:16:38,175 INFO run_pipeline - [process] 2026-06-03 16:16:38,175 INFO process_modis - Wrote /sat_data/modis/processed/2024/06/28/20240628T0155_modis_aqua_bt_ir_105_bt_wv_63_cloud_mask.nc
2026-06-03 16:16:38,426 INFO run_pipeline - [process] 2026-06-03 16:16:38,426 INFO process_modis - Step: loading/resampling cloud mask from MYD35_L2.A2024180.0335.061.2024180195129.hdf
2026-06-03 16:16:38,426 INFO run_pipeline - [process] 2026-06-03 16:16:38,426 INFO process_modis - Step: keeping native L1 grid for cloud mask
2026-06-03 16:16:38,430 INFO run_pipeline - [process] 2026-06-03 16:16:38,430 INFO process_modis - Step: prepared Dataset for MYD021KM.A2024180.0335.061.2024180195020.hdf with vars=bt_ir_105,bt_wv_63,cloud_mask coords=time,crs,latitude,longitude
2026-06-03 16:16:39,880 INFO run_pipeline - [process] 2026-06-03 16:16:39,880 INFO process_modis - Wrote /sat_data/modis/processed/2024/06/28/20240628T0335_modis_aqua_bt_ir_105_bt_wv_63_cloud_mask.nc
2026-06-03 16:16:55,801 INFO run_pipeline - [process] 2026-06-03 16:16:55,800 INFO process_modis - Step: keeping native L1 grid for ir_105
2026-06-03 16:16:56,056 INFO run_pipeline - [process] 2026-06-03 16:16:56,056 INFO process_modis - Step: keeping native L1 grid for wv_63
2026-06-03 16:16:56,532 INFO run_pipeline - [process] 2026-06-03 16:16:56,531 INFO process_modis - Step: loading/resampling cloud mask from MYD35_L2.A2024180.1305.061.2024181161013.hdf
2026-06-03 16:16:56,532 INFO run_pipeline - [process] 2026-06-03 16:16:56,532 INFO process_modis - Step: keeping native L1 grid for cloud mask
2026-06-03 16:16:56,539 INFO run_pipeline - [process] 2026-06-03 16:16:56,539 INFO process_modis - Step: prepared Dataset for MYD021KM.A2024180.1305.061.2024181160616.hdf with vars=bt_ir_105,bt_wv_63,cloud_mask coords=time,crs,latitude,longitude
2026-06-03 16:16:58,112 INFO run_pipeline - [process] 2026-06-03 16:16:58,112 INFO process_modis - Wrote /sat_data/modis/processed/2024/06/28/20240628T1305_modis_aqua_bt_ir_105_bt_wv_63_cloud_mask.nc
2026-06-03 16:16:58,292 INFO run_pipeline - [process] 2026-06-03 16:16:58,292 INFO process_modis - Processed 6 files for aqua in /sat_data/modis/raw/radiances/2024/06/28
2026-06-03 16:16:58,715 INFO run_pipeline - Finished process in 513.58s with return code 0
2026-06-03 16:16:58,716 INFO run_pipeline - Starting upload: /home/Daniele/miniforge3/envs/satpy/bin/python /home/Daniele/codes/MODIS-processing/scripts/2_upload_s3.py --config /home/Daniele/codes/MODIS-processing/config/pipeline_config.yaml --credentials /home/Daniele/codes/MODIS-processing/s3_credentials.py --date 2024-06-28 --log-level INFO --verify
2026-06-03 16:17:02,740 INFO run_pipeline - [upload] 2026-06-03 16:17:02,740 INFO upload_s3 - Uploaded 11 files
2026-06-03 16:17:02,985 INFO run_pipeline - Finished upload in 4.27s with return code 0
2026-06-03 16:17:02,985 INFO run_pipeline - Batch 2024-06-28 finished in download=30.34s process=513.58s upload=4.27s | L1=11 L2=11 processed=11 uploaded=11 errors=0 failed_stage=none
2026-06-03 16:17:02,985 INFO run_pipeline - === Batch 2024-06-29 ===
2026-06-03 16:17:02,986 INFO run_pipeline - Starting download: /home/Daniele/miniforge3/envs/satpy/bin/python /home/Daniele/codes/MODIS-processing/scripts/0_download_modis.py --config /home/Daniele/codes/MODIS-processing/config/pipeline_config.yaml --date 2024-06-29 --log-level INFO
2026-06-03 16:17:04,072 INFO run_pipeline - [download] 2026-06-03 16:17:04,071 INFO download_modis - Searching CMR for MOD021KM between 2024-06-29 00:00:00 and 2024-06-30 00:00:00
2026-06-03 16:17:04,449 INFO run_pipeline - [download] 2026-06-03 16:17:04,448 INFO download_modis - Downloading 6 granules with 6 workers for MOD021KM
2026-06-03 16:17:15,099 INFO run_pipeline - [download] 2026-06-03 16:17:15,099 INFO download_modis - Searching CMR for MOD35_L2 between 2024-06-29 00:00:00 and 2024-06-30 00:00:00
2026-06-03 16:17:15,405 INFO run_pipeline - [download] 2026-06-03 16:17:15,405 INFO download_modis - Downloading 6 granules with 6 workers for MOD35_L2
2026-06-03 16:17:19,535 INFO run_pipeline - [download] 2026-06-03 16:17:19,534 INFO download_modis - terra [2024-06-29 - 2024-06-30] L1 downloaded=6 skipped=6 | L2 downloaded=6 skipped=0
2026-06-03 16:17:19,535 INFO run_pipeline - [download] 2026-06-03 16:17:19,534 INFO download_modis - Searching CMR for MYD021KM between 2024-06-29 00:00:00 and 2024-06-30 00:00:00
2026-06-03 16:17:19,868 INFO run_pipeline - [download] 2026-06-03 16:17:19,868 INFO download_modis - Downloading 6 granules with 6 workers for MYD021KM
2026-06-03 16:17:28,563 INFO run_pipeline - [download] 2026-06-03 16:17:28,563 INFO download_modis - Searching CMR for MYD35_L2 between 2024-06-29 00:00:00 and 2024-06-30 00:00:00
2026-06-03 16:17:28,881 INFO run_pipeline - [download] 2026-06-03 16:17:28,881 INFO download_modis - Downloading 6 granules with 6 workers for MYD35_L2
2026-06-03 16:17:33,154 INFO run_pipeline - [download] 2026-06-03 16:17:33,154 INFO download_modis - aqua [2024-06-29 - 2024-06-30] L1 downloaded=6 skipped=6 | L2 downloaded=6 skipped=0
2026-06-03 16:17:33,351 INFO run_pipeline - Finished download in 30.36s with return code 0
2026-06-03 16:17:33,352 INFO run_pipeline - Starting process: /home/Daniele/miniforge3/envs/satpy/bin/python /home/Daniele/codes/MODIS-processing/scripts/1_process_modis.py --config /home/Daniele/codes/MODIS-processing/config/pipeline_config.yaml --date 2024-06-29 --log-level INFO
2026-06-03 16:17:34,411 INFO run_pipeline - [process] 2026-06-03 16:17:34,410 INFO process_modis - Day terra /sat_data/modis/raw/radiances/2024/06/29: found 6 L1 files and 6 L2 files (dir totals: 12 radiance, 12 cloud)
2026-06-03 16:17:34,411 INFO run_pipeline - [process] 2026-06-03 16:17:34,411 INFO process_modis - Processing 6 granules with 5 workers
2026-06-03 16:17:34,412 INFO run_pipeline - [process] 2026-06-03 16:17:34,411 INFO process_modis - Processing granule MOD021KM.A2024181.0850.061.2024181195319.hdf timestamp=20240629T0850 matched_L2=MOD35_L2.A2024181.0850.061.2024181195737.hdf
2026-06-03 16:17:34,412 INFO run_pipeline - [process] 2026-06-03 16:17:34,412 INFO process_modis - Step: loading BT datasets for MOD021KM.A2024181.0850.061.2024181195319.hdf
2026-06-03 16:17:34,412 INFO run_pipeline - [process] 2026-06-03 16:17:34,412 INFO process_modis - Processing granule MOD021KM.A2024181.0855.061.2024181192643.hdf timestamp=20240629T0855 matched_L2=MOD35_L2.A2024181.0855.061.2024181192915.hdf
2026-06-03 16:17:34,412 INFO run_pipeline - [process] 2026-06-03 16:17:34,412 INFO process_modis - Step: loading BT datasets for MOD021KM.A2024181.0855.061.2024181192643.hdf
2026-06-03 16:17:34,413 INFO run_pipeline - [process] 2026-06-03 16:17:34,413 INFO process_modis - Processing granule MOD021KM.A2024181.1030.061.2024181193102.hdf timestamp=20240629T1030 matched_L2=MOD35_L2.A2024181.1030.061.2024181193515.hdf
2026-06-03 16:17:34,413 INFO run_pipeline - [process] 2026-06-03 16:17:34,413 INFO process_modis - Step: loading BT datasets for MOD021KM.A2024181.1030.061.2024181193102.hdf
2026-06-03 16:17:34,414 INFO run_pipeline - [process] 2026-06-03 16:17:34,414 INFO process_modis - Processing granule MOD021KM.A2024181.2000.061.2024182073812.hdf timestamp=20240629T2000 matched_L2=MOD35_L2.A2024181.2000.061.2024182073946.hdf
2026-06-03 16:17:34,414 INFO run_pipeline - [process] 2026-06-03 16:17:34,414 INFO process_modis - Step: loading BT datasets for MOD021KM.A2024181.2000.061.2024182073812.hdf
2026-06-03 16:17:34,415 INFO run_pipeline - [process] 2026-06-03 16:17:34,414 INFO process_modis - Processing granule MOD021KM.A2024181.2135.061.2024182073703.hdf timestamp=20240629T2135 matched_L2=MOD35_L2.A2024181.2135.061.2024182073809.hdf
2026-06-03 16:17:34,415 INFO run_pipeline - [process] 2026-06-03 16:17:34,415 INFO process_modis - Step: loading BT datasets for MOD021KM.A2024181.2135.061.2024182073703.hdf
2026-06-03 16:17:36,608 INFO run_pipeline - [process] 2026-06-03 16:17:36,607 INFO process_modis - Step: loaded BT datasets for MOD021KM.A2024181.2135.061.2024182073703.hdf: bt_ir_105,bt_wv_63
2026-06-03 16:17:36,632 INFO run_pipeline - [process] 2026-06-03 16:17:36,632 INFO process_modis - Step: loaded BT datasets for MOD021KM.A2024181.0850.061.2024181195319.hdf: bt_ir_105,bt_wv_63
2026-06-03 16:17:36,644 INFO run_pipeline - [process] 2026-06-03 16:17:36,644 INFO process_modis - Step: loaded BT datasets for MOD021KM.A2024181.2000.061.2024182073812.hdf: bt_ir_105,bt_wv_63
2026-06-03 16:17:36,704 INFO run_pipeline - [process] 2026-06-03 16:17:36,704 INFO process_modis - Step: loaded BT datasets for MOD021KM.A2024181.1030.061.2024181193102.hdf: bt_ir_105,bt_wv_63
2026-06-03 16:17:36,729 INFO run_pipeline - [process] 2026-06-03 16:17:36,729 INFO process_modis - Step: loaded BT datasets for MOD021KM.A2024181.0855.061.2024181192643.hdf: bt_ir_105,bt_wv_63
2026-06-03 16:20:54,491 INFO run_pipeline - [process] 2026-06-03 16:20:54,488 INFO process_modis - Step: keeping native L1 grid for ir_105
2026-06-03 16:20:54,757 INFO run_pipeline - [process] 2026-06-03 16:20:54,757 INFO process_modis - Step: keeping native L1 grid for wv_63
2026-06-03 16:20:55,259 INFO run_pipeline - [process] 2026-06-03 16:20:55,259 INFO process_modis - Step: loading/resampling cloud mask from MOD35_L2.A2024181.2135.061.2024182073809.hdf
2026-06-03 16:20:55,259 INFO run_pipeline - [process] 2026-06-03 16:20:55,259 INFO process_modis - Step: keeping native L1 grid for cloud mask
2026-06-03 16:20:55,268 INFO run_pipeline - [process] 2026-06-03 16:20:55,268 INFO process_modis - Step: prepared Dataset for MOD021KM.A2024181.2135.061.2024182073703.hdf with vars=bt_ir_105,bt_wv_63,cloud_mask coords=time,crs,latitude,longitude
2026-06-03 16:20:57,021 INFO run_pipeline - [process] 2026-06-03 16:20:57,020 INFO process_modis - Wrote /sat_data/modis/processed/2024/06/29/20240629T2135_modis_terra_bt_ir_105_bt_wv_63_cloud_mask.nc
2026-06-03 16:20:57,195 INFO run_pipeline - [process] 2026-06-03 16:20:57,194 INFO process_modis - Processing granule MOD021KM.A2024181.2140.061.2024182073728.hdf timestamp=20240629T2140 matched_L2=MOD35_L2.A2024181.2140.061.2024182073923.hdf
2026-06-03 16:20:57,195 INFO run_pipeline - [process] 2026-06-03 16:20:57,194 INFO process_modis - Step: loading BT datasets for MOD021KM.A2024181.2140.061.2024182073728.hdf
2026-06-03 16:20:57,894 INFO run_pipeline - [process] 2026-06-03 16:20:57,894 INFO process_modis - Step: loaded BT datasets for MOD021KM.A2024181.2140.061.2024182073728.hdf: bt_ir_105,bt_wv_63
2026-06-03 16:21:25,337 INFO run_pipeline - [process] 2026-06-03 16:21:25,336 INFO process_modis - Step: keeping native L1 grid for ir_105
2026-06-03 16:21:25,641 INFO run_pipeline - [process] 2026-06-03 16:21:25,641 INFO process_modis - Step: keeping native L1 grid for wv_63
2026-06-03 16:21:26,122 INFO run_pipeline - [process] 2026-06-03 16:21:26,122 INFO process_modis - Step: loading/resampling cloud mask from MOD35_L2.A2024181.1030.061.2024181193515.hdf
2026-06-03 16:21:26,123 INFO run_pipeline - [process] 2026-06-03 16:21:26,122 INFO process_modis - Step: keeping native L1 grid for cloud mask
2026-06-03 16:21:26,127 INFO run_pipeline - [process] 2026-06-03 16:21:26,127 INFO process_modis - Step: prepared Dataset for MOD021KM.A2024181.1030.061.2024181193102.hdf with vars=bt_ir_105,bt_wv_63,cloud_mask coords=time,crs,latitude,longitude
2026-06-03 16:21:29,637 INFO run_pipeline - [process] 2026-06-03 16:21:29,637 INFO process_modis - Wrote /sat_data/modis/processed/2024/06/29/20240629T1030_modis_terra_bt_ir_105_bt_wv_63_cloud_mask.nc
2026-06-03 16:21:32,990 INFO run_pipeline - [process] 2026-06-03 16:21:32,989 INFO process_modis - Step: keeping native L1 grid for ir_105
2026-06-03 16:21:33,237 INFO run_pipeline - [process] 2026-06-03 16:21:33,237 INFO process_modis - Step: keeping native L1 grid for wv_63
2026-06-03 16:21:33,742 INFO run_pipeline - [process] 2026-06-03 16:21:33,742 INFO process_modis - Step: loading/resampling cloud mask from MOD35_L2.A2024181.2000.061.2024182073946.hdf
2026-06-03 16:21:33,742 INFO run_pipeline - [process] 2026-06-03 16:21:33,742 INFO process_modis - Step: keeping native L1 grid for cloud mask
2026-06-03 16:21:33,746 INFO run_pipeline - [process] 2026-06-03 16:21:33,746 INFO process_modis - Step: prepared Dataset for MOD021KM.A2024181.2000.061.2024182073812.hdf with vars=bt_ir_105,bt_wv_63,cloud_mask coords=time,crs,latitude,longitude
2026-06-03 16:21:35,377 INFO run_pipeline - [process] 2026-06-03 16:21:35,377 INFO process_modis - Wrote /sat_data/modis/processed/2024/06/29/20240629T2000_modis_terra_bt_ir_105_bt_wv_63_cloud_mask.nc
2026-06-03 16:21:38,948 INFO run_pipeline - [process] 2026-06-03 16:21:38,947 INFO process_modis - Step: keeping native L1 grid for ir_105
2026-06-03 16:21:39,222 INFO run_pipeline - [process] 2026-06-03 16:21:39,221 INFO process_modis - Step: keeping native L1 grid for wv_63
2026-06-03 16:21:39,675 INFO run_pipeline - [process] 2026-06-03 16:21:39,675 INFO process_modis - Step: loading/resampling cloud mask from MOD35_L2.A2024181.0850.061.2024181195737.hdf
2026-06-03 16:21:39,675 INFO run_pipeline - [process] 2026-06-03 16:21:39,675 INFO process_modis - Step: keeping native L1 grid for cloud mask
2026-06-03 16:21:39,680 INFO run_pipeline - [process] 2026-06-03 16:21:39,679 INFO process_modis - Step: prepared Dataset for MOD021KM.A2024181.0850.061.2024181195319.hdf with vars=bt_ir_105,bt_wv_63,cloud_mask coords=time,crs,latitude,longitude
2026-06-03 16:21:41,259 INFO run_pipeline - [process] 2026-06-03 16:21:41,258 INFO process_modis - Wrote /sat_data/modis/processed/2024/06/29/20240629T0850_modis_terra_bt_ir_105_bt_wv_63_cloud_mask.nc
2026-06-03 16:21:47,596 INFO run_pipeline - [process] 2026-06-03 16:21:47,595 INFO process_modis - Step: keeping native L1 grid for ir_105
2026-06-03 16:21:47,860 INFO run_pipeline - [process] 2026-06-03 16:21:47,859 INFO process_modis - Step: keeping native L1 grid for wv_63
2026-06-03 16:21:48,493 INFO run_pipeline - [process] 2026-06-03 16:21:48,493 INFO process_modis - Step: loading/resampling cloud mask from MOD35_L2.A2024181.0855.061.2024181192915.hdf
2026-06-03 16:21:48,493 INFO run_pipeline - [process] 2026-06-03 16:21:48,493 INFO process_modis - Step: keeping native L1 grid for cloud mask
2026-06-03 16:21:48,497 INFO run_pipeline - [process] 2026-06-03 16:21:48,497 INFO process_modis - Step: prepared Dataset for MOD021KM.A2024181.0855.061.2024181192643.hdf with vars=bt_ir_105,bt_wv_63,cloud_mask coords=time,crs,latitude,longitude
2026-06-03 16:21:49,967 INFO run_pipeline - [process] 2026-06-03 16:21:49,967 INFO process_modis - Wrote /sat_data/modis/processed/2024/06/29/20240629T0855_modis_terra_bt_ir_105_bt_wv_63_cloud_mask.nc
2026-06-03 16:22:06,246 INFO run_pipeline - [process] 2026-06-03 16:22:06,245 INFO process_modis - Step: keeping native L1 grid for ir_105
2026-06-03 16:22:06,507 INFO run_pipeline - [process] 2026-06-03 16:22:06,507 INFO process_modis - Step: keeping native L1 grid for wv_63
2026-06-03 16:22:06,937 INFO run_pipeline - [process] 2026-06-03 16:22:06,937 INFO process_modis - Step: loading/resampling cloud mask from MOD35_L2.A2024181.2140.061.2024182073923.hdf
2026-06-03 16:22:06,938 INFO run_pipeline - [process] 2026-06-03 16:22:06,937 INFO process_modis - Step: keeping native L1 grid for cloud mask
2026-06-03 16:22:06,942 INFO run_pipeline - [process] 2026-06-03 16:22:06,942 INFO process_modis - Step: prepared Dataset for MOD021KM.A2024181.2140.061.2024182073728.hdf with vars=bt_ir_105,bt_wv_63,cloud_mask coords=time,crs,latitude,longitude
2026-06-03 16:22:08,413 INFO run_pipeline - [process] 2026-06-03 16:22:08,413 INFO process_modis - Wrote /sat_data/modis/processed/2024/06/29/20240629T2140_modis_terra_bt_ir_105_bt_wv_63_cloud_mask.nc
2026-06-03 16:22:08,589 INFO run_pipeline - [process] 2026-06-03 16:22:08,589 INFO process_modis - Processed 6 files for terra in /sat_data/modis/raw/radiances/2024/06/29
2026-06-03 16:22:08,590 INFO run_pipeline - [process] 2026-06-03 16:22:08,589 INFO process_modis - Day aqua /sat_data/modis/raw/radiances/2024/06/29: found 6 L1 files and 6 L2 files (dir totals: 12 radiance, 12 cloud)
2026-06-03 16:22:08,590 INFO run_pipeline - [process] 2026-06-03 16:22:08,590 INFO process_modis - Processing 6 granules with 5 workers
2026-06-03 16:22:08,590 INFO run_pipeline - [process] 2026-06-03 16:22:08,590 INFO process_modis - Processing granule MYD021KM.A2024181.0100.061.2024181160947.hdf timestamp=20240629T0100 matched_L2=MYD35_L2.A2024181.0100.061.2024181161043.hdf
2026-06-03 16:22:08,590 INFO run_pipeline - [process] 2026-06-03 16:22:08,590 INFO process_modis - Step: loading BT datasets for MYD021KM.A2024181.0100.061.2024181160947.hdf
2026-06-03 16:22:08,591 INFO run_pipeline - [process] 2026-06-03 16:22:08,591 INFO process_modis - Processing granule MYD021KM.A2024181.0235.061.2024181161433.hdf timestamp=20240629T0235 matched_L2=MYD35_L2.A2024181.0235.061.2024181161625.hdf
2026-06-03 16:22:08,591 INFO run_pipeline - [process] 2026-06-03 16:22:08,591 INFO process_modis - Step: loading BT datasets for MYD021KM.A2024181.0235.061.2024181161433.hdf
2026-06-03 16:22:08,599 INFO run_pipeline - [process] 2026-06-03 16:22:08,598 INFO process_modis - Processing granule MYD021KM.A2024181.0240.061.2024181161356.hdf timestamp=20240629T0240 matched_L2=MYD35_L2.A2024181.0240.061.2024181161514.hdf
2026-06-03 16:22:08,599 INFO run_pipeline - [process] 2026-06-03 16:22:08,599 INFO process_modis - Step: loading BT datasets for MYD021KM.A2024181.0240.061.2024181161356.hdf
2026-06-03 16:22:08,757 INFO run_pipeline - [process] 2026-06-03 16:22:08,756 INFO process_modis - Processing granule MYD021KM.A2024181.1205.061.2024182150039.hdf timestamp=20240629T1205 matched_L2=MYD35_L2.A2024181.1205.061.2024182150310.hdf
2026-06-03 16:22:08,757 INFO run_pipeline - [process] 2026-06-03 16:22:08,757 INFO process_modis - Step: loading BT datasets for MYD021KM.A2024181.1205.061.2024182150039.hdf
2026-06-03 16:22:08,950 INFO run_pipeline - [process] 2026-06-03 16:22:08,950 INFO process_modis - Processing granule MYD021KM.A2024181.1210.061.2024182150443.hdf timestamp=20240629T1210 matched_L2=MYD35_L2.A2024181.1210.061.2024182150656.hdf
2026-06-03 16:22:08,950 INFO run_pipeline - [process] 2026-06-03 16:22:08,950 INFO process_modis - Step: loading BT datasets for MYD021KM.A2024181.1210.061.2024182150443.hdf
2026-06-03 16:22:09,768 INFO run_pipeline - [process] 2026-06-03 16:22:09,767 INFO process_modis - Step: loaded BT datasets for MYD021KM.A2024181.0240.061.2024181161356.hdf: bt_ir_105,bt_wv_63
2026-06-03 16:22:09,950 INFO run_pipeline - [process] 2026-06-03 16:22:09,949 INFO process_modis - Step: loaded BT datasets for MYD021KM.A2024181.0100.061.2024181160947.hdf: bt_ir_105,bt_wv_63
2026-06-03 16:22:10,044 INFO run_pipeline - [process] 2026-06-03 16:22:10,044 INFO process_modis - Step: loaded BT datasets for MYD021KM.A2024181.1210.061.2024182150443.hdf: bt_ir_105,bt_wv_63
2026-06-03 16:22:10,069 INFO run_pipeline - [process] 2026-06-03 16:22:10,068 INFO process_modis - Step: loaded BT datasets for MYD021KM.A2024181.0235.061.2024181161433.hdf: bt_ir_105,bt_wv_63
2026-06-03 16:22:10,109 INFO run_pipeline - [process] 2026-06-03 16:22:10,109 INFO process_modis - Step: loaded BT datasets for MYD021KM.A2024181.1205.061.2024182150039.hdf: bt_ir_105,bt_wv_63
2026-06-03 16:25:28,151 INFO run_pipeline - [process] 2026-06-03 16:25:28,150 INFO process_modis - Step: keeping native L1 grid for ir_105
2026-06-03 16:25:28,388 INFO run_pipeline - [process] 2026-06-03 16:25:28,388 INFO process_modis - Step: keeping native L1 grid for wv_63
2026-06-03 16:25:28,956 INFO run_pipeline - [process] 2026-06-03 16:25:28,956 INFO process_modis - Step: loading/resampling cloud mask from MYD35_L2.A2024181.0100.061.2024181161043.hdf
2026-06-03 16:25:28,957 INFO run_pipeline - [process] 2026-06-03 16:25:28,956 INFO process_modis - Step: keeping native L1 grid for cloud mask
2026-06-03 16:25:28,961 INFO run_pipeline - [process] 2026-06-03 16:25:28,961 INFO process_modis - Step: prepared Dataset for MYD021KM.A2024181.0100.061.2024181160947.hdf with vars=bt_ir_105,bt_wv_63,cloud_mask coords=time,crs,latitude,longitude
2026-06-03 16:25:30,595 INFO run_pipeline - [process] 2026-06-03 16:25:30,594 INFO process_modis - Wrote /sat_data/modis/processed/2024/06/29/20240629T0100_modis_aqua_bt_ir_105_bt_wv_63_cloud_mask.nc
2026-06-03 16:25:30,759 INFO run_pipeline - [process] 2026-06-03 16:25:30,758 INFO process_modis - Processing granule MYD021KM.A2024181.1345.061.2024182150235.hdf timestamp=20240629T1345 matched_L2=MYD35_L2.A2024181.1345.061.2024182150450.hdf
2026-06-03 16:25:30,759 INFO run_pipeline - [process] 2026-06-03 16:25:30,758 INFO process_modis - Step: loading BT datasets for MYD021KM.A2024181.1345.061.2024182150235.hdf
2026-06-03 16:25:31,366 INFO run_pipeline - [process] 2026-06-03 16:25:31,365 INFO process_modis - Step: loaded BT datasets for MYD021KM.A2024181.1345.061.2024182150235.hdf: bt_ir_105,bt_wv_63
2026-06-03 16:25:59,113 INFO run_pipeline - [process] 2026-06-03 16:25:59,112 INFO process_modis - Step: keeping native L1 grid for ir_105
2026-06-03 16:25:59,493 INFO run_pipeline - [process] 2026-06-03 16:25:59,493 INFO process_modis - Step: keeping native L1 grid for wv_63
2026-06-03 16:25:59,956 INFO run_pipeline - [process] 2026-06-03 16:25:59,956 INFO process_modis - Step: loading/resampling cloud mask from MYD35_L2.A2024181.0240.061.2024181161514.hdf
2026-06-03 16:25:59,956 INFO run_pipeline - [process] 2026-06-03 16:25:59,956 INFO process_modis - Step: keeping native L1 grid for cloud mask
2026-06-03 16:25:59,960 INFO run_pipeline - [process] 2026-06-03 16:25:59,960 INFO process_modis - Step: prepared Dataset for MYD021KM.A2024181.0240.061.2024181161356.hdf with vars=bt_ir_105,bt_wv_63,cloud_mask coords=time,crs,latitude,longitude
2026-06-03 16:26:02,623 INFO run_pipeline - [process] 2026-06-03 16:26:02,623 INFO process_modis - Step: keeping native L1 grid for ir_105
2026-06-03 16:26:02,991 INFO run_pipeline - [process] 2026-06-03 16:26:02,990 INFO process_modis - Step: keeping native L1 grid for wv_63
2026-06-03 16:26:03,508 INFO run_pipeline - [process] 2026-06-03 16:26:03,508 INFO process_modis - Step: loading/resampling cloud mask from MYD35_L2.A2024181.1210.061.2024182150656.hdf
2026-06-03 16:26:03,509 INFO run_pipeline - [process] 2026-06-03 16:26:03,508 INFO process_modis - Step: keeping native L1 grid for cloud mask
2026-06-03 16:26:03,515 INFO run_pipeline - [process] 2026-06-03 16:26:03,515 INFO process_modis - Step: prepared Dataset for MYD021KM.A2024181.1210.061.2024182150443.hdf with vars=bt_ir_105,bt_wv_63,cloud_mask coords=time,crs,latitude,longitude
2026-06-03 16:26:03,799 INFO run_pipeline - [process] 2026-06-03 16:26:03,799 INFO process_modis - Wrote /sat_data/modis/processed/2024/06/29/20240629T0240_modis_aqua_bt_ir_105_bt_wv_63_cloud_mask.nc
2026-06-03 16:26:05,177 INFO run_pipeline - [process] 2026-06-03 16:26:05,176 INFO process_modis - Step: keeping native L1 grid for ir_105
2026-06-03 16:26:05,479 INFO run_pipeline - [process] 2026-06-03 16:26:05,479 INFO process_modis - Step: keeping native L1 grid for wv_63
2026-06-03 16:26:05,573 INFO run_pipeline - [process] 2026-06-03 16:26:05,572 INFO process_modis - Wrote /sat_data/modis/processed/2024/06/29/20240629T1210_modis_aqua_bt_ir_105_bt_wv_63_cloud_mask.nc
2026-06-03 16:26:06,223 INFO run_pipeline - [process] 2026-06-03 16:26:06,223 INFO process_modis - Step: loading/resampling cloud mask from MYD35_L2.A2024181.1205.061.2024182150310.hdf
2026-06-03 16:26:06,223 INFO run_pipeline - [process] 2026-06-03 16:26:06,223 INFO process_modis - Step: keeping native L1 grid for cloud mask
2026-06-03 16:26:06,227 INFO run_pipeline - [process] 2026-06-03 16:26:06,227 INFO process_modis - Step: prepared Dataset for MYD021KM.A2024181.1205.061.2024182150039.hdf with vars=bt_ir_105,bt_wv_63,cloud_mask coords=time,crs,latitude,longitude
2026-06-03 16:26:07,495 INFO run_pipeline - [process] 2026-06-03 16:26:07,495 INFO process_modis - Step: keeping native L1 grid for ir_105
2026-06-03 16:26:07,670 INFO run_pipeline - [process] 2026-06-03 16:26:07,669 INFO process_modis - Wrote /sat_data/modis/processed/2024/06/29/20240629T1205_modis_aqua_bt_ir_105_bt_wv_63_cloud_mask.nc
2026-06-03 16:26:07,809 INFO run_pipeline - [process] 2026-06-03 16:26:07,809 INFO process_modis - Step: keeping native L1 grid for wv_63
2026-06-03 16:26:08,272 INFO run_pipeline - [process] 2026-06-03 16:26:08,272 INFO process_modis - Step: loading/resampling cloud mask from MYD35_L2.A2024181.0235.061.2024181161625.hdf
2026-06-03 16:26:08,272 INFO run_pipeline - [process] 2026-06-03 16:26:08,272 INFO process_modis - Step: keeping native L1 grid for cloud mask
2026-06-03 16:26:08,276 INFO run_pipeline - [process] 2026-06-03 16:26:08,276 INFO process_modis - Step: prepared Dataset for MYD021KM.A2024181.0235.061.2024181161433.hdf with vars=bt_ir_105,bt_wv_63,cloud_mask coords=time,crs,latitude,longitude
2026-06-03 16:26:09,747 INFO run_pipeline - [process] 2026-06-03 16:26:09,747 INFO process_modis - Wrote /sat_data/modis/processed/2024/06/29/20240629T0235_modis_aqua_bt_ir_105_bt_wv_63_cloud_mask.nc
2026-06-03 16:26:28,842 INFO run_pipeline - [process] 2026-06-03 16:26:28,842 INFO process_modis - Step: keeping native L1 grid for ir_105
2026-06-03 16:26:29,101 INFO run_pipeline - [process] 2026-06-03 16:26:29,100 INFO process_modis - Step: keeping native L1 grid for wv_63
2026-06-03 16:26:29,564 INFO run_pipeline - [process] 2026-06-03 16:26:29,563 INFO process_modis - Step: loading/resampling cloud mask from MYD35_L2.A2024181.1345.061.2024182150450.hdf
2026-06-03 16:26:29,564 INFO run_pipeline - [process] 2026-06-03 16:26:29,564 INFO process_modis - Step: keeping native L1 grid for cloud mask
2026-06-03 16:26:29,569 INFO run_pipeline - [process] 2026-06-03 16:26:29,569 INFO process_modis - Step: prepared Dataset for MYD021KM.A2024181.1345.061.2024182150235.hdf with vars=bt_ir_105,bt_wv_63,cloud_mask coords=time,crs,latitude,longitude
2026-06-03 16:26:31,063 INFO run_pipeline - [process] 2026-06-03 16:26:31,062 INFO process_modis - Wrote /sat_data/modis/processed/2024/06/29/20240629T1345_modis_aqua_bt_ir_105_bt_wv_63_cloud_mask.nc
2026-06-03 16:26:31,231 INFO run_pipeline - [process] 2026-06-03 16:26:31,230 INFO process_modis - Processed 6 files for aqua in /sat_data/modis/raw/radiances/2024/06/29
2026-06-03 16:26:31,785 INFO run_pipeline - Finished process in 538.43s with return code 0
2026-06-03 16:26:31,786 INFO run_pipeline - Starting upload: /home/Daniele/miniforge3/envs/satpy/bin/python /home/Daniele/codes/MODIS-processing/scripts/2_upload_s3.py --config /home/Daniele/codes/MODIS-processing/config/pipeline_config.yaml --credentials /home/Daniele/codes/MODIS-processing/s3_credentials.py --date 2024-06-29 --log-level INFO --verify
2026-06-03 16:26:37,392 INFO run_pipeline - [upload] 2026-06-03 16:26:37,392 INFO upload_s3 - Uploaded 12 files
2026-06-03 16:26:37,654 INFO run_pipeline - Finished upload in 5.87s with return code 0
2026-06-03 16:26:37,654 INFO run_pipeline - Batch 2024-06-29 finished in download=30.36s process=538.43s upload=5.87s | L1=12 L2=12 processed=12 uploaded=12 errors=0 failed_stage=none
2026-06-03 16:26:37,654 INFO run_pipeline - === Batch 2024-06-30 ===
2026-06-03 16:26:37,654 INFO run_pipeline - Starting download: /home/Daniele/miniforge3/envs/satpy/bin/python /home/Daniele/codes/MODIS-processing/scripts/0_download_modis.py --config /home/Daniele/codes/MODIS-processing/config/pipeline_config.yaml --date 2024-06-30 --log-level INFO
2026-06-03 16:26:38,727 INFO run_pipeline - [download] 2026-06-03 16:26:38,726 INFO download_modis - Searching CMR for MOD021KM between 2024-06-30 00:00:00 and 2024-07-01 00:00:00
2026-06-03 16:26:39,140 INFO run_pipeline - [download] 2026-06-03 16:26:39,140 INFO download_modis - Downloading 6 granules with 6 workers for MOD021KM
2026-06-03 16:26:48,485 INFO run_pipeline - [download] 2026-06-03 16:26:48,485 INFO download_modis - Searching CMR for MOD35_L2 between 2024-06-30 00:00:00 and 2024-07-01 00:00:00
2026-06-03 16:26:48,754 INFO run_pipeline - [download] 2026-06-03 16:26:48,753 INFO download_modis - Downloading 6 granules with 6 workers for MOD35_L2
2026-06-03 16:26:52,773 INFO run_pipeline - [download] 2026-06-03 16:26:52,773 INFO download_modis - terra [2024-06-30 - 2024-07-01] L1 downloaded=6 skipped=6 | L2 downloaded=6 skipped=0
2026-06-03 16:26:52,773 INFO run_pipeline - [download] 2026-06-03 16:26:52,773 INFO download_modis - Searching CMR for MYD021KM between 2024-06-30 00:00:00 and 2024-07-01 00:00:00
2026-06-03 16:26:53,079 INFO run_pipeline - [download] 2026-06-03 16:26:53,079 INFO download_modis - Downloading 6 granules with 6 workers for MYD021KM
2026-06-03 16:27:01,872 INFO run_pipeline - [download] 2026-06-03 16:27:01,872 INFO download_modis - Searching CMR for MYD35_L2 between 2024-06-30 00:00:00 and 2024-07-01 00:00:00
2026-06-03 16:27:04,495 INFO run_pipeline - [download] 2026-06-03 16:27:04,495 INFO download_modis - Downloading 6 granules with 6 workers for MYD35_L2
2026-06-03 16:27:09,033 INFO run_pipeline - [download] 2026-06-03 16:27:09,033 INFO download_modis - aqua [2024-06-30 - 2024-07-01] L1 downloaded=6 skipped=6 | L2 downloaded=6 skipped=0
2026-06-03 16:27:09,242 INFO run_pipeline - Finished download in 31.59s with return code 0
2026-06-03 16:27:09,243 INFO run_pipeline - Starting process: /home/Daniele/miniforge3/envs/satpy/bin/python /home/Daniele/codes/MODIS-processing/scripts/1_process_modis.py --config /home/Daniele/codes/MODIS-processing/config/pipeline_config.yaml --date 2024-06-30 --log-level INFO
2026-06-03 16:27:10,277 INFO run_pipeline - [process] 2026-06-03 16:27:10,277 INFO process_modis - Day terra /sat_data/modis/raw/radiances/2024/06/30: found 6 L1 files and 6 L2 files (dir totals: 12 radiance, 12 cloud)
2026-06-03 16:27:10,278 INFO run_pipeline - [process] 2026-06-03 16:27:10,277 INFO process_modis - Processing 6 granules with 5 workers
2026-06-03 16:27:10,278 INFO run_pipeline - [process] 2026-06-03 16:27:10,278 INFO process_modis - Processing granule MOD021KM.A2024182.0930.061.2024182190843.hdf timestamp=20240630T0930 matched_L2=MOD35_L2.A2024182.0930.061.2024182191223.hdf
2026-06-03 16:27:10,278 INFO run_pipeline - [process] 2026-06-03 16:27:10,278 INFO process_modis - Step: loading BT datasets for MOD021KM.A2024182.0930.061.2024182190843.hdf
2026-06-03 16:27:10,279 INFO run_pipeline - [process] 2026-06-03 16:27:10,279 INFO process_modis - Processing granule MOD021KM.A2024182.0935.061.2024182190756.hdf timestamp=20240630T0935 matched_L2=MOD35_L2.A2024182.0935.061.2024182191117.hdf
2026-06-03 16:27:10,279 INFO run_pipeline - [process] 2026-06-03 16:27:10,279 INFO process_modis - Step: loading BT datasets for MOD021KM.A2024182.0935.061.2024182190756.hdf
2026-06-03 16:27:10,279 INFO run_pipeline - [process] 2026-06-03 16:27:10,279 INFO process_modis - Processing granule MOD021KM.A2024182.1110.061.2024182190750.hdf timestamp=20240630T1110 matched_L2=MOD35_L2.A2024182.1110.061.2024182191046.hdf
2026-06-03 16:27:10,279 INFO run_pipeline - [process] 2026-06-03 16:27:10,279 INFO process_modis - Step: loading BT datasets for MOD021KM.A2024182.1110.061.2024182190750.hdf
2026-06-03 16:27:10,280 INFO run_pipeline - [process] 2026-06-03 16:27:10,280 INFO process_modis - Processing granule MOD021KM.A2024182.1900.061.2024183072851.hdf timestamp=20240630T1900 matched_L2=MOD35_L2.A2024182.1900.061.2024183072959.hdf
2026-06-03 16:27:10,280 INFO run_pipeline - [process] 2026-06-03 16:27:10,280 INFO process_modis - Step: loading BT datasets for MOD021KM.A2024182.1900.061.2024183072851.hdf
2026-06-03 16:27:10,281 INFO run_pipeline - [process] 2026-06-03 16:27:10,281 INFO process_modis - Processing granule MOD021KM.A2024182.1905.061.2024183073002.hdf timestamp=20240630T1905 matched_L2=MOD35_L2.A2024182.1905.061.2024183073249.hdf
2026-06-03 16:27:10,281 INFO run_pipeline - [process] 2026-06-03 16:27:10,281 INFO process_modis - Step: loading BT datasets for MOD021KM.A2024182.1905.061.2024183073002.hdf
2026-06-03 16:27:12,515 INFO run_pipeline - [process] 2026-06-03 16:27:12,515 INFO process_modis - Step: loaded BT datasets for MOD021KM.A2024182.0935.061.2024182190756.hdf: bt_ir_105,bt_wv_63
2026-06-03 16:27:12,525 INFO run_pipeline - [process] 2026-06-03 16:27:12,525 INFO process_modis - Step: loaded BT datasets for MOD021KM.A2024182.0930.061.2024182190843.hdf: bt_ir_105,bt_wv_63
2026-06-03 16:27:12,548 INFO run_pipeline - [process] 2026-06-03 16:27:12,548 INFO process_modis - Step: loaded BT datasets for MOD021KM.A2024182.1900.061.2024183072851.hdf: bt_ir_105,bt_wv_63
2026-06-03 16:27:12,572 INFO run_pipeline - [process] 2026-06-03 16:27:12,572 INFO process_modis - Step: loaded BT datasets for MOD021KM.A2024182.1110.061.2024182190750.hdf: bt_ir_105,bt_wv_63
2026-06-03 16:27:12,578 INFO run_pipeline - [process] 2026-06-03 16:27:12,578 INFO process_modis - Step: loaded BT datasets for MOD021KM.A2024182.1905.061.2024183073002.hdf: bt_ir_105,bt_wv_63
2026-06-03 16:31:06,304 INFO run_pipeline - [process] 2026-06-03 16:31:06,302 INFO process_modis - Step: keeping native L1 grid for ir_105
2026-06-03 16:31:06,619 INFO run_pipeline - [process] 2026-06-03 16:31:06,619 INFO process_modis - Step: keeping native L1 grid for wv_63
2026-06-03 16:31:07,060 INFO run_pipeline - [process] 2026-06-03 16:31:07,059 INFO process_modis - Step: loading/resampling cloud mask from MOD35_L2.A2024182.0935.061.2024182191117.hdf
2026-06-03 16:31:07,060 INFO run_pipeline - [process] 2026-06-03 16:31:07,060 INFO process_modis - Step: keeping native L1 grid for cloud mask
2026-06-03 16:31:07,065 INFO run_pipeline - [process] 2026-06-03 16:31:07,065 INFO process_modis - Step: prepared Dataset for MOD021KM.A2024182.0935.061.2024182190756.hdf with vars=bt_ir_105,bt_wv_63,cloud_mask coords=time,crs,latitude,longitude
2026-06-03 16:31:08,647 INFO run_pipeline - [process] 2026-06-03 16:31:08,646 INFO process_modis - Wrote /sat_data/modis/processed/2024/06/30/20240630T0935_modis_terra_bt_ir_105_bt_wv_63_cloud_mask.nc
2026-06-03 16:31:08,810 INFO run_pipeline - [process] 2026-06-03 16:31:08,810 INFO process_modis - Processing granule MOD021KM.A2024182.2040.061.2024183072850.hdf timestamp=20240630T2040 matched_L2=MOD35_L2.A2024182.2040.061.2024183073019.hdf
2026-06-03 16:31:08,811 INFO run_pipeline - [process] 2026-06-03 16:31:08,810 INFO process_modis - Step: loading BT datasets for MOD021KM.A2024182.2040.061.2024183072850.hdf
2026-06-03 16:31:09,286 INFO run_pipeline - [process] 2026-06-03 16:31:09,286 INFO process_modis - Step: loaded BT datasets for MOD021KM.A2024182.2040.061.2024183072850.hdf: bt_ir_105,bt_wv_63
2026-06-03 16:31:21,088 INFO run_pipeline - [process] 2026-06-03 16:31:21,087 INFO process_modis - Step: keeping native L1 grid for ir_105
2026-06-03 16:31:21,386 INFO run_pipeline - [process] 2026-06-03 16:31:21,386 INFO process_modis - Step: keeping native L1 grid for wv_63
2026-06-03 16:31:21,900 INFO run_pipeline - [process] 2026-06-03 16:31:21,899 INFO process_modis - Step: loading/resampling cloud mask from MOD35_L2.A2024182.1900.061.2024183072959.hdf
2026-06-03 16:31:21,900 INFO run_pipeline - [process] 2026-06-03 16:31:21,900 INFO process_modis - Step: keeping native L1 grid for cloud mask
2026-06-03 16:31:21,904 INFO run_pipeline - [process] 2026-06-03 16:31:21,904 INFO process_modis - Step: prepared Dataset for MOD021KM.A2024182.1900.061.2024183072851.hdf with vars=bt_ir_105,bt_wv_63,cloud_mask coords=time,crs,latitude,longitude
2026-06-03 16:31:23,401 INFO run_pipeline - [process] 2026-06-03 16:31:23,401 INFO process_modis - Wrote /sat_data/modis/processed/2024/06/30/20240630T1900_modis_terra_bt_ir_105_bt_wv_63_cloud_mask.nc
2026-06-03 16:31:24,575 INFO run_pipeline - [process] 2026-06-03 16:31:24,575 INFO process_modis - Step: keeping native L1 grid for ir_105
2026-06-03 16:31:24,864 INFO run_pipeline - [process] 2026-06-03 16:31:24,864 INFO process_modis - Step: keeping native L1 grid for wv_63
2026-06-03 16:31:25,326 INFO run_pipeline - [process] 2026-06-03 16:31:25,326 INFO process_modis - Step: loading/resampling cloud mask from MOD35_L2.A2024182.1110.061.2024182191046.hdf
2026-06-03 16:31:25,327 INFO run_pipeline - [process] 2026-06-03 16:31:25,326 INFO process_modis - Step: keeping native L1 grid for cloud mask
2026-06-03 16:31:25,330 INFO run_pipeline - [process] 2026-06-03 16:31:25,330 INFO process_modis - Step: prepared Dataset for MOD021KM.A2024182.1110.061.2024182190750.hdf with vars=bt_ir_105,bt_wv_63,cloud_mask coords=time,crs,latitude,longitude
2026-06-03 16:31:26,150 INFO run_pipeline - [process] 2026-06-03 16:31:26,150 INFO process_modis - Step: keeping native L1 grid for ir_105
2026-06-03 16:31:26,393 INFO run_pipeline - [process] 2026-06-03 16:31:26,393 INFO process_modis - Step: keeping native L1 grid for wv_63
2026-06-03 16:31:26,926 INFO run_pipeline - [process] 2026-06-03 16:31:26,926 INFO process_modis - Wrote /sat_data/modis/processed/2024/06/30/20240630T1110_modis_terra_bt_ir_105_bt_wv_63_cloud_mask.nc
2026-06-03 16:31:27,110 INFO run_pipeline - [process] 2026-06-03 16:31:27,110 INFO process_modis - Step: loading/resampling cloud mask from MOD35_L2.A2024182.0930.061.2024182191223.hdf
2026-06-03 16:31:27,110 INFO run_pipeline - [process] 2026-06-03 16:31:27,110 INFO process_modis - Step: keeping native L1 grid for cloud mask
2026-06-03 16:31:27,114 INFO run_pipeline - [process] 2026-06-03 16:31:27,113 INFO process_modis - Step: prepared Dataset for MOD021KM.A2024182.0930.061.2024182190843.hdf with vars=bt_ir_105,bt_wv_63,cloud_mask coords=time,crs,latitude,longitude
2026-06-03 16:31:27,438 INFO run_pipeline - [process] 2026-06-03 16:31:27,438 INFO process_modis - Step: keeping native L1 grid for ir_105
2026-06-03 16:31:27,753 INFO run_pipeline - [process] 2026-06-03 16:31:27,753 INFO process_modis - Step: keeping native L1 grid for wv_63
2026-06-03 16:31:28,223 INFO run_pipeline - [process] 2026-06-03 16:31:28,223 INFO process_modis - Step: loading/resampling cloud mask from MOD35_L2.A2024182.1905.061.2024183073249.hdf
2026-06-03 16:31:28,223 INFO run_pipeline - [process] 2026-06-03 16:31:28,223 INFO process_modis - Step: keeping native L1 grid for cloud mask
2026-06-03 16:31:28,227 INFO run_pipeline - [process] 2026-06-03 16:31:28,227 INFO process_modis - Step: prepared Dataset for MOD021KM.A2024182.1905.061.2024183073002.hdf with vars=bt_ir_105,bt_wv_63,cloud_mask coords=time,crs,latitude,longitude
2026-06-03 16:31:30,313 INFO run_pipeline - [process] 2026-06-03 16:31:30,313 INFO process_modis - Wrote /sat_data/modis/processed/2024/06/30/20240630T0930_modis_terra_bt_ir_105_bt_wv_63_cloud_mask.nc
2026-06-03 16:31:31,956 INFO run_pipeline - [process] 2026-06-03 16:31:31,956 INFO process_modis - Wrote /sat_data/modis/processed/2024/06/30/20240630T1905_modis_terra_bt_ir_105_bt_wv_63_cloud_mask.nc
2026-06-03 16:31:57,452 INFO run_pipeline - [process] 2026-06-03 16:31:57,451 INFO process_modis - Step: keeping native L1 grid for ir_105
2026-06-03 16:31:57,703 INFO run_pipeline - [process] 2026-06-03 16:31:57,703 INFO process_modis - Step: keeping native L1 grid for wv_63
2026-06-03 16:31:58,153 INFO run_pipeline - [process] 2026-06-03 16:31:58,153 INFO process_modis - Step: loading/resampling cloud mask from MOD35_L2.A2024182.2040.061.2024183073019.hdf
2026-06-03 16:31:58,153 INFO run_pipeline - [process] 2026-06-03 16:31:58,153 INFO process_modis - Step: keeping native L1 grid for cloud mask
2026-06-03 16:31:58,157 INFO run_pipeline - [process] 2026-06-03 16:31:58,157 INFO process_modis - Step: prepared Dataset for MOD021KM.A2024182.2040.061.2024183072850.hdf with vars=bt_ir_105,bt_wv_63,cloud_mask coords=time,crs,latitude,longitude
2026-06-03 16:31:59,628 INFO run_pipeline - [process] 2026-06-03 16:31:59,628 INFO process_modis - Wrote /sat_data/modis/processed/2024/06/30/20240630T2040_modis_terra_bt_ir_105_bt_wv_63_cloud_mask.nc
2026-06-03 16:31:59,772 INFO run_pipeline - [process] 2026-06-03 16:31:59,771 INFO process_modis - Processed 6 files for terra in /sat_data/modis/raw/radiances/2024/06/30
2026-06-03 16:31:59,777 INFO run_pipeline - [process] 2026-06-03 16:31:59,777 INFO process_modis - Day aqua /sat_data/modis/raw/radiances/2024/06/30: found 6 L1 files and 6 L2 files (dir totals: 12 radiance, 12 cloud)
2026-06-03 16:31:59,778 INFO run_pipeline - [process] 2026-06-03 16:31:59,777 INFO process_modis - Processing 6 granules with 5 workers
2026-06-03 16:31:59,778 INFO run_pipeline - [process] 2026-06-03 16:31:59,778 INFO process_modis - Processing granule MYD021KM.A2024182.0140.061.2024182151949.hdf timestamp=20240630T0140 matched_L2=MYD35_L2.A2024182.0140.061.2024182152057.hdf
2026-06-03 16:31:59,778 INFO run_pipeline - [process] 2026-06-03 16:31:59,778 INFO process_modis - Step: loading BT datasets for MYD021KM.A2024182.0140.061.2024182151949.hdf
2026-06-03 16:31:59,779 INFO run_pipeline - [process] 2026-06-03 16:31:59,779 INFO process_modis - Processing granule MYD021KM.A2024182.0315.061.2024183210412.hdf timestamp=20240630T0315 matched_L2=MYD35_L2.A2024182.0315.061.2024183210531.hdf
2026-06-03 16:31:59,779 INFO run_pipeline - [process] 2026-06-03 16:31:59,779 INFO process_modis - Step: loading BT datasets for MYD021KM.A2024182.0315.061.2024183210412.hdf
2026-06-03 16:31:59,790 INFO run_pipeline - [process] 2026-06-03 16:31:59,790 INFO process_modis - Processing granule MYD021KM.A2024182.0320.061.2024183210134.hdf timestamp=20240630T0320 matched_L2=MYD35_L2.A2024182.0320.061.2024183210220.hdf
2026-06-03 16:31:59,790 INFO run_pipeline - [process] 2026-06-03 16:31:59,790 INFO process_modis - Step: loading BT datasets for MYD021KM.A2024182.0320.061.2024183210134.hdf
2026-06-03 16:31:59,812 INFO run_pipeline - [process] 2026-06-03 16:31:59,812 INFO process_modis - Processing granule MYD021KM.A2024182.1110.061.2024183145019.hdf timestamp=20240630T1110 matched_L2=MYD35_L2.A2024182.1110.061.2024183145214.hdf
2026-06-03 16:31:59,812 INFO run_pipeline - [process] 2026-06-03 16:31:59,812 INFO process_modis - Step: loading BT datasets for MYD021KM.A2024182.1110.061.2024183145019.hdf
2026-06-03 16:31:59,959 INFO run_pipeline - [process] 2026-06-03 16:31:59,959 INFO process_modis - Processing granule MYD021KM.A2024182.1245.061.2024183145717.hdf timestamp=20240630T1245 matched_L2=MYD35_L2.A2024182.1245.061.2024183145849.hdf
2026-06-03 16:31:59,959 INFO run_pipeline - [process] 2026-06-03 16:31:59,959 INFO process_modis - Step: loading BT datasets for MYD021KM.A2024182.1245.061.2024183145717.hdf
2026-06-03 16:32:01,035 INFO run_pipeline - [process] 2026-06-03 16:32:01,035 INFO process_modis - Step: loaded BT datasets for MYD021KM.A2024182.0315.061.2024183210412.hdf: bt_ir_105,bt_wv_63
2026-06-03 16:32:01,044 INFO run_pipeline - [process] 2026-06-03 16:32:01,044 INFO process_modis - Step: loaded BT datasets for MYD021KM.A2024182.0140.061.2024182151949.hdf: bt_ir_105,bt_wv_63
2026-06-03 16:32:01,177 INFO run_pipeline - [process] 2026-06-03 16:32:01,177 INFO process_modis - Step: loaded BT datasets for MYD021KM.A2024182.0320.061.2024183210134.hdf: bt_ir_105,bt_wv_63
2026-06-03 16:32:01,211 INFO run_pipeline - [process] 2026-06-03 16:32:01,211 INFO process_modis - Step: loaded BT datasets for MYD021KM.A2024182.1110.061.2024183145019.hdf: bt_ir_105,bt_wv_63
2026-06-03 16:32:01,296 INFO run_pipeline - [process] 2026-06-03 16:32:01,296 INFO process_modis - Step: loaded BT datasets for MYD021KM.A2024182.1245.061.2024183145717.hdf: bt_ir_105,bt_wv_63
2026-06-03 16:35:32,440 INFO run_pipeline - [process] 2026-06-03 16:35:32,439 INFO process_modis - Step: keeping native L1 grid for ir_105
2026-06-03 16:35:32,766 INFO run_pipeline - [process] 2026-06-03 16:35:32,766 INFO process_modis - Step: keeping native L1 grid for wv_63
2026-06-03 16:35:33,247 INFO run_pipeline - [process] 2026-06-03 16:35:33,247 INFO process_modis - Step: loading/resampling cloud mask from MYD35_L2.A2024182.0320.061.2024183210220.hdf
2026-06-03 16:35:33,248 INFO run_pipeline - [process] 2026-06-03 16:35:33,247 INFO process_modis - Step: keeping native L1 grid for cloud mask
2026-06-03 16:35:33,252 INFO run_pipeline - [process] 2026-06-03 16:35:33,252 INFO process_modis - Step: prepared Dataset for MYD021KM.A2024182.0320.061.2024183210134.hdf with vars=bt_ir_105,bt_wv_63,cloud_mask coords=time,crs,latitude,longitude
2026-06-03 16:35:34,848 INFO run_pipeline - [process] 2026-06-03 16:35:34,848 INFO process_modis - Wrote /sat_data/modis/processed/2024/06/30/20240630T0320_modis_aqua_bt_ir_105_bt_wv_63_cloud_mask.nc
2026-06-03 16:35:34,998 INFO run_pipeline - [process] 2026-06-03 16:35:34,998 INFO process_modis - Processing granule MYD021KM.A2024182.1250.061.2024183145715.hdf timestamp=20240630T1250 matched_L2=MYD35_L2.A2024182.1250.061.2024183145855.hdf
2026-06-03 16:35:34,998 INFO run_pipeline - [process] 2026-06-03 16:35:34,998 INFO process_modis - Step: loading BT datasets for MYD021KM.A2024182.1250.061.2024183145715.hdf
2026-06-03 16:35:35,565 INFO run_pipeline - [process] 2026-06-03 16:35:35,565 INFO process_modis - Step: loaded BT datasets for MYD021KM.A2024182.1250.061.2024183145715.hdf: bt_ir_105,bt_wv_63
2026-06-03 16:36:04,266 INFO run_pipeline - [process] 2026-06-03 16:36:04,265 INFO process_modis - Step: keeping native L1 grid for ir_105
2026-06-03 16:36:04,549 INFO run_pipeline - [process] 2026-06-03 16:36:04,549 INFO process_modis - Step: keeping native L1 grid for wv_63
2026-06-03 16:36:05,015 INFO run_pipeline - [process] 2026-06-03 16:36:05,014 INFO process_modis - Step: loading/resampling cloud mask from MYD35_L2.A2024182.1110.061.2024183145214.hdf
2026-06-03 16:36:05,015 INFO run_pipeline - [process] 2026-06-03 16:36:05,015 INFO process_modis - Step: keeping native L1 grid for cloud mask
2026-06-03 16:36:05,021 INFO run_pipeline - [process] 2026-06-03 16:36:05,020 INFO process_modis - Step: prepared Dataset for MYD021KM.A2024182.1110.061.2024183145019.hdf with vars=bt_ir_105,bt_wv_63,cloud_mask coords=time,crs,latitude,longitude
2026-06-03 16:36:08,829 INFO run_pipeline - [process] 2026-06-03 16:36:08,828 INFO process_modis - Wrote /sat_data/modis/processed/2024/06/30/20240630T1110_modis_aqua_bt_ir_105_bt_wv_63_cloud_mask.nc
2026-06-03 16:36:13,489 INFO run_pipeline - [process] 2026-06-03 16:36:13,489 INFO process_modis - Step: keeping native L1 grid for ir_105
2026-06-03 16:36:13,648 INFO run_pipeline - [process] 2026-06-03 16:36:13,648 INFO process_modis - Step: keeping native L1 grid for ir_105
2026-06-03 16:36:13,786 INFO run_pipeline - [process] 2026-06-03 16:36:13,785 INFO process_modis - Step: keeping native L1 grid for wv_63
2026-06-03 16:36:14,068 INFO run_pipeline - [process] 2026-06-03 16:36:14,067 INFO process_modis - Step: keeping native L1 grid for wv_63
2026-06-03 16:36:14,413 INFO run_pipeline - [process] 2026-06-03 16:36:14,413 INFO process_modis - Step: loading/resampling cloud mask from MYD35_L2.A2024182.1245.061.2024183145849.hdf
2026-06-03 16:36:14,413 INFO run_pipeline - [process] 2026-06-03 16:36:14,413 INFO process_modis - Step: keeping native L1 grid for cloud mask
2026-06-03 16:36:14,417 INFO run_pipeline - [process] 2026-06-03 16:36:14,417 INFO process_modis - Step: prepared Dataset for MYD021KM.A2024182.1245.061.2024183145717.hdf with vars=bt_ir_105,bt_wv_63,cloud_mask coords=time,crs,latitude,longitude
2026-06-03 16:36:14,657 INFO run_pipeline - [process] 2026-06-03 16:36:14,656 INFO process_modis - Step: loading/resampling cloud mask from MYD35_L2.A2024182.0140.061.2024182152057.hdf
2026-06-03 16:36:14,657 INFO run_pipeline - [process] 2026-06-03 16:36:14,656 INFO process_modis - Step: keeping native L1 grid for cloud mask
2026-06-03 16:36:14,660 INFO run_pipeline - [process] 2026-06-03 16:36:14,660 INFO process_modis - Step: prepared Dataset for MYD021KM.A2024182.0140.061.2024182151949.hdf with vars=bt_ir_105,bt_wv_63,cloud_mask coords=time,crs,latitude,longitude
2026-06-03 16:36:15,949 INFO run_pipeline - [process] 2026-06-03 16:36:15,949 INFO process_modis - Step: keeping native L1 grid for ir_105
2026-06-03 16:36:16,067 INFO run_pipeline - [process] 2026-06-03 16:36:16,066 INFO process_modis - Wrote /sat_data/modis/processed/2024/06/30/20240630T1245_modis_aqua_bt_ir_105_bt_wv_63_cloud_mask.nc
2026-06-03 16:36:16,453 INFO run_pipeline - [process] 2026-06-03 16:36:16,453 INFO process_modis - Step: keeping native L1 grid for wv_63
2026-06-03 16:36:16,933 INFO run_pipeline - [process] 2026-06-03 16:36:16,933 INFO process_modis - Step: loading/resampling cloud mask from MYD35_L2.A2024182.0315.061.2024183210531.hdf
2026-06-03 16:36:16,934 INFO run_pipeline - [process] 2026-06-03 16:36:16,933 INFO process_modis - Step: keeping native L1 grid for cloud mask
2026-06-03 16:36:16,939 INFO run_pipeline - [process] 2026-06-03 16:36:16,939 INFO process_modis - Step: prepared Dataset for MYD021KM.A2024182.0315.061.2024183210412.hdf with vars=bt_ir_105,bt_wv_63,cloud_mask coords=time,crs,latitude,longitude
2026-06-03 16:36:17,510 INFO run_pipeline - [process] 2026-06-03 16:36:17,510 INFO process_modis - Wrote /sat_data/modis/processed/2024/06/30/20240630T0140_modis_aqua_bt_ir_105_bt_wv_63_cloud_mask.nc
2026-06-03 16:36:19,304 INFO run_pipeline - [process] 2026-06-03 16:36:19,303 INFO process_modis - Wrote /sat_data/modis/processed/2024/06/30/20240630T0315_modis_aqua_bt_ir_105_bt_wv_63_cloud_mask.nc
2026-06-03 16:36:37,434 INFO run_pipeline - [process] 2026-06-03 16:36:37,434 INFO process_modis - Step: keeping native L1 grid for ir_105
2026-06-03 16:36:37,685 INFO run_pipeline - [process] 2026-06-03 16:36:37,685 INFO process_modis - Step: keeping native L1 grid for wv_63
2026-06-03 16:36:38,122 INFO run_pipeline - [process] 2026-06-03 16:36:38,122 INFO process_modis - Step: loading/resampling cloud mask from MYD35_L2.A2024182.1250.061.2024183145855.hdf
2026-06-03 16:36:38,123 INFO run_pipeline - [process] 2026-06-03 16:36:38,122 INFO process_modis - Step: keeping native L1 grid for cloud mask
2026-06-03 16:36:38,127 INFO run_pipeline - [process] 2026-06-03 16:36:38,127 INFO process_modis - Step: prepared Dataset for MYD021KM.A2024182.1250.061.2024183145715.hdf with vars=bt_ir_105,bt_wv_63,cloud_mask coords=time,crs,latitude,longitude
2026-06-03 16:36:39,643 INFO run_pipeline - [process] 2026-06-03 16:36:39,643 INFO process_modis - Wrote /sat_data/modis/processed/2024/06/30/20240630T1250_modis_aqua_bt_ir_105_bt_wv_63_cloud_mask.nc
2026-06-03 16:36:39,821 INFO run_pipeline - [process] 2026-06-03 16:36:39,821 INFO process_modis - Processed 6 files for aqua in /sat_data/modis/raw/radiances/2024/06/30
2026-06-03 16:36:40,188 INFO run_pipeline - Finished process in 570.95s with return code 0
2026-06-03 16:36:40,188 INFO run_pipeline - Starting upload: /home/Daniele/miniforge3/envs/satpy/bin/python /home/Daniele/codes/MODIS-processing/scripts/2_upload_s3.py --config /home/Daniele/codes/MODIS-processing/config/pipeline_config.yaml --credentials /home/Daniele/codes/MODIS-processing/s3_credentials.py --date 2024-06-30 --log-level INFO --verify
2026-06-03 16:36:45,260 INFO run_pipeline - [upload] 2026-06-03 16:36:45,260 INFO upload_s3 - Uploaded 12 files
2026-06-03 16:36:45,529 INFO run_pipeline - Finished upload in 5.34s with return code 0
2026-06-03 16:36:45,529 INFO run_pipeline - Batch 2024-06-30 finished in download=31.59s process=570.95s upload=5.34s | L1=12 L2=12 processed=12 uploaded=12 errors=0 failed_stage=none
2026-06-03 16:36:45,530 INFO run_pipeline - Pipeline finished for 30 daily batches | total_downloaded_l1=350 total_downloaded_l2=350 total_processed=348 total_uploaded=348 total_errors=4
